ISO-10303-21;
HEADER;
FILE_DESCRIPTION(('Open CASCADE Model'),'2;1');
FILE_NAME('Open CASCADE Shape Model','2026-07-28T16:03:10',('Author'),(
    'Open CASCADE'),'Open CASCADE STEP processor 7.9','Open CASCADE 7.9'
  ,'Unknown');
FILE_SCHEMA(('AUTOMOTIVE_DESIGN { 1 0 10303 214 1 1 1 1 }'));
ENDSEC;
DATA;
#1 = APPLICATION_PROTOCOL_DEFINITION('international standard',
  'automotive_design',2000,#2);
#2 = APPLICATION_CONTEXT(
  'core data for automotive mechanical design processes');
#3 = SHAPE_DEFINITION_REPRESENTATION(#4,#10);
#4 = PRODUCT_DEFINITION_SHAPE('','',#5);
#5 = PRODUCT_DEFINITION('design','',#6,#9);
#6 = PRODUCT_DEFINITION_FORMATION('','',#7);
#7 = PRODUCT('Open CASCADE STEP translator 7.9 1',
  'Open CASCADE STEP translator 7.9 1','',(#8));
#8 = PRODUCT_CONTEXT('',#2,'mechanical');
#9 = PRODUCT_DEFINITION_CONTEXT('part definition',#2,'design');
#10 = ADVANCED_BREP_SHAPE_REPRESENTATION('',(#11,#15),#5027);
#11 = AXIS2_PLACEMENT_3D('',#12,#13,#14);
#12 = CARTESIAN_POINT('',(0.,0.,0.));
#13 = DIRECTION('',(0.,0.,1.));
#14 = DIRECTION('',(1.,0.,-0.));
#15 = MANIFOLD_SOLID_BREP('',#16);
#16 = CLOSED_SHELL('',(#17,#133,#2052,#2101,#3592,#3619,#3652,#3679,
    #3704,#3731,#3758,#3791,#3824,#3851,#3878,#3903,#3928,#3953,#3978,
    #4005,#4032,#4065,#4092,#4119,#4144,#4171,#4196,#4229,#4256,#4283,
    #4316,#4341,#4368,#4395,#4422,#4449,#4482,#4509,#4536,#4563,#4588,
    #4615,#4640,#4667,#4694,#4719,#4744,#4771,#4798,#4831,#4838,#4865,
    #4892,#4919,#4946,#4973,#5000));
#17 = ADVANCED_FACE('',(#18),#32,.F.);
#18 = FACE_BOUND('',#19,.F.);
#19 = EDGE_LOOP('',(#20,#55,#81,#109));
#20 = ORIENTED_EDGE('',*,*,#21,.F.);
#21 = EDGE_CURVE('',#22,#24,#26,.T.);
#22 = VERTEX_POINT('',#23);
#23 = CARTESIAN_POINT('',(18.466373915265,36.102699813323,0.));
#24 = VERTEX_POINT('',#25);
#25 = CARTESIAN_POINT('',(15.759397121971,36.590440590983,0.));
#26 = SURFACE_CURVE('',#27,(#31,#43),.PCURVE_S1.);
#27 = LINE('',#28,#29);
#28 = CARTESIAN_POINT('',(19.7118,35.8783,0.));
#29 = VECTOR('',#30,1.);
#30 = DIRECTION('',(-0.984152569166,0.177323773373,0.));
#31 = PCURVE('',#32,#37);
#32 = PLANE('',#33);
#33 = AXIS2_PLACEMENT_3D('',#34,#35,#36);
#34 = CARTESIAN_POINT('',(19.7118,35.8783,0.));
#35 = DIRECTION('',(-0.177323773373,-0.984152569166,0.));
#36 = DIRECTION('',(-0.984152569166,0.177323773373,0.));
#37 = DEFINITIONAL_REPRESENTATION('',(#38),#42);
#38 = LINE('',#39,#40);
#39 = CARTESIAN_POINT('',(0.,0.));
#40 = VECTOR('',#41,1.);
#41 = DIRECTION('',(1.,0.));
#42 = ( GEOMETRIC_REPRESENTATION_CONTEXT(2) 
PARAMETRIC_REPRESENTATION_CONTEXT() REPRESENTATION_CONTEXT('2D SPACE',''
  ) );
#43 = PCURVE('',#44,#49);
#44 = PLANE('',#45);
#45 = AXIS2_PLACEMENT_3D('',#46,#47,#48);
#46 = CARTESIAN_POINT('',(1.839354830306,19.162375688051,0.));
#47 = DIRECTION('',(0.,0.,1.));
#48 = DIRECTION('',(1.,0.,-0.));
#49 = DEFINITIONAL_REPRESENTATION('',(#50),#54);
#50 = LINE('',#51,#52);
#51 = CARTESIAN_POINT('',(17.872445169694,16.715924311949));
#52 = VECTOR('',#53,1.);
#53 = DIRECTION('',(-0.984152569166,0.177323773373));
#54 = ( GEOMETRIC_REPRESENTATION_CONTEXT(2) 
PARAMETRIC_REPRESENTATION_CONTEXT() REPRESENTATION_CONTEXT('2D SPACE',''
  ) );
#55 = ORIENTED_EDGE('',*,*,#56,.T.);
#56 = EDGE_CURVE('',#22,#57,#59,.T.);
#57 = VERTEX_POINT('',#58);
#58 = CARTESIAN_POINT('',(18.466373915265,36.102699813323,25.));
#59 = SURFACE_CURVE('',#60,(#64,#70),.PCURVE_S1.);
#60 = LINE('',#61,#62);
#61 = CARTESIAN_POINT('',(18.466373915265,36.102699813323,0.));
#62 = VECTOR('',#63,1.);
#63 = DIRECTION('',(0.,0.,1.));
#64 = PCURVE('',#32,#65);
#65 = DEFINITIONAL_REPRESENTATION('',(#66),#69);
#66 = B_SPLINE_CURVE_WITH_KNOTS('',1,(#67,#68),.UNSPECIFIED.,.F.,.F.,(2,
    2),(0.,25.),.PIECEWISE_BEZIER_KNOTS.);
#67 = CARTESIAN_POINT('',(1.265480702641,0.));
#68 = CARTESIAN_POINT('',(1.265480702641,-25.));
#69 = ( GEOMETRIC_REPRESENTATION_CONTEXT(2) 
PARAMETRIC_REPRESENTATION_CONTEXT() REPRESENTATION_CONTEXT('2D SPACE',''
  ) );
#70 = PCURVE('',#71,#76);
#71 = PLANE('',#72);
#72 = AXIS2_PLACEMENT_3D('',#73,#74,#75);
#73 = CARTESIAN_POINT('',(23.053135703846,50.359866736775,0.));
#74 = DIRECTION('',(0.951948756351,-0.306257351391,0.));
#75 = DIRECTION('',(-0.306257351391,-0.951948756351,0.));
#76 = DEFINITIONAL_REPRESENTATION('',(#77),#80);
#77 = B_SPLINE_CURVE_WITH_KNOTS('',1,(#78,#79),.UNSPECIFIED.,.F.,.F.,(2,
    2),(0.,25.),.PIECEWISE_BEZIER_KNOTS.);
#78 = CARTESIAN_POINT('',(14.976821838706,0.));
#79 = CARTESIAN_POINT('',(14.976821838706,-25.));
#80 = ( GEOMETRIC_REPRESENTATION_CONTEXT(2) 
PARAMETRIC_REPRESENTATION_CONTEXT() REPRESENTATION_CONTEXT('2D SPACE',''
  ) );
#81 = ORIENTED_EDGE('',*,*,#82,.T.);
#82 = EDGE_CURVE('',#57,#83,#85,.T.);
#83 = VERTEX_POINT('',#84);
#84 = CARTESIAN_POINT('',(15.759397121971,36.590440590983,25.));
#85 = SURFACE_CURVE('',#86,(#90,#97),.PCURVE_S1.);
#86 = LINE('',#87,#88);
#87 = CARTESIAN_POINT('',(19.7118,35.8783,25.));
#88 = VECTOR('',#89,1.);
#89 = DIRECTION('',(-0.984152569166,0.177323773373,0.));
#90 = PCURVE('',#32,#91);
#91 = DEFINITIONAL_REPRESENTATION('',(#92),#96);
#92 = LINE('',#93,#94);
#93 = CARTESIAN_POINT('',(0.,-25.));
#94 = VECTOR('',#95,1.);
#95 = DIRECTION('',(1.,0.));
#96 = ( GEOMETRIC_REPRESENTATION_CONTEXT(2) 
PARAMETRIC_REPRESENTATION_CONTEXT() REPRESENTATION_CONTEXT('2D SPACE',''
  ) );
#97 = PCURVE('',#98,#103);
#98 = PLANE('',#99);
#99 = AXIS2_PLACEMENT_3D('',#100,#101,#102);
#100 = CARTESIAN_POINT('',(1.839354830306,19.162375688051,25.));
#101 = DIRECTION('',(0.,0.,1.));
#102 = DIRECTION('',(1.,0.,-0.));
#103 = DEFINITIONAL_REPRESENTATION('',(#104),#108);
#104 = LINE('',#105,#106);
#105 = CARTESIAN_POINT('',(17.872445169694,16.715924311949));
#106 = VECTOR('',#107,1.);
#107 = DIRECTION('',(-0.984152569166,0.177323773373));
#108 = ( GEOMETRIC_REPRESENTATION_CONTEXT(2) 
PARAMETRIC_REPRESENTATION_CONTEXT() REPRESENTATION_CONTEXT('2D SPACE',''
  ) );
#109 = ORIENTED_EDGE('',*,*,#110,.T.);
#110 = EDGE_CURVE('',#83,#24,#111,.T.);
#111 = SURFACE_CURVE('',#112,(#116,#122),.PCURVE_S1.);
#112 = LINE('',#113,#114);
#113 = CARTESIAN_POINT('',(15.759397121971,36.590440590983,0.));
#114 = VECTOR('',#115,1.);
#115 = DIRECTION('',(-0.,0.,-1.));
#116 = PCURVE('',#32,#117);
#117 = DEFINITIONAL_REPRESENTATION('',(#118),#121);
#118 = B_SPLINE_CURVE_WITH_KNOTS('',1,(#119,#120),.UNSPECIFIED.,.F.,.F.,
  (2,2),(-25.,0.),.PIECEWISE_BEZIER_KNOTS.);
#119 = CARTESIAN_POINT('',(4.016046903558,-25.));
#120 = CARTESIAN_POINT('',(4.016046903558,0.));
#121 = ( GEOMETRIC_REPRESENTATION_CONTEXT(2) 
PARAMETRIC_REPRESENTATION_CONTEXT() REPRESENTATION_CONTEXT('2D SPACE',''
  ) );
#122 = PCURVE('',#123,#128);
#123 = PLANE('',#124);
#124 = AXIS2_PLACEMENT_3D('',#125,#126,#127);
#125 = CARTESIAN_POINT('',(14.9813414567,26.970218680157,0.));
#126 = DIRECTION('',(-0.996745405027,8.061387943053E-02,0.));
#127 = DIRECTION('',(8.061387943053E-02,0.996745405027,0.));
#128 = DEFINITIONAL_REPRESENTATION('',(#129),#132);
#129 = B_SPLINE_CURVE_WITH_KNOTS('',1,(#130,#131),.UNSPECIFIED.,.F.,.F.,
  (2,2),(-25.,0.),.PIECEWISE_BEZIER_KNOTS.);
#130 = CARTESIAN_POINT('',(9.65163407055,-25.));
#131 = CARTESIAN_POINT('',(9.65163407055,0.));
#132 = ( GEOMETRIC_REPRESENTATION_CONTEXT(2) 
PARAMETRIC_REPRESENTATION_CONTEXT() REPRESENTATION_CONTEXT('2D SPACE',''
  ) );
#133 = ADVANCED_FACE('',(#134,#1835,#1866,#1897,#1928,#1959,#1990,#2021)
  ,#44,.F.);
#134 = FACE_BOUND('',#135,.F.);
#135 = EDGE_LOOP('',(#136,#159,#160,#183,#211,#239,#287,#315,#343,#371,
    #399,#427,#455,#483,#511,#539,#587,#615,#663,#691,#719,#747,#775,
    #803,#831,#879,#907,#935,#963,#1035,#1063,#1237,#1265,#1337,#1365,
    #1393,#1421,#1469,#1497,#1545,#1573,#1601,#1629,#1657,#1685,#1733,
    #1761,#1809));
#136 = ORIENTED_EDGE('',*,*,#137,.F.);
#137 = EDGE_CURVE('',#22,#138,#140,.T.);
#138 = VERTEX_POINT('',#139);
#139 = CARTESIAN_POINT('',(15.646074078635,27.336278665156,0.));
#140 = SURFACE_CURVE('',#141,(#145,#152),.PCURVE_S1.);
#141 = LINE('',#142,#143);
#142 = CARTESIAN_POINT('',(23.053135703846,50.359866736775,0.));
#143 = VECTOR('',#144,1.);
#144 = DIRECTION('',(-0.306257351391,-0.951948756351,0.));
#145 = PCURVE('',#44,#146);
#146 = DEFINITIONAL_REPRESENTATION('',(#147),#151);
#147 = LINE('',#148,#149);
#148 = CARTESIAN_POINT('',(21.21378087354,31.197491048724));
#149 = VECTOR('',#150,1.);
#150 = DIRECTION('',(-0.306257351391,-0.951948756351));
#151 = ( GEOMETRIC_REPRESENTATION_CONTEXT(2) 
PARAMETRIC_REPRESENTATION_CONTEXT() REPRESENTATION_CONTEXT('2D SPACE',''
  ) );
#152 = PCURVE('',#71,#153);
#153 = DEFINITIONAL_REPRESENTATION('',(#154),#158);
#154 = LINE('',#155,#156);
#155 = CARTESIAN_POINT('',(0.,0.));
#156 = VECTOR('',#157,1.);
#157 = DIRECTION('',(1.,0.));
#158 = ( GEOMETRIC_REPRESENTATION_CONTEXT(2) 
PARAMETRIC_REPRESENTATION_CONTEXT() REPRESENTATION_CONTEXT('2D SPACE',''
  ) );
#159 = ORIENTED_EDGE('',*,*,#21,.T.);
#160 = ORIENTED_EDGE('',*,*,#161,.F.);
#161 = EDGE_CURVE('',#162,#24,#164,.T.);
#162 = VERTEX_POINT('',#163);
#163 = CARTESIAN_POINT('',(14.9813414567,26.970218680157,0.));
#164 = SURFACE_CURVE('',#165,(#169,#176),.PCURVE_S1.);
#165 = LINE('',#166,#167);
#166 = CARTESIAN_POINT('',(14.9813414567,26.970218680157,0.));
#167 = VECTOR('',#168,1.);
#168 = DIRECTION('',(8.061387943053E-02,0.996745405027,0.));
#169 = PCURVE('',#44,#170);
#170 = DEFINITIONAL_REPRESENTATION('',(#171),#175);
#171 = LINE('',#172,#173);
#172 = CARTESIAN_POINT('',(13.141986626394,7.807842992106));
#173 = VECTOR('',#174,1.);
#174 = DIRECTION('',(8.061387943053E-02,0.996745405027));
#175 = ( GEOMETRIC_REPRESENTATION_CONTEXT(2) 
PARAMETRIC_REPRESENTATION_CONTEXT() REPRESENTATION_CONTEXT('2D SPACE',''
  ) );
#176 = PCURVE('',#123,#177);
#177 = DEFINITIONAL_REPRESENTATION('',(#178),#182);
#178 = LINE('',#179,#180);
#179 = CARTESIAN_POINT('',(0.,0.));
#180 = VECTOR('',#181,1.);
#181 = DIRECTION('',(1.,0.));
#182 = ( GEOMETRIC_REPRESENTATION_CONTEXT(2) 
PARAMETRIC_REPRESENTATION_CONTEXT() REPRESENTATION_CONTEXT('2D SPACE',''
  ) );
#183 = ORIENTED_EDGE('',*,*,#184,.F.);
#184 = EDGE_CURVE('',#185,#162,#187,.T.);
#185 = VERTEX_POINT('',#186);
#186 = CARTESIAN_POINT('',(9.914041235433,27.380047235188,0.));
#187 = SURFACE_CURVE('',#188,(#192,#199),.PCURVE_S1.);
#188 = LINE('',#189,#190);
#189 = CARTESIAN_POINT('',(0.4288585433,28.147181319843,0.));
#190 = VECTOR('',#191,1.);
#191 = DIRECTION('',(0.996745405027,-8.061387943053E-02,0.));
#192 = PCURVE('',#44,#193);
#193 = DEFINITIONAL_REPRESENTATION('',(#194),#198);
#194 = LINE('',#195,#196);
#195 = CARTESIAN_POINT('',(-1.410496287006,8.984805631792));
#196 = VECTOR('',#197,1.);
#197 = DIRECTION('',(0.996745405027,-8.061387943053E-02));
#198 = ( GEOMETRIC_REPRESENTATION_CONTEXT(2) 
PARAMETRIC_REPRESENTATION_CONTEXT() REPRESENTATION_CONTEXT('2D SPACE',''
  ) );
#199 = PCURVE('',#200,#205);
#200 = PLANE('',#201);
#201 = AXIS2_PLACEMENT_3D('',#202,#203,#204);
#202 = CARTESIAN_POINT('',(0.4288585433,28.147181319843,0.));
#203 = DIRECTION('',(8.061387943053E-02,0.996745405027,-0.));
#204 = DIRECTION('',(0.996745405027,-8.061387943053E-02,0.));
#205 = DEFINITIONAL_REPRESENTATION('',(#206),#210);
#206 = LINE('',#207,#208);
#207 = CARTESIAN_POINT('',(0.,0.));
#208 = VECTOR('',#209,1.);
#209 = DIRECTION('',(1.,0.));
#210 = ( GEOMETRIC_REPRESENTATION_CONTEXT(2) 
PARAMETRIC_REPRESENTATION_CONTEXT() REPRESENTATION_CONTEXT('2D SPACE',''
  ) );
#211 = ORIENTED_EDGE('',*,*,#212,.T.);
#212 = EDGE_CURVE('',#185,#213,#215,.T.);
#213 = VERTEX_POINT('',#214);
#214 = CARTESIAN_POINT('',(4.727,27.795,0.));
#215 = SURFACE_CURVE('',#216,(#220,#227),.PCURVE_S1.);
#216 = LINE('',#217,#218);
#217 = CARTESIAN_POINT('',(10.6359,27.3223,0.));
#218 = VECTOR('',#219,1.);
#219 = DIRECTION('',(-0.996815439454,7.974321078876E-02,0.));
#220 = PCURVE('',#44,#221);
#221 = DEFINITIONAL_REPRESENTATION('',(#222),#226);
#222 = LINE('',#223,#224);
#223 = CARTESIAN_POINT('',(8.796545169694,8.159924311949));
#224 = VECTOR('',#225,1.);
#225 = DIRECTION('',(-0.996815439454,7.974321078876E-02));
#226 = ( GEOMETRIC_REPRESENTATION_CONTEXT(2) 
PARAMETRIC_REPRESENTATION_CONTEXT() REPRESENTATION_CONTEXT('2D SPACE',''
  ) );
#227 = PCURVE('',#228,#233);
#228 = PLANE('',#229);
#229 = AXIS2_PLACEMENT_3D('',#230,#231,#232);
#230 = CARTESIAN_POINT('',(10.6359,27.3223,0.));
#231 = DIRECTION('',(-7.974321078876E-02,-0.996815439454,0.));
#232 = DIRECTION('',(-0.996815439454,7.974321078876E-02,0.));
#233 = DEFINITIONAL_REPRESENTATION('',(#234),#238);
#234 = LINE('',#235,#236);
#235 = CARTESIAN_POINT('',(0.,0.));
#236 = VECTOR('',#237,1.);
#237 = DIRECTION('',(1.,0.));
#238 = ( GEOMETRIC_REPRESENTATION_CONTEXT(2) 
PARAMETRIC_REPRESENTATION_CONTEXT() REPRESENTATION_CONTEXT('2D SPACE',''
  ) );
#239 = ORIENTED_EDGE('',*,*,#240,.T.);
#240 = EDGE_CURVE('',#213,#241,#243,.T.);
#241 = VERTEX_POINT('',#242);
#242 = CARTESIAN_POINT('',(4.668615301949,27.804282081549,0.));
#243 = SURFACE_CURVE('',#244,(#254,#267),.PCURVE_S1.);
#244 = B_SPLINE_CURVE_WITH_KNOTS('',3,(#245,#246,#247,#248,#249,#250,
    #251,#252,#253),.UNSPECIFIED.,.F.,.F.,(4,1,1,1,1,1,4),(0.,
    0.584656377713,1.218849983798,1.854782723952,2.471138797988,
    3.069030636032,3.685348362533),.UNSPECIFIED.);
#245 = CARTESIAN_POINT('',(4.727,27.795,0.));
#246 = CARTESIAN_POINT('',(4.535098577361,27.823603235024,0.));
#247 = CARTESIAN_POINT('',(4.136741986458,27.922032990589,0.));
#248 = CARTESIAN_POINT('',(3.575964658871,28.19593983986,0.));
#249 = CARTESIAN_POINT('',(3.101573939411,28.622372430078,0.));
#250 = CARTESIAN_POINT('',(2.769510687202,29.150040807282,0.));
#251 = CARTESIAN_POINT('',(2.574389156488,29.734095857205,0.));
#252 = CARTESIAN_POINT('',(2.542077823748,30.141636896884,-0.));
#253 = CARTESIAN_POINT('',(2.5526,30.3476,0.));
#254 = PCURVE('',#44,#255);
#255 = DEFINITIONAL_REPRESENTATION('',(#256),#266);
#256 = B_SPLINE_CURVE_WITH_KNOTS('',3,(#257,#258,#259,#260,#261,#262,
    #263,#264,#265),.UNSPECIFIED.,.F.,.F.,(4,1,1,1,1,1,4),(0.,
    0.584656377713,1.218849983798,1.854782723952,2.471138797988,
    3.069030636032,3.685348362533),.UNSPECIFIED.);
#257 = CARTESIAN_POINT('',(2.887645169694,8.632624311949));
#258 = CARTESIAN_POINT('',(2.695743747056,8.661227546973));
#259 = CARTESIAN_POINT('',(2.297387156152,8.759657302538));
#260 = CARTESIAN_POINT('',(1.736609828565,9.033564151809));
#261 = CARTESIAN_POINT('',(1.262219109105,9.459996742027));
#262 = CARTESIAN_POINT('',(0.930155856896,9.98766511923));
#263 = CARTESIAN_POINT('',(0.735034326182,10.571720169154));
#264 = CARTESIAN_POINT('',(0.702722993442,10.979261208833));
#265 = CARTESIAN_POINT('',(0.713245169694,11.185224311949));
#266 = ( GEOMETRIC_REPRESENTATION_CONTEXT(2) 
PARAMETRIC_REPRESENTATION_CONTEXT() REPRESENTATION_CONTEXT('2D SPACE',''
  ) );
#267 = PCURVE('',#268,#281);
#268 = SURFACE_OF_LINEAR_EXTRUSION('',#269,#279);
#269 = B_SPLINE_CURVE_WITH_KNOTS('',3,(#270,#271,#272,#273,#274,#275,
    #276,#277,#278),.UNSPECIFIED.,.F.,.F.,(4,1,1,1,1,1,4),(0.,
    0.584656377713,1.218849983798,1.854782723952,2.471138797988,
    3.069030636032,3.685348362533),.UNSPECIFIED.);
#270 = CARTESIAN_POINT('',(4.727,27.795,0.));
#271 = CARTESIAN_POINT('',(4.535098577361,27.823603235024,0.));
#272 = CARTESIAN_POINT('',(4.136741986458,27.922032990589,0.));
#273 = CARTESIAN_POINT('',(3.575964658871,28.19593983986,0.));
#274 = CARTESIAN_POINT('',(3.101573939411,28.622372430078,0.));
#275 = CARTESIAN_POINT('',(2.769510687202,29.150040807282,0.));
#276 = CARTESIAN_POINT('',(2.574389156488,29.734095857205,0.));
#277 = CARTESIAN_POINT('',(2.542077823748,30.141636896884,-0.));
#278 = CARTESIAN_POINT('',(2.5526,30.3476,0.));
#279 = VECTOR('',#280,1.);
#280 = DIRECTION('',(-0.,-0.,-1.));
#281 = DEFINITIONAL_REPRESENTATION('',(#282),#286);
#282 = LINE('',#283,#284);
#283 = CARTESIAN_POINT('',(0.,0.));
#284 = VECTOR('',#285,1.);
#285 = DIRECTION('',(1.,0.));
#286 = ( GEOMETRIC_REPRESENTATION_CONTEXT(2) 
PARAMETRIC_REPRESENTATION_CONTEXT() REPRESENTATION_CONTEXT('2D SPACE',''
  ) );
#287 = ORIENTED_EDGE('',*,*,#288,.F.);
#288 = EDGE_CURVE('',#289,#241,#291,.T.);
#289 = VERTEX_POINT('',#290);
#290 = CARTESIAN_POINT('',(0.4288585433,28.147181319843,0.));
#291 = SURFACE_CURVE('',#292,(#296,#303),.PCURVE_S1.);
#292 = LINE('',#293,#294);
#293 = CARTESIAN_POINT('',(0.4288585433,28.147181319843,0.));
#294 = VECTOR('',#295,1.);
#295 = DIRECTION('',(0.996745405027,-8.061387943053E-02,0.));
#296 = PCURVE('',#44,#297);
#297 = DEFINITIONAL_REPRESENTATION('',(#298),#302);
#298 = LINE('',#299,#300);
#299 = CARTESIAN_POINT('',(-1.410496287006,8.984805631792));
#300 = VECTOR('',#301,1.);
#301 = DIRECTION('',(0.996745405027,-8.061387943053E-02));
#302 = ( GEOMETRIC_REPRESENTATION_CONTEXT(2) 
PARAMETRIC_REPRESENTATION_CONTEXT() REPRESENTATION_CONTEXT('2D SPACE',''
  ) );
#303 = PCURVE('',#304,#309);
#304 = PLANE('',#305);
#305 = AXIS2_PLACEMENT_3D('',#306,#307,#308);
#306 = CARTESIAN_POINT('',(0.4288585433,28.147181319843,0.));
#307 = DIRECTION('',(8.061387943053E-02,0.996745405027,-0.));
#308 = DIRECTION('',(0.996745405027,-8.061387943053E-02,0.));
#309 = DEFINITIONAL_REPRESENTATION('',(#310),#314);
#310 = LINE('',#311,#312);
#311 = CARTESIAN_POINT('',(0.,0.));
#312 = VECTOR('',#313,1.);
#313 = DIRECTION('',(1.,0.));
#314 = ( GEOMETRIC_REPRESENTATION_CONTEXT(2) 
PARAMETRIC_REPRESENTATION_CONTEXT() REPRESENTATION_CONTEXT('2D SPACE',''
  ) );
#315 = ORIENTED_EDGE('',*,*,#316,.F.);
#316 = EDGE_CURVE('',#317,#289,#319,.T.);
#317 = VERTEX_POINT('',#318);
#318 = CARTESIAN_POINT('',(1.187128379839,37.522762555727,0.));
#319 = SURFACE_CURVE('',#320,(#324,#331),.PCURVE_S1.);
#320 = LINE('',#321,#322);
#321 = CARTESIAN_POINT('',(2.418207692048,52.744367772305,0.));
#322 = VECTOR('',#323,1.);
#323 = DIRECTION('',(-8.061387943053E-02,-0.996745405027,0.));
#324 = PCURVE('',#44,#325);
#325 = DEFINITIONAL_REPRESENTATION('',(#326),#330);
#326 = LINE('',#327,#328);
#327 = CARTESIAN_POINT('',(0.578852861742,33.581992084254));
#328 = VECTOR('',#329,1.);
#329 = DIRECTION('',(-8.061387943053E-02,-0.996745405027));
#330 = ( GEOMETRIC_REPRESENTATION_CONTEXT(2) 
PARAMETRIC_REPRESENTATION_CONTEXT() REPRESENTATION_CONTEXT('2D SPACE',''
  ) );
#331 = PCURVE('',#332,#337);
#332 = PLANE('',#333);
#333 = AXIS2_PLACEMENT_3D('',#334,#335,#336);
#334 = CARTESIAN_POINT('',(2.418207692048,52.744367772305,0.));
#335 = DIRECTION('',(0.996745405027,-8.061387943053E-02,0.));
#336 = DIRECTION('',(-8.061387943053E-02,-0.996745405027,0.));
#337 = DEFINITIONAL_REPRESENTATION('',(#338),#342);
#338 = LINE('',#339,#340);
#339 = CARTESIAN_POINT('',(0.,0.));
#340 = VECTOR('',#341,1.);
#341 = DIRECTION('',(1.,0.));
#342 = ( GEOMETRIC_REPRESENTATION_CONTEXT(2) 
PARAMETRIC_REPRESENTATION_CONTEXT() REPRESENTATION_CONTEXT('2D SPACE',''
  ) );
#343 = ORIENTED_EDGE('',*,*,#344,.T.);
#344 = EDGE_CURVE('',#317,#345,#347,.T.);
#345 = VERTEX_POINT('',#346);
#346 = CARTESIAN_POINT('',(-1.492584609456,37.402083289205,0.));
#347 = SURFACE_CURVE('',#348,(#352,#359),.PCURVE_S1.);
#348 = LINE('',#349,#350);
#349 = CARTESIAN_POINT('',(2.4581,37.58,0.));
#350 = VECTOR('',#351,1.);
#351 = DIRECTION('',(-0.99898749125,-4.498880223025E-02,0.));
#352 = PCURVE('',#44,#353);
#353 = DEFINITIONAL_REPRESENTATION('',(#354),#358);
#354 = LINE('',#355,#356);
#355 = CARTESIAN_POINT('',(0.618745169694,18.417624311949));
#356 = VECTOR('',#357,1.);
#357 = DIRECTION('',(-0.99898749125,-4.498880223025E-02));
#358 = ( GEOMETRIC_REPRESENTATION_CONTEXT(2) 
PARAMETRIC_REPRESENTATION_CONTEXT() REPRESENTATION_CONTEXT('2D SPACE',''
  ) );
#359 = PCURVE('',#360,#365);
#360 = PLANE('',#361);
#361 = AXIS2_PLACEMENT_3D('',#362,#363,#364);
#362 = CARTESIAN_POINT('',(2.4581,37.58,0.));
#363 = DIRECTION('',(4.498880223025E-02,-0.99898749125,0.));
#364 = DIRECTION('',(-0.99898749125,-4.498880223025E-02,0.));
#365 = DEFINITIONAL_REPRESENTATION('',(#366),#370);
#366 = LINE('',#367,#368);
#367 = CARTESIAN_POINT('',(0.,0.));
#368 = VECTOR('',#369,1.);
#369 = DIRECTION('',(1.,0.));
#370 = ( GEOMETRIC_REPRESENTATION_CONTEXT(2) 
PARAMETRIC_REPRESENTATION_CONTEXT() REPRESENTATION_CONTEXT('2D SPACE',''
  ) );
#371 = ORIENTED_EDGE('',*,*,#372,.F.);
#372 = EDGE_CURVE('',#373,#345,#375,.T.);
#373 = VERTEX_POINT('',#374);
#374 = CARTESIAN_POINT('',(-1.41778356996E-02,27.60831864283,0.));
#375 = SURFACE_CURVE('',#376,(#380,#387),.PCURVE_S1.);
#376 = LINE('',#377,#378);
#377 = CARTESIAN_POINT('',(-1.41778356996E-02,27.60831864283,0.));
#378 = VECTOR('',#379,1.);
#379 = DIRECTION('',(-0.149262827785,0.988797556753,0.));
#380 = PCURVE('',#44,#381);
#381 = DEFINITIONAL_REPRESENTATION('',(#382),#386);
#382 = LINE('',#383,#384);
#383 = CARTESIAN_POINT('',(-1.853532666005,8.445942954779));
#384 = VECTOR('',#385,1.);
#385 = DIRECTION('',(-0.149262827785,0.988797556753));
#386 = ( GEOMETRIC_REPRESENTATION_CONTEXT(2) 
PARAMETRIC_REPRESENTATION_CONTEXT() REPRESENTATION_CONTEXT('2D SPACE',''
  ) );
#387 = PCURVE('',#388,#393);
#388 = PLANE('',#389);
#389 = AXIS2_PLACEMENT_3D('',#390,#391,#392);
#390 = CARTESIAN_POINT('',(-1.41778356996E-02,27.60831864283,0.));
#391 = DIRECTION('',(-0.988797556753,-0.149262827785,0.));
#392 = DIRECTION('',(-0.149262827785,0.988797556753,0.));
#393 = DEFINITIONAL_REPRESENTATION('',(#394),#398);
#394 = LINE('',#395,#396);
#395 = CARTESIAN_POINT('',(0.,0.));
#396 = VECTOR('',#397,1.);
#397 = DIRECTION('',(1.,0.));
#398 = ( GEOMETRIC_REPRESENTATION_CONTEXT(2) 
PARAMETRIC_REPRESENTATION_CONTEXT() REPRESENTATION_CONTEXT('2D SPACE',''
  ) );
#399 = ORIENTED_EDGE('',*,*,#400,.F.);
#400 = EDGE_CURVE('',#401,#373,#403,.T.);
#401 = VERTEX_POINT('',#402);
#402 = CARTESIAN_POINT('',(-14.4506221643,25.42908135717,0.));
#403 = SURFACE_CURVE('',#404,(#408,#415),.PCURVE_S1.);
#404 = LINE('',#405,#406);
#405 = CARTESIAN_POINT('',(-14.4506221643,25.42908135717,0.));
#406 = VECTOR('',#407,1.);
#407 = DIRECTION('',(0.988797556753,0.149262827785,0.));
#408 = PCURVE('',#44,#409);
#409 = DEFINITIONAL_REPRESENTATION('',(#410),#414);
#410 = LINE('',#411,#412);
#411 = CARTESIAN_POINT('',(-16.2899769946,6.266705669119));
#412 = VECTOR('',#413,1.);
#413 = DIRECTION('',(0.988797556753,0.149262827785));
#414 = ( GEOMETRIC_REPRESENTATION_CONTEXT(2) 
PARAMETRIC_REPRESENTATION_CONTEXT() REPRESENTATION_CONTEXT('2D SPACE',''
  ) );
#415 = PCURVE('',#416,#421);
#416 = PLANE('',#417);
#417 = AXIS2_PLACEMENT_3D('',#418,#419,#420);
#418 = CARTESIAN_POINT('',(-14.4506221643,25.42908135717,0.));
#419 = DIRECTION('',(-0.149262827785,0.988797556753,0.));
#420 = DIRECTION('',(0.988797556753,0.149262827785,0.));
#421 = DEFINITIONAL_REPRESENTATION('',(#422),#426);
#422 = LINE('',#423,#424);
#423 = CARTESIAN_POINT('',(0.,0.));
#424 = VECTOR('',#425,1.);
#425 = DIRECTION('',(1.,0.));
#426 = ( GEOMETRIC_REPRESENTATION_CONTEXT(2) 
PARAMETRIC_REPRESENTATION_CONTEXT() REPRESENTATION_CONTEXT('2D SPACE',''
  ) );
#427 = ORIENTED_EDGE('',*,*,#428,.F.);
#428 = EDGE_CURVE('',#429,#401,#431,.T.);
#429 = VERTEX_POINT('',#430);
#430 = CARTESIAN_POINT('',(-15.89101594873,34.971027439476,0.));
#431 = SURFACE_CURVE('',#432,(#436,#443),.PCURVE_S1.);
#432 = LINE('',#433,#434);
#433 = CARTESIAN_POINT('',(-18.21267666494,50.350961464983,0.));
#434 = VECTOR('',#435,1.);
#435 = DIRECTION('',(0.149262827785,-0.988797556753,0.));
#436 = PCURVE('',#44,#437);
#437 = DEFINITIONAL_REPRESENTATION('',(#438),#442);
#438 = LINE('',#439,#440);
#439 = CARTESIAN_POINT('',(-20.05203149524,31.188585776932));
#440 = VECTOR('',#441,1.);
#441 = DIRECTION('',(0.149262827785,-0.988797556753));
#442 = ( GEOMETRIC_REPRESENTATION_CONTEXT(2) 
PARAMETRIC_REPRESENTATION_CONTEXT() REPRESENTATION_CONTEXT('2D SPACE',''
  ) );
#443 = PCURVE('',#444,#449);
#444 = PLANE('',#445);
#445 = AXIS2_PLACEMENT_3D('',#446,#447,#448);
#446 = CARTESIAN_POINT('',(-18.21267666494,50.350961464983,0.));
#447 = DIRECTION('',(0.988797556753,0.149262827785,-0.));
#448 = DIRECTION('',(0.149262827785,-0.988797556753,0.));
#449 = DEFINITIONAL_REPRESENTATION('',(#450),#454);
#450 = LINE('',#451,#452);
#451 = CARTESIAN_POINT('',(0.,0.));
#452 = VECTOR('',#453,1.);
#453 = DIRECTION('',(1.,0.));
#454 = ( GEOMETRIC_REPRESENTATION_CONTEXT(2) 
PARAMETRIC_REPRESENTATION_CONTEXT() REPRESENTATION_CONTEXT('2D SPACE',''
  ) );
#455 = ORIENTED_EDGE('',*,*,#456,.T.);
#456 = EDGE_CURVE('',#429,#457,#459,.T.);
#457 = VERTEX_POINT('',#458);
#458 = CARTESIAN_POINT('',(-18.43042551662,34.24548915761,0.));
#459 = SURFACE_CURVE('',#460,(#464,#471),.PCURVE_S1.);
#460 = LINE('',#461,#462);
#461 = CARTESIAN_POINT('',(-14.7011,35.311,0.));
#462 = VECTOR('',#463,1.);
#463 = DIRECTION('',(-0.961524678668,-0.274718569291,0.));
#464 = PCURVE('',#44,#465);
#465 = DEFINITIONAL_REPRESENTATION('',(#466),#470);
#466 = LINE('',#467,#468);
#467 = CARTESIAN_POINT('',(-16.5404548303,16.148624311949));
#468 = VECTOR('',#469,1.);
#469 = DIRECTION('',(-0.961524678668,-0.274718569291));
#470 = ( GEOMETRIC_REPRESENTATION_CONTEXT(2) 
PARAMETRIC_REPRESENTATION_CONTEXT() REPRESENTATION_CONTEXT('2D SPACE',''
  ) );
#471 = PCURVE('',#472,#477);
#472 = PLANE('',#473);
#473 = AXIS2_PLACEMENT_3D('',#474,#475,#476);
#474 = CARTESIAN_POINT('',(-14.7011,35.311,0.));
#475 = DIRECTION('',(0.274718569291,-0.961524678668,0.));
#476 = DIRECTION('',(-0.961524678668,-0.274718569291,0.));
#477 = DEFINITIONAL_REPRESENTATION('',(#478),#482);
#478 = LINE('',#479,#480);
#479 = CARTESIAN_POINT('',(0.,0.));
#480 = VECTOR('',#481,1.);
#481 = DIRECTION('',(1.,0.));
#482 = ( GEOMETRIC_REPRESENTATION_CONTEXT(2) 
PARAMETRIC_REPRESENTATION_CONTEXT() REPRESENTATION_CONTEXT('2D SPACE',''
  ) );
#483 = ORIENTED_EDGE('',*,*,#484,.F.);
#484 = EDGE_CURVE('',#485,#457,#487,.T.);
#485 = VERTEX_POINT('',#486);
#486 = CARTESIAN_POINT('',(-14.87246984719,25.354875893761,0.));
#487 = SURFACE_CURVE('',#488,(#492,#499),.PCURVE_S1.);
#488 = LINE('',#489,#490);
#489 = CARTESIAN_POINT('',(-14.87246984719,25.354875893761,0.));
#490 = VECTOR('',#491,1.);
#491 = DIRECTION('',(-0.371544642981,0.928415089425,0.));
#492 = PCURVE('',#44,#493);
#493 = DEFINITIONAL_REPRESENTATION('',(#494),#498);
#494 = LINE('',#495,#496);
#495 = CARTESIAN_POINT('',(-16.7118246775,6.19250020571));
#496 = VECTOR('',#497,1.);
#497 = DIRECTION('',(-0.371544642981,0.928415089425));
#498 = ( GEOMETRIC_REPRESENTATION_CONTEXT(2) 
PARAMETRIC_REPRESENTATION_CONTEXT() REPRESENTATION_CONTEXT('2D SPACE',''
  ) );
#499 = PCURVE('',#500,#505);
#500 = PLANE('',#501);
#501 = AXIS2_PLACEMENT_3D('',#502,#503,#504);
#502 = CARTESIAN_POINT('',(-14.87246984719,25.354875893761,0.));
#503 = DIRECTION('',(-0.928415089425,-0.371544642981,0.));
#504 = DIRECTION('',(-0.371544642981,0.928415089425,0.));
#505 = DEFINITIONAL_REPRESENTATION('',(#506),#510);
#506 = LINE('',#507,#508);
#507 = CARTESIAN_POINT('',(0.,0.));
#508 = VECTOR('',#509,1.);
#509 = DIRECTION('',(1.,0.));
#510 = ( GEOMETRIC_REPRESENTATION_CONTEXT(2) 
PARAMETRIC_REPRESENTATION_CONTEXT() REPRESENTATION_CONTEXT('2D SPACE',''
  ) );
#511 = ORIENTED_EDGE('',*,*,#512,.F.);
#512 = EDGE_CURVE('',#513,#485,#515,.T.);
#513 = VERTEX_POINT('',#514);
#514 = CARTESIAN_POINT('',(-18.51748925324,23.896166907549,0.));
#515 = SURFACE_CURVE('',#516,(#520,#527),.PCURVE_S1.);
#516 = LINE('',#517,#518);
#517 = CARTESIAN_POINT('',(-28.4273301528,19.930324106239,0.));
#518 = VECTOR('',#519,1.);
#519 = DIRECTION('',(0.928415089425,0.371544642981,0.));
#520 = PCURVE('',#44,#521);
#521 = DEFINITIONAL_REPRESENTATION('',(#522),#526);
#522 = LINE('',#523,#524);
#523 = CARTESIAN_POINT('',(-30.2666849831,0.767948418188));
#524 = VECTOR('',#525,1.);
#525 = DIRECTION('',(0.928415089425,0.371544642981));
#526 = ( GEOMETRIC_REPRESENTATION_CONTEXT(2) 
PARAMETRIC_REPRESENTATION_CONTEXT() REPRESENTATION_CONTEXT('2D SPACE',''
  ) );
#527 = PCURVE('',#528,#533);
#528 = PLANE('',#529);
#529 = AXIS2_PLACEMENT_3D('',#530,#531,#532);
#530 = CARTESIAN_POINT('',(-28.4273301528,19.930324106239,0.));
#531 = DIRECTION('',(-0.371544642981,0.928415089425,0.));
#532 = DIRECTION('',(0.928415089425,0.371544642981,0.));
#533 = DEFINITIONAL_REPRESENTATION('',(#534),#538);
#534 = LINE('',#535,#536);
#535 = CARTESIAN_POINT('',(0.,0.));
#536 = VECTOR('',#537,1.);
#537 = DIRECTION('',(1.,0.));
#538 = ( GEOMETRIC_REPRESENTATION_CONTEXT(2) 
PARAMETRIC_REPRESENTATION_CONTEXT() REPRESENTATION_CONTEXT('2D SPACE',''
  ) );
#539 = ORIENTED_EDGE('',*,*,#540,.T.);
#540 = EDGE_CURVE('',#513,#541,#543,.T.);
#541 = VERTEX_POINT('',#542);
#542 = CARTESIAN_POINT('',(-18.9082,23.7298,0.));
#543 = SURFACE_CURVE('',#544,(#554,#567),.PCURVE_S1.);
#544 = B_SPLINE_CURVE_WITH_KNOTS('',3,(#545,#546,#547,#548,#549,#550,
    #551,#552,#553),.UNSPECIFIED.,.F.,.F.,(4,1,1,1,1,1,4),(0.,
    0.584753392466,1.246553392466,1.831209770178,2.487962463359,
    3.089568912792,3.723807235507),.UNSPECIFIED.);
#545 = CARTESIAN_POINT('',(-17.5846,26.8024,0.));
#546 = CARTESIAN_POINT('',(-17.51516440164,26.619745428291,0.));
#547 = CARTESIAN_POINT('',(-17.41403030883,26.212704176746,0.));
#548 = CARTESIAN_POINT('',(-17.41579370081,25.596311461255,0.));
#549 = CARTESIAN_POINT('',(-17.56350075259,24.971691080296,0.));
#550 = CARTESIAN_POINT('',(-17.885212129,24.438761726929,0.));
#551 = CARTESIAN_POINT('',(-18.32966252791,23.97975373903,0.));
#552 = CARTESIAN_POINT('',(-18.69964246684,23.788613844034,-0.));
#553 = CARTESIAN_POINT('',(-18.9082,23.7298,0.));
#554 = PCURVE('',#44,#555);
#555 = DEFINITIONAL_REPRESENTATION('',(#556),#566);
#556 = B_SPLINE_CURVE_WITH_KNOTS('',3,(#557,#558,#559,#560,#561,#562,
    #563,#564,#565),.UNSPECIFIED.,.F.,.F.,(4,1,1,1,1,1,4),(0.,
    0.584753392466,1.246553392466,1.831209770178,2.487962463359,
    3.089568912792,3.723807235507),.UNSPECIFIED.);
#557 = CARTESIAN_POINT('',(-19.4239548303,7.640024311949));
#558 = CARTESIAN_POINT('',(-19.35451923195,7.45736974024));
#559 = CARTESIAN_POINT('',(-19.25338513914,7.050328488695));
#560 = CARTESIAN_POINT('',(-19.25514853111,6.433935773204));
#561 = CARTESIAN_POINT('',(-19.4028555829,5.809315392245));
#562 = CARTESIAN_POINT('',(-19.7245669593,5.276386038877));
#563 = CARTESIAN_POINT('',(-20.16901735821,4.817378050979));
#564 = CARTESIAN_POINT('',(-20.53899729714,4.626238155983));
#565 = CARTESIAN_POINT('',(-20.7475548303,4.567424311949));
#566 = ( GEOMETRIC_REPRESENTATION_CONTEXT(2) 
PARAMETRIC_REPRESENTATION_CONTEXT() REPRESENTATION_CONTEXT('2D SPACE',''
  ) );
#567 = PCURVE('',#568,#581);
#568 = SURFACE_OF_LINEAR_EXTRUSION('',#569,#579);
#569 = B_SPLINE_CURVE_WITH_KNOTS('',3,(#570,#571,#572,#573,#574,#575,
    #576,#577,#578),.UNSPECIFIED.,.F.,.F.,(4,1,1,1,1,1,4),(0.,
    0.584753392466,1.246553392466,1.831209770178,2.487962463359,
    3.089568912792,3.723807235507),.UNSPECIFIED.);
#570 = CARTESIAN_POINT('',(-17.5846,26.8024,0.));
#571 = CARTESIAN_POINT('',(-17.51516440164,26.619745428291,0.));
#572 = CARTESIAN_POINT('',(-17.41403030883,26.212704176746,0.));
#573 = CARTESIAN_POINT('',(-17.41579370081,25.596311461255,0.));
#574 = CARTESIAN_POINT('',(-17.56350075259,24.971691080296,0.));
#575 = CARTESIAN_POINT('',(-17.885212129,24.438761726929,0.));
#576 = CARTESIAN_POINT('',(-18.32966252791,23.97975373903,0.));
#577 = CARTESIAN_POINT('',(-18.69964246684,23.788613844034,-0.));
#578 = CARTESIAN_POINT('',(-18.9082,23.7298,0.));
#579 = VECTOR('',#580,1.);
#580 = DIRECTION('',(-0.,-0.,-1.));
#581 = DEFINITIONAL_REPRESENTATION('',(#582),#586);
#582 = LINE('',#583,#584);
#583 = CARTESIAN_POINT('',(0.,0.));
#584 = VECTOR('',#585,1.);
#585 = DIRECTION('',(1.,0.));
#586 = ( GEOMETRIC_REPRESENTATION_CONTEXT(2) 
PARAMETRIC_REPRESENTATION_CONTEXT() REPRESENTATION_CONTEXT('2D SPACE',''
  ) );
#587 = ORIENTED_EDGE('',*,*,#588,.T.);
#588 = EDGE_CURVE('',#541,#589,#591,.T.);
#589 = VERTEX_POINT('',#590);
#590 = CARTESIAN_POINT('',(-24.3916,21.5081,0.));
#591 = SURFACE_CURVE('',#592,(#596,#603),.PCURVE_S1.);
#592 = LINE('',#593,#594);
#593 = CARTESIAN_POINT('',(-18.9082,23.7298,0.));
#594 = VECTOR('',#595,1.);
#595 = DIRECTION('',(-0.926815754305,-0.375516387887,0.));
#596 = PCURVE('',#44,#597);
#597 = DEFINITIONAL_REPRESENTATION('',(#598),#602);
#598 = LINE('',#599,#600);
#599 = CARTESIAN_POINT('',(-20.7475548303,4.567424311949));
#600 = VECTOR('',#601,1.);
#601 = DIRECTION('',(-0.926815754305,-0.375516387887));
#602 = ( GEOMETRIC_REPRESENTATION_CONTEXT(2) 
PARAMETRIC_REPRESENTATION_CONTEXT() REPRESENTATION_CONTEXT('2D SPACE',''
  ) );
#603 = PCURVE('',#604,#609);
#604 = PLANE('',#605);
#605 = AXIS2_PLACEMENT_3D('',#606,#607,#608);
#606 = CARTESIAN_POINT('',(-18.9082,23.7298,0.));
#607 = DIRECTION('',(0.375516387887,-0.926815754305,0.));
#608 = DIRECTION('',(-0.926815754305,-0.375516387887,0.));
#609 = DEFINITIONAL_REPRESENTATION('',(#610),#614);
#610 = LINE('',#611,#612);
#611 = CARTESIAN_POINT('',(0.,0.));
#612 = VECTOR('',#613,1.);
#613 = DIRECTION('',(1.,0.));
#614 = ( GEOMETRIC_REPRESENTATION_CONTEXT(2) 
PARAMETRIC_REPRESENTATION_CONTEXT() REPRESENTATION_CONTEXT('2D SPACE',''
  ) );
#615 = ORIENTED_EDGE('',*,*,#616,.T.);
#616 = EDGE_CURVE('',#589,#617,#619,.T.);
#617 = VERTEX_POINT('',#618);
#618 = CARTESIAN_POINT('',(-24.73521220966,21.407881568039,0.));
#619 = SURFACE_CURVE('',#620,(#630,#643),.PCURVE_S1.);
#620 = B_SPLINE_CURVE_WITH_KNOTS('',3,(#621,#622,#623,#624,#625,#626,
    #627,#628,#629),.UNSPECIFIED.,.F.,.F.,(4,1,1,1,1,1,4),(0.,
    0.584656377713,1.246456377713,1.844316595489,2.50106928867,
    3.102746452937,3.736895331356),.UNSPECIFIED.);
#621 = CARTESIAN_POINT('',(-24.3916,21.5081,0.));
#622 = CARTESIAN_POINT('',(-24.57295770549,21.44300442464,0.));
#623 = CARTESIAN_POINT('',(-24.98055163535,21.339805038649,0.));
#624 = CARTESIAN_POINT('',(-25.60701414974,21.32233789136,0.));
#625 = CARTESIAN_POINT('',(-26.21314041993,21.549833483502,0.));
#626 = CARTESIAN_POINT('',(-26.75650625311,21.851360955581,0.));
#627 = CARTESIAN_POINT('',(-27.21370998819,22.301757507029,0.));
#628 = CARTESIAN_POINT('',(-27.405245372,22.670406311928,-0.));
#629 = CARTESIAN_POINT('',(-27.4641,22.8789,0.));
#630 = PCURVE('',#44,#631);
#631 = DEFINITIONAL_REPRESENTATION('',(#632),#642);
#632 = B_SPLINE_CURVE_WITH_KNOTS('',3,(#633,#634,#635,#636,#637,#638,
    #639,#640,#641),.UNSPECIFIED.,.F.,.F.,(4,1,1,1,1,1,4),(0.,
    0.584656377713,1.246456377713,1.844316595489,2.50106928867,
    3.102746452937,3.736895331356),.UNSPECIFIED.);
#633 = CARTESIAN_POINT('',(-26.2309548303,2.345724311949));
#634 = CARTESIAN_POINT('',(-26.4123125358,2.280628736589));
#635 = CARTESIAN_POINT('',(-26.81990646566,2.177429350598));
#636 = CARTESIAN_POINT('',(-27.44636898005,2.159962203309));
#637 = CARTESIAN_POINT('',(-28.05249525024,2.387457795451));
#638 = CARTESIAN_POINT('',(-28.59586108342,2.68898526753));
#639 = CARTESIAN_POINT('',(-29.05306481849,3.139381818978));
#640 = CARTESIAN_POINT('',(-29.2446002023,3.508030623877));
#641 = CARTESIAN_POINT('',(-29.3034548303,3.716524311949));
#642 = ( GEOMETRIC_REPRESENTATION_CONTEXT(2) 
PARAMETRIC_REPRESENTATION_CONTEXT() REPRESENTATION_CONTEXT('2D SPACE',''
  ) );
#643 = PCURVE('',#644,#657);
#644 = SURFACE_OF_LINEAR_EXTRUSION('',#645,#655);
#645 = B_SPLINE_CURVE_WITH_KNOTS('',3,(#646,#647,#648,#649,#650,#651,
    #652,#653,#654),.UNSPECIFIED.,.F.,.F.,(4,1,1,1,1,1,4),(0.,
    0.584656377713,1.246456377713,1.844316595489,2.50106928867,
    3.102746452937,3.736895331356),.UNSPECIFIED.);
#646 = CARTESIAN_POINT('',(-24.3916,21.5081,0.));
#647 = CARTESIAN_POINT('',(-24.57295770549,21.44300442464,0.));
#648 = CARTESIAN_POINT('',(-24.98055163535,21.339805038649,0.));
#649 = CARTESIAN_POINT('',(-25.60701414974,21.32233789136,0.));
#650 = CARTESIAN_POINT('',(-26.21314041993,21.549833483502,0.));
#651 = CARTESIAN_POINT('',(-26.75650625311,21.851360955581,0.));
#652 = CARTESIAN_POINT('',(-27.21370998819,22.301757507029,0.));
#653 = CARTESIAN_POINT('',(-27.405245372,22.670406311928,-0.));
#654 = CARTESIAN_POINT('',(-27.4641,22.8789,0.));
#655 = VECTOR('',#656,1.);
#656 = DIRECTION('',(-0.,-0.,-1.));
#657 = DEFINITIONAL_REPRESENTATION('',(#658),#662);
#658 = LINE('',#659,#660);
#659 = CARTESIAN_POINT('',(0.,0.));
#660 = VECTOR('',#661,1.);
#661 = DIRECTION('',(1.,0.));
#662 = ( GEOMETRIC_REPRESENTATION_CONTEXT(2) 
PARAMETRIC_REPRESENTATION_CONTEXT() REPRESENTATION_CONTEXT('2D SPACE',''
  ) );
#663 = ORIENTED_EDGE('',*,*,#664,.F.);
#664 = EDGE_CURVE('',#665,#617,#667,.T.);
#665 = VERTEX_POINT('',#666);
#666 = CARTESIAN_POINT('',(-28.4273301528,19.930324106239,0.));
#667 = SURFACE_CURVE('',#668,(#672,#679),.PCURVE_S1.);
#668 = LINE('',#669,#670);
#669 = CARTESIAN_POINT('',(-28.4273301528,19.930324106239,0.));
#670 = VECTOR('',#671,1.);
#671 = DIRECTION('',(0.928415089425,0.371544642981,0.));
#672 = PCURVE('',#44,#673);
#673 = DEFINITIONAL_REPRESENTATION('',(#674),#678);
#674 = LINE('',#675,#676);
#675 = CARTESIAN_POINT('',(-30.2666849831,0.767948418188));
#676 = VECTOR('',#677,1.);
#677 = DIRECTION('',(0.928415089425,0.371544642981));
#678 = ( GEOMETRIC_REPRESENTATION_CONTEXT(2) 
PARAMETRIC_REPRESENTATION_CONTEXT() REPRESENTATION_CONTEXT('2D SPACE',''
  ) );
#679 = PCURVE('',#680,#685);
#680 = PLANE('',#681);
#681 = AXIS2_PLACEMENT_3D('',#682,#683,#684);
#682 = CARTESIAN_POINT('',(-28.4273301528,19.930324106239,0.));
#683 = DIRECTION('',(-0.371544642981,0.928415089425,0.));
#684 = DIRECTION('',(0.928415089425,0.371544642981,0.));
#685 = DEFINITIONAL_REPRESENTATION('',(#686),#690);
#686 = LINE('',#687,#688);
#687 = CARTESIAN_POINT('',(0.,0.));
#688 = VECTOR('',#689,1.);
#689 = DIRECTION('',(1.,0.));
#690 = ( GEOMETRIC_REPRESENTATION_CONTEXT(2) 
PARAMETRIC_REPRESENTATION_CONTEXT() REPRESENTATION_CONTEXT('2D SPACE',''
  ) );
#691 = ORIENTED_EDGE('',*,*,#692,.F.);
#692 = EDGE_CURVE('',#693,#665,#695,.T.);
#693 = VERTEX_POINT('',#694);
#694 = CARTESIAN_POINT('',(-31.8923667936,28.588751467544,0.));
#695 = SURFACE_CURVE('',#696,(#700,#707),.PCURVE_S1.);
#696 = LINE('',#697,#698);
#697 = CARTESIAN_POINT('',(-37.77724802109,43.293882154494,0.));
#698 = VECTOR('',#699,1.);
#699 = DIRECTION('',(0.371544642981,-0.928415089425,0.));
#700 = PCURVE('',#44,#701);
#701 = DEFINITIONAL_REPRESENTATION('',(#702),#706);
#702 = LINE('',#703,#704);
#703 = CARTESIAN_POINT('',(-39.61660285139,24.131506466442));
#704 = VECTOR('',#705,1.);
#705 = DIRECTION('',(0.371544642981,-0.928415089425));
#706 = ( GEOMETRIC_REPRESENTATION_CONTEXT(2) 
PARAMETRIC_REPRESENTATION_CONTEXT() REPRESENTATION_CONTEXT('2D SPACE',''
  ) );
#707 = PCURVE('',#708,#713);
#708 = PLANE('',#709);
#709 = AXIS2_PLACEMENT_3D('',#710,#711,#712);
#710 = CARTESIAN_POINT('',(-37.77724802109,43.293882154494,0.));
#711 = DIRECTION('',(0.928415089425,0.371544642981,-0.));
#712 = DIRECTION('',(0.371544642981,-0.928415089425,0.));
#713 = DEFINITIONAL_REPRESENTATION('',(#714),#718);
#714 = LINE('',#715,#716);
#715 = CARTESIAN_POINT('',(0.,0.));
#716 = VECTOR('',#717,1.);
#717 = DIRECTION('',(1.,0.));
#718 = ( GEOMETRIC_REPRESENTATION_CONTEXT(2) 
PARAMETRIC_REPRESENTATION_CONTEXT() REPRESENTATION_CONTEXT('2D SPACE',''
  ) );
#719 = ORIENTED_EDGE('',*,*,#720,.T.);
#720 = EDGE_CURVE('',#693,#721,#723,.T.);
#721 = VERTEX_POINT('',#722);
#722 = CARTESIAN_POINT('',(-34.10634528182,27.353553902716,0.));
#723 = SURFACE_CURVE('',#724,(#728,#735),.PCURVE_S1.);
#724 = LINE('',#725,#726);
#725 = CARTESIAN_POINT('',(-30.7731,29.2132,0.));
#726 = VECTOR('',#727,1.);
#727 = DIRECTION('',(-0.873283525679,-0.487212360041,0.));
#728 = PCURVE('',#44,#729);
#729 = DEFINITIONAL_REPRESENTATION('',(#730),#734);
#730 = LINE('',#731,#732);
#731 = CARTESIAN_POINT('',(-32.6124548303,10.050824311949));
#732 = VECTOR('',#733,1.);
#733 = DIRECTION('',(-0.873283525679,-0.487212360041));
#734 = ( GEOMETRIC_REPRESENTATION_CONTEXT(2) 
PARAMETRIC_REPRESENTATION_CONTEXT() REPRESENTATION_CONTEXT('2D SPACE',''
  ) );
#735 = PCURVE('',#736,#741);
#736 = PLANE('',#737);
#737 = AXIS2_PLACEMENT_3D('',#738,#739,#740);
#738 = CARTESIAN_POINT('',(-30.7731,29.2132,0.));
#739 = DIRECTION('',(0.487212360041,-0.873283525679,0.));
#740 = DIRECTION('',(-0.873283525679,-0.487212360041,0.));
#741 = DEFINITIONAL_REPRESENTATION('',(#742),#746);
#742 = LINE('',#743,#744);
#743 = CARTESIAN_POINT('',(0.,0.));
#744 = VECTOR('',#745,1.);
#745 = DIRECTION('',(1.,0.));
#746 = ( GEOMETRIC_REPRESENTATION_CONTEXT(2) 
PARAMETRIC_REPRESENTATION_CONTEXT() REPRESENTATION_CONTEXT('2D SPACE',''
  ) );
#747 = ORIENTED_EDGE('',*,*,#748,.F.);
#748 = EDGE_CURVE('',#749,#721,#751,.T.);
#749 = VERTEX_POINT('',#750);
#750 = CARTESIAN_POINT('',(-28.9062714048,19.928895309075,0.));
#751 = SURFACE_CURVE('',#752,(#756,#763),.PCURVE_S1.);
#752 = LINE('',#753,#754);
#753 = CARTESIAN_POINT('',(-28.9062714048,19.928895309075,0.));
#754 = VECTOR('',#755,1.);
#755 = DIRECTION('',(-0.573670590284,0.81908610893,0.));
#756 = PCURVE('',#44,#757);
#757 = DEFINITIONAL_REPRESENTATION('',(#758),#762);
#758 = LINE('',#759,#760);
#759 = CARTESIAN_POINT('',(-30.74562623511,0.766519621024));
#760 = VECTOR('',#761,1.);
#761 = DIRECTION('',(-0.573670590284,0.81908610893));
#762 = ( GEOMETRIC_REPRESENTATION_CONTEXT(2) 
PARAMETRIC_REPRESENTATION_CONTEXT() REPRESENTATION_CONTEXT('2D SPACE',''
  ) );
#763 = PCURVE('',#764,#769);
#764 = PLANE('',#765);
#765 = AXIS2_PLACEMENT_3D('',#766,#767,#768);
#766 = CARTESIAN_POINT('',(-28.9062714048,19.928895309075,0.));
#767 = DIRECTION('',(-0.81908610893,-0.573670590284,0.));
#768 = DIRECTION('',(-0.573670590284,0.81908610893,0.));
#769 = DEFINITIONAL_REPRESENTATION('',(#770),#774);
#770 = LINE('',#771,#772);
#771 = CARTESIAN_POINT('',(0.,0.));
#772 = VECTOR('',#773,1.);
#773 = DIRECTION('',(1.,0.));
#774 = ( GEOMETRIC_REPRESENTATION_CONTEXT(2) 
PARAMETRIC_REPRESENTATION_CONTEXT() REPRESENTATION_CONTEXT('2D SPACE',''
  ) );
#775 = ORIENTED_EDGE('',*,*,#776,.F.);
#776 = EDGE_CURVE('',#777,#749,#779,.T.);
#777 = VERTEX_POINT('',#778);
#778 = CARTESIAN_POINT('',(-34.87652090841,15.747458803761,0.));
#779 = SURFACE_CURVE('',#780,(#784,#791),.PCURVE_S1.);
#780 = LINE('',#781,#782);
#781 = CARTESIAN_POINT('',(-40.86492859519,11.553304690925,0.));
#782 = VECTOR('',#783,1.);
#783 = DIRECTION('',(0.81908610893,0.573670590284,0.));
#784 = PCURVE('',#44,#785);
#785 = DEFINITIONAL_REPRESENTATION('',(#786),#790);
#786 = LINE('',#787,#788);
#787 = CARTESIAN_POINT('',(-42.70428342549,-7.609070997127));
#788 = VECTOR('',#789,1.);
#789 = DIRECTION('',(0.81908610893,0.573670590284));
#790 = ( GEOMETRIC_REPRESENTATION_CONTEXT(2) 
PARAMETRIC_REPRESENTATION_CONTEXT() REPRESENTATION_CONTEXT('2D SPACE',''
  ) );
#791 = PCURVE('',#792,#797);
#792 = PLANE('',#793);
#793 = AXIS2_PLACEMENT_3D('',#794,#795,#796);
#794 = CARTESIAN_POINT('',(-40.86492859519,11.553304690925,0.));
#795 = DIRECTION('',(-0.573670590284,0.81908610893,0.));
#796 = DIRECTION('',(0.81908610893,0.573670590284,0.));
#797 = DEFINITIONAL_REPRESENTATION('',(#798),#802);
#798 = LINE('',#799,#800);
#799 = CARTESIAN_POINT('',(0.,0.));
#800 = VECTOR('',#801,1.);
#801 = DIRECTION('',(1.,0.));
#802 = ( GEOMETRIC_REPRESENTATION_CONTEXT(2) 
PARAMETRIC_REPRESENTATION_CONTEXT() REPRESENTATION_CONTEXT('2D SPACE',''
  ) );
#803 = ORIENTED_EDGE('',*,*,#804,.T.);
#804 = EDGE_CURVE('',#777,#805,#807,.T.);
#805 = VERTEX_POINT('',#806);
#806 = CARTESIAN_POINT('',(-37.2964,14.0393,0.));
#807 = SURFACE_CURVE('',#808,(#812,#819),.PCURVE_S1.);
#808 = LINE('',#809,#810);
#809 = CARTESIAN_POINT('',(-32.4748,17.4428,0.));
#810 = VECTOR('',#811,1.);
#811 = DIRECTION('',(-0.816966454533,-0.576685193297,0.));
#812 = PCURVE('',#44,#813);
#813 = DEFINITIONAL_REPRESENTATION('',(#814),#818);
#814 = LINE('',#815,#816);
#815 = CARTESIAN_POINT('',(-34.3141548303,-1.719575688051));
#816 = VECTOR('',#817,1.);
#817 = DIRECTION('',(-0.816966454533,-0.576685193297));
#818 = ( GEOMETRIC_REPRESENTATION_CONTEXT(2) 
PARAMETRIC_REPRESENTATION_CONTEXT() REPRESENTATION_CONTEXT('2D SPACE',''
  ) );
#819 = PCURVE('',#820,#825);
#820 = PLANE('',#821);
#821 = AXIS2_PLACEMENT_3D('',#822,#823,#824);
#822 = CARTESIAN_POINT('',(-32.4748,17.4428,0.));
#823 = DIRECTION('',(0.576685193297,-0.816966454533,0.));
#824 = DIRECTION('',(-0.816966454533,-0.576685193297,0.));
#825 = DEFINITIONAL_REPRESENTATION('',(#826),#830);
#826 = LINE('',#827,#828);
#827 = CARTESIAN_POINT('',(0.,0.));
#828 = VECTOR('',#829,1.);
#829 = DIRECTION('',(1.,0.));
#830 = ( GEOMETRIC_REPRESENTATION_CONTEXT(2) 
PARAMETRIC_REPRESENTATION_CONTEXT() REPRESENTATION_CONTEXT('2D SPACE',''
  ) );
#831 = ORIENTED_EDGE('',*,*,#832,.T.);
#832 = EDGE_CURVE('',#805,#833,#835,.T.);
#833 = VERTEX_POINT('',#834);
#834 = CARTESIAN_POINT('',(-37.43035694323,13.958806048435,0.));
#835 = SURFACE_CURVE('',#836,(#846,#859),.PCURVE_S1.);
#836 = B_SPLINE_CURVE_WITH_KNOTS('',3,(#837,#838,#839,#840,#841,#842,
    #843,#844,#845),.UNSPECIFIED.,.F.,.F.,(4,1,1,1,1,1,4),(0.,
    0.634148878419,1.264894786055,1.881212512557,2.524120943051,
    3.140477017086,3.77640975724),.UNSPECIFIED.);
#837 = CARTESIAN_POINT('',(-37.2964,14.0393,0.));
#838 = CARTESIAN_POINT('',(-37.47292952592,13.927145419466,0.));
#839 = CARTESIAN_POINT('',(-37.85414828047,13.734408052018,0.));
#840 = CARTESIAN_POINT('',(-38.47097348631,13.576814762201,0.));
#841 = CARTESIAN_POINT('',(-39.10545604604,13.645351318718,0.));
#842 = CARTESIAN_POINT('',(-39.71129843659,13.817904097444,0.));
#843 = CARTESIAN_POINT('',(-40.25029042889,14.164631784856,0.));
#844 = CARTESIAN_POINT('',(-40.53410467418,14.476505543615,-0.));
#845 = CARTESIAN_POINT('',(-40.6526,14.6538,0.));
#846 = PCURVE('',#44,#847);
#847 = DEFINITIONAL_REPRESENTATION('',(#848),#858);
#848 = B_SPLINE_CURVE_WITH_KNOTS('',3,(#849,#850,#851,#852,#853,#854,
    #855,#856,#857),.UNSPECIFIED.,.F.,.F.,(4,1,1,1,1,1,4),(0.,
    0.634148878419,1.264894786055,1.881212512557,2.524120943051,
    3.140477017086,3.77640975724),.UNSPECIFIED.);
#849 = CARTESIAN_POINT('',(-39.1357548303,-5.123075688051));
#850 = CARTESIAN_POINT('',(-39.31228435623,-5.235230268585));
#851 = CARTESIAN_POINT('',(-39.69350311078,-5.427967636033));
#852 = CARTESIAN_POINT('',(-40.31032831662,-5.58556092585));
#853 = CARTESIAN_POINT('',(-40.94481087635,-5.517024369333));
#854 = CARTESIAN_POINT('',(-41.5506532669,-5.344471590607));
#855 = CARTESIAN_POINT('',(-42.08964525919,-4.997743903195));
#856 = CARTESIAN_POINT('',(-42.37345950449,-4.685870144436));
#857 = CARTESIAN_POINT('',(-42.4919548303,-4.508575688051));
#858 = ( GEOMETRIC_REPRESENTATION_CONTEXT(2) 
PARAMETRIC_REPRESENTATION_CONTEXT() REPRESENTATION_CONTEXT('2D SPACE',''
  ) );
#859 = PCURVE('',#860,#873);
#860 = SURFACE_OF_LINEAR_EXTRUSION('',#861,#871);
#861 = B_SPLINE_CURVE_WITH_KNOTS('',3,(#862,#863,#864,#865,#866,#867,
    #868,#869,#870),.UNSPECIFIED.,.F.,.F.,(4,1,1,1,1,1,4),(0.,
    0.634148878419,1.264894786055,1.881212512557,2.524120943051,
    3.140477017086,3.77640975724),.UNSPECIFIED.);
#862 = CARTESIAN_POINT('',(-37.2964,14.0393,0.));
#863 = CARTESIAN_POINT('',(-37.47292952592,13.927145419466,0.));
#864 = CARTESIAN_POINT('',(-37.85414828047,13.734408052018,0.));
#865 = CARTESIAN_POINT('',(-38.47097348631,13.576814762201,0.));
#866 = CARTESIAN_POINT('',(-39.10545604604,13.645351318718,0.));
#867 = CARTESIAN_POINT('',(-39.71129843659,13.817904097444,0.));
#868 = CARTESIAN_POINT('',(-40.25029042889,14.164631784856,0.));
#869 = CARTESIAN_POINT('',(-40.53410467418,14.476505543615,-0.));
#870 = CARTESIAN_POINT('',(-40.6526,14.6538,0.));
#871 = VECTOR('',#872,1.);
#872 = DIRECTION('',(-0.,-0.,-1.));
#873 = DEFINITIONAL_REPRESENTATION('',(#874),#878);
#874 = LINE('',#875,#876);
#875 = CARTESIAN_POINT('',(0.,0.));
#876 = VECTOR('',#877,1.);
#877 = DIRECTION('',(1.,0.));
#878 = ( GEOMETRIC_REPRESENTATION_CONTEXT(2) 
PARAMETRIC_REPRESENTATION_CONTEXT() REPRESENTATION_CONTEXT('2D SPACE',''
  ) );
#879 = ORIENTED_EDGE('',*,*,#880,.F.);
#880 = EDGE_CURVE('',#881,#833,#883,.T.);
#881 = VERTEX_POINT('',#882);
#882 = CARTESIAN_POINT('',(-40.86492859519,11.553304690925,0.));
#883 = SURFACE_CURVE('',#884,(#888,#895),.PCURVE_S1.);
#884 = LINE('',#885,#886);
#885 = CARTESIAN_POINT('',(-40.86492859519,11.553304690925,0.));
#886 = VECTOR('',#887,1.);
#887 = DIRECTION('',(0.81908610893,0.573670590284,0.));
#888 = PCURVE('',#44,#889);
#889 = DEFINITIONAL_REPRESENTATION('',(#890),#894);
#890 = LINE('',#891,#892);
#891 = CARTESIAN_POINT('',(-42.70428342549,-7.609070997127));
#892 = VECTOR('',#893,1.);
#893 = DIRECTION('',(0.81908610893,0.573670590284));
#894 = ( GEOMETRIC_REPRESENTATION_CONTEXT(2) 
PARAMETRIC_REPRESENTATION_CONTEXT() REPRESENTATION_CONTEXT('2D SPACE',''
  ) );
#895 = PCURVE('',#896,#901);
#896 = PLANE('',#897);
#897 = AXIS2_PLACEMENT_3D('',#898,#899,#900);
#898 = CARTESIAN_POINT('',(-40.86492859519,11.553304690925,0.));
#899 = DIRECTION('',(-0.573670590284,0.81908610893,0.));
#900 = DIRECTION('',(0.81908610893,0.573670590284,0.));
#901 = DEFINITIONAL_REPRESENTATION('',(#902),#906);
#902 = LINE('',#903,#904);
#903 = CARTESIAN_POINT('',(0.,0.));
#904 = VECTOR('',#905,1.);
#905 = DIRECTION('',(1.,0.));
#906 = ( GEOMETRIC_REPRESENTATION_CONTEXT(2) 
PARAMETRIC_REPRESENTATION_CONTEXT() REPRESENTATION_CONTEXT('2D SPACE',''
  ) );
#907 = ORIENTED_EDGE('',*,*,#908,.F.);
#908 = EDGE_CURVE('',#909,#881,#911,.T.);
#909 = VERTEX_POINT('',#910);
#910 = CARTESIAN_POINT('',(-45.95479174643,18.820604556289,0.));
#911 = SURFACE_CURVE('',#912,(#916,#923),.PCURVE_S1.);
#912 = LINE('',#913,#914);
#913 = CARTESIAN_POINT('',(-55.17048172078,31.978754494667,0.));
#914 = VECTOR('',#915,1.);
#915 = DIRECTION('',(0.573670590284,-0.81908610893,0.));
#916 = PCURVE('',#44,#917);
#917 = DEFINITIONAL_REPRESENTATION('',(#918),#922);
#918 = LINE('',#919,#920);
#919 = CARTESIAN_POINT('',(-57.00983655108,12.816378806616));
#920 = VECTOR('',#921,1.);
#921 = DIRECTION('',(0.573670590284,-0.81908610893));
#922 = ( GEOMETRIC_REPRESENTATION_CONTEXT(2) 
PARAMETRIC_REPRESENTATION_CONTEXT() REPRESENTATION_CONTEXT('2D SPACE',''
  ) );
#923 = PCURVE('',#924,#929);
#924 = PLANE('',#925);
#925 = AXIS2_PLACEMENT_3D('',#926,#927,#928);
#926 = CARTESIAN_POINT('',(-55.17048172078,31.978754494667,0.));
#927 = DIRECTION('',(0.81908610893,0.573670590284,-0.));
#928 = DIRECTION('',(0.573670590284,-0.81908610893,0.));
#929 = DEFINITIONAL_REPRESENTATION('',(#930),#934);
#930 = LINE('',#931,#932);
#931 = CARTESIAN_POINT('',(0.,0.));
#932 = VECTOR('',#933,1.);
#933 = DIRECTION('',(1.,0.));
#934 = ( GEOMETRIC_REPRESENTATION_CONTEXT(2) 
PARAMETRIC_REPRESENTATION_CONTEXT() REPRESENTATION_CONTEXT('2D SPACE',''
  ) );
#935 = ORIENTED_EDGE('',*,*,#936,.T.);
#936 = EDGE_CURVE('',#909,#937,#939,.T.);
#937 = VERTEX_POINT('',#938);
#938 = CARTESIAN_POINT('',(-47.885,17.1119,0.));
#939 = SURFACE_CURVE('',#940,(#944,#951),.PCURVE_S1.);
#940 = LINE('',#941,#942);
#941 = CARTESIAN_POINT('',(-45.0015,19.6645,0.));
#942 = VECTOR('',#943,1.);
#943 = DIRECTION('',(-0.748763070152,-0.662837736386,0.));
#944 = PCURVE('',#44,#945);
#945 = DEFINITIONAL_REPRESENTATION('',(#946),#950);
#946 = LINE('',#947,#948);
#947 = CARTESIAN_POINT('',(-46.8408548303,0.502124311949));
#948 = VECTOR('',#949,1.);
#949 = DIRECTION('',(-0.748763070152,-0.662837736386));
#950 = ( GEOMETRIC_REPRESENTATION_CONTEXT(2) 
PARAMETRIC_REPRESENTATION_CONTEXT() REPRESENTATION_CONTEXT('2D SPACE',''
  ) );
#951 = PCURVE('',#952,#957);
#952 = PLANE('',#953);
#953 = AXIS2_PLACEMENT_3D('',#954,#955,#956);
#954 = CARTESIAN_POINT('',(-45.0015,19.6645,0.));
#955 = DIRECTION('',(0.662837736386,-0.748763070152,0.));
#956 = DIRECTION('',(-0.748763070152,-0.662837736386,0.));
#957 = DEFINITIONAL_REPRESENTATION('',(#958),#962);
#958 = LINE('',#959,#960);
#959 = CARTESIAN_POINT('',(0.,0.));
#960 = VECTOR('',#961,1.);
#961 = DIRECTION('',(1.,0.));
#962 = ( GEOMETRIC_REPRESENTATION_CONTEXT(2) 
PARAMETRIC_REPRESENTATION_CONTEXT() REPRESENTATION_CONTEXT('2D SPACE',''
  ) );
#963 = ORIENTED_EDGE('',*,*,#964,.T.);
#964 = EDGE_CURVE('',#937,#965,#967,.T.);
#965 = VERTEX_POINT('',#966);
#966 = CARTESIAN_POINT('',(-42.4016,0.,0.));
#967 = SURFACE_CURVE('',#968,(#986,#1007),.PCURVE_S1.);
#968 = B_SPLINE_CURVE_WITH_KNOTS('',3,(#969,#970,#971,#972,#973,#974,
    #975,#976,#977,#978,#979,#980,#981,#982,#983,#984,#985),
  .UNSPECIFIED.,.F.,.F.,(4,1,1,1,1,1,1,1,1,1,1,1,1,1,4),(0.,
    0.538943382926,1.131251545963,1.659768575017,2.226968575017,
    4.654392229841,7.064698753916,9.506873033119,11.898503627505,
    14.294992409035,16.726045514173,17.369034814239,18.004967554393,
    18.663371085672,19.285094898952),.UNSPECIFIED.);
#969 = CARTESIAN_POINT('',(-47.885,17.1119,0.));
#970 = CARTESIAN_POINT('',(-47.99709132091,16.976612467697,0.));
#971 = CARTESIAN_POINT('',(-48.23636337923,16.679126794612,0.));
#972 = CARTESIAN_POINT('',(-48.52810535151,16.199603669919,0.));
#973 = CARTESIAN_POINT('',(-48.6100795791,15.632782797997,0.));
#974 = CARTESIAN_POINT('',(-48.58491149372,14.459808952968,0.));
#975 = CARTESIAN_POINT('',(-48.33498170165,12.668325925625,0.));
#976 = CARTESIAN_POINT('',(-47.85615945395,10.290326688078,0.));
#977 = CARTESIAN_POINT('',(-47.25531663679,7.949817211277,0.));
#978 = CARTESIAN_POINT('',(-46.49198494376,5.660141764161,0.));
#979 = CARTESIAN_POINT('',(-45.57513546743,3.439373670792,0.));
#980 = CARTESIAN_POINT('',(-44.83058856533,1.759713664299,0.));
#981 = CARTESIAN_POINT('',(-44.12162644242,0.747179764413,0.));
#982 = CARTESIAN_POINT('',(-43.64966317625,0.284639620402,0.));
#983 = CARTESIAN_POINT('',(-43.03240608142,7.796578564719E-02,0.));
#984 = CARTESIAN_POINT('',(-42.60304176036,1.73461680925E-02,-0.));
#985 = CARTESIAN_POINT('',(-42.4016,0.,0.));
#986 = PCURVE('',#44,#987);
#987 = DEFINITIONAL_REPRESENTATION('',(#988),#1006);
#988 = B_SPLINE_CURVE_WITH_KNOTS('',3,(#989,#990,#991,#992,#993,#994,
    #995,#996,#997,#998,#999,#1000,#1001,#1002,#1003,#1004,#1005),
  .UNSPECIFIED.,.F.,.F.,(4,1,1,1,1,1,1,1,1,1,1,1,1,1,4),(0.,
    0.538943382926,1.131251545963,1.659768575017,2.226968575017,
    4.654392229841,7.064698753916,9.506873033119,11.898503627505,
    14.294992409035,16.726045514173,17.369034814239,18.004967554393,
    18.663371085672,19.285094898952),.UNSPECIFIED.);
#989 = CARTESIAN_POINT('',(-49.7243548303,-2.050475688051));
#990 = CARTESIAN_POINT('',(-49.83644615122,-2.185763220354));
#991 = CARTESIAN_POINT('',(-50.07571820954,-2.483248893439));
#992 = CARTESIAN_POINT('',(-50.36746018181,-2.962772018132));
#993 = CARTESIAN_POINT('',(-50.4494344094,-3.529592890055));
#994 = CARTESIAN_POINT('',(-50.42426632402,-4.702566735084));
#995 = CARTESIAN_POINT('',(-50.17433653196,-6.494049762426));
#996 = CARTESIAN_POINT('',(-49.69551428426,-8.872048999973));
#997 = CARTESIAN_POINT('',(-49.09467146709,-11.21255847677));
#998 = CARTESIAN_POINT('',(-48.33133977407,-13.50223392389));
#999 = CARTESIAN_POINT('',(-47.41449029774,-15.72300201725));
#1000 = CARTESIAN_POINT('',(-46.66994339564,-17.40266202375));
#1001 = CARTESIAN_POINT('',(-45.96098127272,-18.41519592363));
#1002 = CARTESIAN_POINT('',(-45.48901800656,-18.87773606764));
#1003 = CARTESIAN_POINT('',(-44.87176091172,-19.0844099024));
#1004 = CARTESIAN_POINT('',(-44.44239659066,-19.14502951995));
#1005 = CARTESIAN_POINT('',(-44.2409548303,-19.16237568805));
#1006 = ( GEOMETRIC_REPRESENTATION_CONTEXT(2) 
PARAMETRIC_REPRESENTATION_CONTEXT() REPRESENTATION_CONTEXT('2D SPACE',''
  ) );
#1007 = PCURVE('',#1008,#1029);
#1008 = SURFACE_OF_LINEAR_EXTRUSION('',#1009,#1027);
#1009 = B_SPLINE_CURVE_WITH_KNOTS('',3,(#1010,#1011,#1012,#1013,#1014,
    #1015,#1016,#1017,#1018,#1019,#1020,#1021,#1022,#1023,#1024,#1025,
    #1026),.UNSPECIFIED.,.F.,.F.,(4,1,1,1,1,1,1,1,1,1,1,1,1,1,4),(0.,
    0.538943382926,1.131251545963,1.659768575017,2.226968575017,
    4.654392229841,7.064698753916,9.506873033119,11.898503627505,
    14.294992409035,16.726045514173,17.369034814239,18.004967554393,
    18.663371085672,19.285094898952),.UNSPECIFIED.);
#1010 = CARTESIAN_POINT('',(-47.885,17.1119,0.));
#1011 = CARTESIAN_POINT('',(-47.99709132091,16.976612467697,0.));
#1012 = CARTESIAN_POINT('',(-48.23636337923,16.679126794612,0.));
#1013 = CARTESIAN_POINT('',(-48.52810535151,16.199603669919,0.));
#1014 = CARTESIAN_POINT('',(-48.6100795791,15.632782797997,0.));
#1015 = CARTESIAN_POINT('',(-48.58491149372,14.459808952968,0.));
#1016 = CARTESIAN_POINT('',(-48.33498170165,12.668325925625,0.));
#1017 = CARTESIAN_POINT('',(-47.85615945395,10.290326688078,0.));
#1018 = CARTESIAN_POINT('',(-47.25531663679,7.949817211277,0.));
#1019 = CARTESIAN_POINT('',(-46.49198494376,5.660141764161,0.));
#1020 = CARTESIAN_POINT('',(-45.57513546743,3.439373670792,0.));
#1021 = CARTESIAN_POINT('',(-44.83058856533,1.759713664299,0.));
#1022 = CARTESIAN_POINT('',(-44.12162644242,0.747179764413,0.));
#1023 = CARTESIAN_POINT('',(-43.64966317625,0.284639620402,0.));
#1024 = CARTESIAN_POINT('',(-43.03240608142,7.796578564719E-02,0.));
#1025 = CARTESIAN_POINT('',(-42.60304176036,1.73461680925E-02,-0.));
#1026 = CARTESIAN_POINT('',(-42.4016,0.,0.));
#1027 = VECTOR('',#1028,1.);
#1028 = DIRECTION('',(-0.,-0.,-1.));
#1029 = DEFINITIONAL_REPRESENTATION('',(#1030),#1034);
#1030 = LINE('',#1031,#1032);
#1031 = CARTESIAN_POINT('',(0.,0.));
#1032 = VECTOR('',#1033,1.);
#1033 = DIRECTION('',(1.,0.));
#1034 = ( GEOMETRIC_REPRESENTATION_CONTEXT(2) 
PARAMETRIC_REPRESENTATION_CONTEXT() REPRESENTATION_CONTEXT('2D SPACE',''
  ) );
#1035 = ORIENTED_EDGE('',*,*,#1036,.T.);
#1036 = EDGE_CURVE('',#965,#1037,#1039,.T.);
#1037 = VERTEX_POINT('',#1038);
#1038 = CARTESIAN_POINT('',(-29.7804,0.,0.));
#1039 = SURFACE_CURVE('',#1040,(#1044,#1051),.PCURVE_S1.);
#1040 = LINE('',#1041,#1042);
#1041 = CARTESIAN_POINT('',(-42.4016,0.,0.));
#1042 = VECTOR('',#1043,1.);
#1043 = DIRECTION('',(1.,0.,0.));
#1044 = PCURVE('',#44,#1045);
#1045 = DEFINITIONAL_REPRESENTATION('',(#1046),#1050);
#1046 = LINE('',#1047,#1048);
#1047 = CARTESIAN_POINT('',(-44.2409548303,-19.16237568805));
#1048 = VECTOR('',#1049,1.);
#1049 = DIRECTION('',(1.,0.));
#1050 = ( GEOMETRIC_REPRESENTATION_CONTEXT(2) 
PARAMETRIC_REPRESENTATION_CONTEXT() REPRESENTATION_CONTEXT('2D SPACE',''
  ) );
#1051 = PCURVE('',#1052,#1057);
#1052 = PLANE('',#1053);
#1053 = AXIS2_PLACEMENT_3D('',#1054,#1055,#1056);
#1054 = CARTESIAN_POINT('',(-42.4016,0.,0.));
#1055 = DIRECTION('',(0.,1.,0.));
#1056 = DIRECTION('',(1.,0.,0.));
#1057 = DEFINITIONAL_REPRESENTATION('',(#1058),#1062);
#1058 = LINE('',#1059,#1060);
#1059 = CARTESIAN_POINT('',(0.,0.));
#1060 = VECTOR('',#1061,1.);
#1061 = DIRECTION('',(1.,0.));
#1062 = ( GEOMETRIC_REPRESENTATION_CONTEXT(2) 
PARAMETRIC_REPRESENTATION_CONTEXT() REPRESENTATION_CONTEXT('2D SPACE',''
  ) );
#1063 = ORIENTED_EDGE('',*,*,#1064,.T.);
#1064 = EDGE_CURVE('',#1037,#1065,#1067,.T.);
#1065 = VERTEX_POINT('',#1066);
#1066 = CARTESIAN_POINT('',(31.7185,0.,0.));
#1067 = SURFACE_CURVE('',#1068,(#1120,#1175),.PCURVE_S1.);
#1068 = B_SPLINE_CURVE_WITH_KNOTS('',3,(#1069,#1070,#1071,#1072,#1073,
    #1074,#1075,#1076,#1077,#1078,#1079,#1080,#1081,#1082,#1083,#1084,
    #1085,#1086,#1087,#1088,#1089,#1090,#1091,#1092,#1093,#1094,#1095,
    #1096,#1097,#1098,#1099,#1100,#1101,#1102,#1103,#1104,#1105,#1106,
    #1107,#1108,#1109,#1110,#1111,#1112,#1113,#1114,#1115,#1116,#1117,
    #1118,#1119),.UNSPECIFIED.,.F.,.F.,(4,1,1,1,1,1,1,1,1,1,1,1,1,1,1,1,
    1,1,1,1,1,1,1,1,1,1,1,1,1,1,1,1,1,1,1,1,1,1,1,1,1,1,1,1,1,1,1,1,4),(
    0.,0.435769904881,0.90139750286,1.36936077065,1.856072122479,
    2.338145197853,2.820218273226,3.285754490937,4.335345392193,
    4.927565765027,5.549388416593,6.163888416593,6.806796847086,
    7.423152921122,8.059085661276,11.231887079581,14.386281934383,
    17.515015035815,20.71165863966,23.881943372929,27.037735460504,
    30.191097724818,33.36213727834,36.546476647817,39.672102156415,
    42.839202156415,46.015112635317,49.204702267229,52.329234240181,
    55.528583086431,58.698255990691,61.824151667133,65.020795270978,
    68.171337789339,71.349252352381,71.954628706396,72.570984780431,
    73.185477091205,73.801894522821,74.418212249322,75.010432622157,
    77.97759086701,78.443218464989,78.915918464989,79.35171006656,
    79.81733766454,80.253064184274,80.718691782254,81.200745244019),
  .UNSPECIFIED.);
#1069 = CARTESIAN_POINT('',(-29.7804,0.,0.));
#1070 = CARTESIAN_POINT('',(-29.64056148088,2.289440584376E-02,0.));
#1071 = CARTESIAN_POINT('',(-29.34174867177,8.497561021743E-02,0.));
#1072 = CARTESIAN_POINT('',(-28.90960447043,0.254562473151,0.));
#1073 = CARTESIAN_POINT('',(-28.57855508075,0.609817621287,0.));
#1074 = CARTESIAN_POINT('',(-28.34185209458,1.027885663237,0.));
#1075 = CARTESIAN_POINT('',(-28.22868569668,1.513931349142,0.));
#1076 = CARTESIAN_POINT('',(-28.34858010738,1.985579626835,0.));
#1077 = CARTESIAN_POINT('',(-28.61650488705,2.598559626816,0.));
#1078 = CARTESIAN_POINT('',(-29.09435579175,3.120093242775,0.));
#1079 = CARTESIAN_POINT('',(-29.49912886816,3.776165480655,0.));
#1080 = CARTESIAN_POINT('',(-29.54547718638,4.394838166537,0.));
#1081 = CARTESIAN_POINT('',(-29.58311910401,5.023956705386,0.));
#1082 = CARTESIAN_POINT('',(-29.3801195781,5.627870322024,0.));
#1083 = CARTESIAN_POINT('',(-29.04636833599,6.173860984737,0.));
#1084 = CARTESIAN_POINT('',(-27.89197868705,7.112886087068,0.));
#1085 = CARTESIAN_POINT('',(-25.91933873807,8.331423786286,0.));
#1086 = CARTESIAN_POINT('',(-23.18151087397,9.896781175279,0.));
#1087 = CARTESIAN_POINT('',(-20.36745588892,11.337209694136,0.));
#1088 = CARTESIAN_POINT('',(-17.4626900335,12.600328403217,0.));
#1089 = CARTESIAN_POINT('',(-14.47947413161,13.689432544073,0.));
#1090 = CARTESIAN_POINT('',(-11.44935266724,14.595247258666,0.));
#1091 = CARTESIAN_POINT('',(-8.364481372837,15.283847235792,0.));
#1092 = CARTESIAN_POINT('',(-5.250159964704,15.888864880197,0.));
#1093 = CARTESIAN_POINT('',(-2.099885258455,16.17801022391,0.));
#1094 = CARTESIAN_POINT('',(1.051889217416,16.388594773569,0.));
#1095 = CARTESIAN_POINT('',(4.212472209869,16.403380472711,0.));
#1096 = CARTESIAN_POINT('',(7.379749791488,16.130321663047,0.));
#1097 = CARTESIAN_POINT('',(10.526866006318,15.789526367739,0.));
#1098 = CARTESIAN_POINT('',(13.639593073438,15.175750962027,0.));
#1099 = CARTESIAN_POINT('',(16.738340319958,14.521579667424,0.));
#1100 = CARTESIAN_POINT('',(19.752890449279,13.543941080387,0.));
#1101 = CARTESIAN_POINT('',(22.720845334326,12.447420582547,0.));
#1102 = CARTESIAN_POINT('',(25.628115486489,11.209105279303,0.));
#1103 = CARTESIAN_POINT('',(28.423176885666,9.684265657328,0.));
#1104 = CARTESIAN_POINT('',(30.433340131951,8.582000049724,0.));
#1105 = CARTESIAN_POINT('',(31.662783519269,7.734675125571,0.));
#1106 = CARTESIAN_POINT('',(31.956660573045,7.187052429636,0.));
#1107 = CARTESIAN_POINT('',(32.23938373329,6.627778181423,0.));
#1108 = CARTESIAN_POINT('',(32.233730872482,6.005523165754,0.));
#1109 = CARTESIAN_POINT('',(32.256384495061,5.377806833262,0.));
#1110 = CARTESIAN_POINT('',(31.438231715922,4.197692666391,0.));
#1111 = CARTESIAN_POINT('',(30.814705413318,3.060754494592,0.));
#1112 = CARTESIAN_POINT('',(30.160530346019,1.899938754986,0.));
#1113 = CARTESIAN_POINT('',(30.192538922056,1.424663503367,0.));
#1114 = CARTESIAN_POINT('',(30.293833046929,0.984039784345,0.));
#1115 = CARTESIAN_POINT('',(30.44803891877,0.549515707494,0.));
#1116 = CARTESIAN_POINT('',(30.821713599973,0.261017352486,0.));
#1117 = CARTESIAN_POINT('',(31.244277054517,7.592364463381E-02,0.));
#1118 = CARTESIAN_POINT('',(31.560839330779,1.697430838171E-02,-0.));
#1119 = CARTESIAN_POINT('',(31.7185,0.,0.));
#1120 = PCURVE('',#44,#1121);
#1121 = DEFINITIONAL_REPRESENTATION('',(#1122),#1174);
#1122 = B_SPLINE_CURVE_WITH_KNOTS('',3,(#1123,#1124,#1125,#1126,#1127,
    #1128,#1129,#1130,#1131,#1132,#1133,#1134,#1135,#1136,#1137,#1138,
    #1139,#1140,#1141,#1142,#1143,#1144,#1145,#1146,#1147,#1148,#1149,
    #1150,#1151,#1152,#1153,#1154,#1155,#1156,#1157,#1158,#1159,#1160,
    #1161,#1162,#1163,#1164,#1165,#1166,#1167,#1168,#1169,#1170,#1171,
    #1172,#1173),.UNSPECIFIED.,.F.,.F.,(4,1,1,1,1,1,1,1,1,1,1,1,1,1,1,1,
    1,1,1,1,1,1,1,1,1,1,1,1,1,1,1,1,1,1,1,1,1,1,1,1,1,1,1,1,1,1,1,1,4),(
    0.,0.435769904881,0.90139750286,1.36936077065,1.856072122479,
    2.338145197853,2.820218273226,3.285754490937,4.335345392193,
    4.927565765027,5.549388416593,6.163888416593,6.806796847086,
    7.423152921122,8.059085661276,11.231887079581,14.386281934383,
    17.515015035815,20.71165863966,23.881943372929,27.037735460504,
    30.191097724818,33.36213727834,36.546476647817,39.672102156415,
    42.839202156415,46.015112635317,49.204702267229,52.329234240181,
    55.528583086431,58.698255990691,61.824151667133,65.020795270978,
    68.171337789339,71.349252352381,71.954628706396,72.570984780431,
    73.185477091205,73.801894522821,74.418212249322,75.010432622157,
    77.97759086701,78.443218464989,78.915918464989,79.35171006656,
    79.81733766454,80.253064184274,80.718691782254,81.200745244019),
  .UNSPECIFIED.);
#1123 = CARTESIAN_POINT('',(-31.6197548303,-19.16237568805));
#1124 = CARTESIAN_POINT('',(-31.47991631119,-19.1394812822));
#1125 = CARTESIAN_POINT('',(-31.18110350207,-19.07740007783));
#1126 = CARTESIAN_POINT('',(-30.74895930074,-18.9078132149));
#1127 = CARTESIAN_POINT('',(-30.41790991106,-18.55255806676));
#1128 = CARTESIAN_POINT('',(-30.18120692489,-18.13449002481));
#1129 = CARTESIAN_POINT('',(-30.06804052698,-17.6484443389));
#1130 = CARTESIAN_POINT('',(-30.18793493769,-17.17679606121));
#1131 = CARTESIAN_POINT('',(-30.45585971736,-16.56381606123));
#1132 = CARTESIAN_POINT('',(-30.93371062205,-16.04228244527));
#1133 = CARTESIAN_POINT('',(-31.33848369846,-15.38621020739));
#1134 = CARTESIAN_POINT('',(-31.38483201669,-14.76753752151));
#1135 = CARTESIAN_POINT('',(-31.42247393431,-14.13841898266));
#1136 = CARTESIAN_POINT('',(-31.2194744084,-13.53450536602));
#1137 = CARTESIAN_POINT('',(-30.8857231663,-12.98851470331));
#1138 = CARTESIAN_POINT('',(-29.73133351736,-12.04948960098));
#1139 = CARTESIAN_POINT('',(-27.75869356838,-10.83095190176));
#1140 = CARTESIAN_POINT('',(-25.02086570428,-9.265594512772));
#1141 = CARTESIAN_POINT('',(-22.20681071922,-7.825165993916));
#1142 = CARTESIAN_POINT('',(-19.30204486381,-6.562047284835));
#1143 = CARTESIAN_POINT('',(-16.31882896191,-5.472943143978));
#1144 = CARTESIAN_POINT('',(-13.28870749755,-4.567128429385));
#1145 = CARTESIAN_POINT('',(-10.20383620314,-3.87852845226));
#1146 = CARTESIAN_POINT('',(-7.08951479501,-3.273510807854));
#1147 = CARTESIAN_POINT('',(-3.939240088761,-2.984365464141));
#1148 = CARTESIAN_POINT('',(-0.78746561289,-2.773780914482));
#1149 = CARTESIAN_POINT('',(2.373117379564,-2.758995215341));
#1150 = CARTESIAN_POINT('',(5.540394961183,-3.032054025004));
#1151 = CARTESIAN_POINT('',(8.687511176012,-3.372849320312));
#1152 = CARTESIAN_POINT('',(11.800238243132,-3.986624726024));
#1153 = CARTESIAN_POINT('',(14.898985489652,-4.640796020627));
#1154 = CARTESIAN_POINT('',(17.913535618973,-5.618434607665));
#1155 = CARTESIAN_POINT('',(20.88149050402,-6.714955105504));
#1156 = CARTESIAN_POINT('',(23.788760656183,-7.953270408748));
#1157 = CARTESIAN_POINT('',(26.58382205536,-9.478110030723));
#1158 = CARTESIAN_POINT('',(28.593985301645,-10.58037563832));
#1159 = CARTESIAN_POINT('',(29.823428688963,-11.42770056248));
#1160 = CARTESIAN_POINT('',(30.117305742739,-11.97532325841));
#1161 = CARTESIAN_POINT('',(30.400028902984,-12.53459750662));
#1162 = CARTESIAN_POINT('',(30.394376042176,-13.15685252229));
#1163 = CARTESIAN_POINT('',(30.417029664756,-13.78456885478));
#1164 = CARTESIAN_POINT('',(29.598876885616,-14.96468302166));
#1165 = CARTESIAN_POINT('',(28.975350583012,-16.10162119345));
#1166 = CARTESIAN_POINT('',(28.321175515713,-17.26243693306));
#1167 = CARTESIAN_POINT('',(28.35318409175,-17.73771218468));
#1168 = CARTESIAN_POINT('',(28.454478216624,-18.1783359037));
#1169 = CARTESIAN_POINT('',(28.608684088464,-18.61285998055));
#1170 = CARTESIAN_POINT('',(28.982358769667,-18.90135833556));
#1171 = CARTESIAN_POINT('',(29.404922224212,-19.08645204341));
#1172 = CARTESIAN_POINT('',(29.721484500473,-19.14540137966));
#1173 = CARTESIAN_POINT('',(29.879145169694,-19.16237568805));
#1174 = ( GEOMETRIC_REPRESENTATION_CONTEXT(2) 
PARAMETRIC_REPRESENTATION_CONTEXT() REPRESENTATION_CONTEXT('2D SPACE',''
  ) );
#1175 = PCURVE('',#1176,#1231);
#1176 = SURFACE_OF_LINEAR_EXTRUSION('',#1177,#1229);
#1177 = B_SPLINE_CURVE_WITH_KNOTS('',3,(#1178,#1179,#1180,#1181,#1182,
    #1183,#1184,#1185,#1186,#1187,#1188,#1189,#1190,#1191,#1192,#1193,
    #1194,#1195,#1196,#1197,#1198,#1199,#1200,#1201,#1202,#1203,#1204,
    #1205,#1206,#1207,#1208,#1209,#1210,#1211,#1212,#1213,#1214,#1215,
    #1216,#1217,#1218,#1219,#1220,#1221,#1222,#1223,#1224,#1225,#1226,
    #1227,#1228),.UNSPECIFIED.,.F.,.F.,(4,1,1,1,1,1,1,1,1,1,1,1,1,1,1,1,
    1,1,1,1,1,1,1,1,1,1,1,1,1,1,1,1,1,1,1,1,1,1,1,1,1,1,1,1,1,1,1,1,4),(
    0.,0.435769904881,0.90139750286,1.36936077065,1.856072122479,
    2.338145197853,2.820218273226,3.285754490937,4.335345392193,
    4.927565765027,5.549388416593,6.163888416593,6.806796847086,
    7.423152921122,8.059085661276,11.231887079581,14.386281934383,
    17.515015035815,20.71165863966,23.881943372929,27.037735460504,
    30.191097724818,33.36213727834,36.546476647817,39.672102156415,
    42.839202156415,46.015112635317,49.204702267229,52.329234240181,
    55.528583086431,58.698255990691,61.824151667133,65.020795270978,
    68.171337789339,71.349252352381,71.954628706396,72.570984780431,
    73.185477091205,73.801894522821,74.418212249322,75.010432622157,
    77.97759086701,78.443218464989,78.915918464989,79.35171006656,
    79.81733766454,80.253064184274,80.718691782254,81.200745244019),
  .UNSPECIFIED.);
#1178 = CARTESIAN_POINT('',(-29.7804,0.,0.));
#1179 = CARTESIAN_POINT('',(-29.64056148088,2.289440584376E-02,0.));
#1180 = CARTESIAN_POINT('',(-29.34174867177,8.497561021743E-02,0.));
#1181 = CARTESIAN_POINT('',(-28.90960447043,0.254562473151,0.));
#1182 = CARTESIAN_POINT('',(-28.57855508075,0.609817621287,0.));
#1183 = CARTESIAN_POINT('',(-28.34185209458,1.027885663237,0.));
#1184 = CARTESIAN_POINT('',(-28.22868569668,1.513931349142,0.));
#1185 = CARTESIAN_POINT('',(-28.34858010738,1.985579626835,0.));
#1186 = CARTESIAN_POINT('',(-28.61650488705,2.598559626816,0.));
#1187 = CARTESIAN_POINT('',(-29.09435579175,3.120093242775,0.));
#1188 = CARTESIAN_POINT('',(-29.49912886816,3.776165480655,0.));
#1189 = CARTESIAN_POINT('',(-29.54547718638,4.394838166537,0.));
#1190 = CARTESIAN_POINT('',(-29.58311910401,5.023956705386,0.));
#1191 = CARTESIAN_POINT('',(-29.3801195781,5.627870322024,0.));
#1192 = CARTESIAN_POINT('',(-29.04636833599,6.173860984737,0.));
#1193 = CARTESIAN_POINT('',(-27.89197868705,7.112886087068,0.));
#1194 = CARTESIAN_POINT('',(-25.91933873807,8.331423786286,0.));
#1195 = CARTESIAN_POINT('',(-23.18151087397,9.896781175279,0.));
#1196 = CARTESIAN_POINT('',(-20.36745588892,11.337209694136,0.));
#1197 = CARTESIAN_POINT('',(-17.4626900335,12.600328403217,0.));
#1198 = CARTESIAN_POINT('',(-14.47947413161,13.689432544073,0.));
#1199 = CARTESIAN_POINT('',(-11.44935266724,14.595247258666,0.));
#1200 = CARTESIAN_POINT('',(-8.364481372837,15.283847235792,0.));
#1201 = CARTESIAN_POINT('',(-5.250159964704,15.888864880197,0.));
#1202 = CARTESIAN_POINT('',(-2.099885258455,16.17801022391,0.));
#1203 = CARTESIAN_POINT('',(1.051889217416,16.388594773569,0.));
#1204 = CARTESIAN_POINT('',(4.212472209869,16.403380472711,0.));
#1205 = CARTESIAN_POINT('',(7.379749791488,16.130321663047,0.));
#1206 = CARTESIAN_POINT('',(10.526866006318,15.789526367739,0.));
#1207 = CARTESIAN_POINT('',(13.639593073438,15.175750962027,0.));
#1208 = CARTESIAN_POINT('',(16.738340319958,14.521579667424,0.));
#1209 = CARTESIAN_POINT('',(19.752890449279,13.543941080387,0.));
#1210 = CARTESIAN_POINT('',(22.720845334326,12.447420582547,0.));
#1211 = CARTESIAN_POINT('',(25.628115486489,11.209105279303,0.));
#1212 = CARTESIAN_POINT('',(28.423176885666,9.684265657328,0.));
#1213 = CARTESIAN_POINT('',(30.433340131951,8.582000049724,0.));
#1214 = CARTESIAN_POINT('',(31.662783519269,7.734675125571,0.));
#1215 = CARTESIAN_POINT('',(31.956660573045,7.187052429636,0.));
#1216 = CARTESIAN_POINT('',(32.23938373329,6.627778181423,0.));
#1217 = CARTESIAN_POINT('',(32.233730872482,6.005523165754,0.));
#1218 = CARTESIAN_POINT('',(32.256384495061,5.377806833262,0.));
#1219 = CARTESIAN_POINT('',(31.438231715922,4.197692666391,0.));
#1220 = CARTESIAN_POINT('',(30.814705413318,3.060754494592,0.));
#1221 = CARTESIAN_POINT('',(30.160530346019,1.899938754986,0.));
#1222 = CARTESIAN_POINT('',(30.192538922056,1.424663503367,0.));
#1223 = CARTESIAN_POINT('',(30.293833046929,0.984039784345,0.));
#1224 = CARTESIAN_POINT('',(30.44803891877,0.549515707494,0.));
#1225 = CARTESIAN_POINT('',(30.821713599973,0.261017352486,0.));
#1226 = CARTESIAN_POINT('',(31.244277054517,7.592364463381E-02,0.));
#1227 = CARTESIAN_POINT('',(31.560839330779,1.697430838171E-02,-0.));
#1228 = CARTESIAN_POINT('',(31.7185,0.,0.));
#1229 = VECTOR('',#1230,1.);
#1230 = DIRECTION('',(-0.,-0.,-1.));
#1231 = DEFINITIONAL_REPRESENTATION('',(#1232),#1236);
#1232 = LINE('',#1233,#1234);
#1233 = CARTESIAN_POINT('',(0.,0.));
#1234 = VECTOR('',#1235,1.);
#1235 = DIRECTION('',(1.,0.));
#1236 = ( GEOMETRIC_REPRESENTATION_CONTEXT(2) 
PARAMETRIC_REPRESENTATION_CONTEXT() REPRESENTATION_CONTEXT('2D SPACE',''
  ) );
#1237 = ORIENTED_EDGE('',*,*,#1238,.T.);
#1238 = EDGE_CURVE('',#1065,#1239,#1241,.T.);
#1239 = VERTEX_POINT('',#1240);
#1240 = CARTESIAN_POINT('',(44.6233,0.,0.));
#1241 = SURFACE_CURVE('',#1242,(#1246,#1253),.PCURVE_S1.);
#1242 = LINE('',#1243,#1244);
#1243 = CARTESIAN_POINT('',(31.7185,0.,0.));
#1244 = VECTOR('',#1245,1.);
#1245 = DIRECTION('',(1.,0.,0.));
#1246 = PCURVE('',#44,#1247);
#1247 = DEFINITIONAL_REPRESENTATION('',(#1248),#1252);
#1248 = LINE('',#1249,#1250);
#1249 = CARTESIAN_POINT('',(29.879145169694,-19.16237568805));
#1250 = VECTOR('',#1251,1.);
#1251 = DIRECTION('',(1.,0.));
#1252 = ( GEOMETRIC_REPRESENTATION_CONTEXT(2) 
PARAMETRIC_REPRESENTATION_CONTEXT() REPRESENTATION_CONTEXT('2D SPACE',''
  ) );
#1253 = PCURVE('',#1254,#1259);
#1254 = PLANE('',#1255);
#1255 = AXIS2_PLACEMENT_3D('',#1256,#1257,#1258);
#1256 = CARTESIAN_POINT('',(31.7185,0.,0.));
#1257 = DIRECTION('',(0.,1.,0.));
#1258 = DIRECTION('',(1.,0.,0.));
#1259 = DEFINITIONAL_REPRESENTATION('',(#1260),#1264);
#1260 = LINE('',#1261,#1262);
#1261 = CARTESIAN_POINT('',(0.,0.));
#1262 = VECTOR('',#1263,1.);
#1263 = DIRECTION('',(1.,0.));
#1264 = ( GEOMETRIC_REPRESENTATION_CONTEXT(2) 
PARAMETRIC_REPRESENTATION_CONTEXT() REPRESENTATION_CONTEXT('2D SPACE',''
  ) );
#1265 = ORIENTED_EDGE('',*,*,#1266,.T.);
#1266 = EDGE_CURVE('',#1239,#1267,#1269,.T.);
#1267 = VERTEX_POINT('',#1268);
#1268 = CARTESIAN_POINT('',(50.4849,21.319,0.));
#1269 = SURFACE_CURVE('',#1270,(#1288,#1309),.PCURVE_S1.);
#1270 = B_SPLINE_CURVE_WITH_KNOTS('',3,(#1271,#1272,#1273,#1274,#1275,
    #1276,#1277,#1278,#1279,#1280,#1281,#1282,#1283,#1284,#1285,#1286,
    #1287),.UNSPECIFIED.,.F.,.F.,(4,1,1,1,1,1,1,1,1,1,1,1,1,1,4),(0.,
    0.668512894416,1.345340745497,2.048082013675,2.729808557093,
    5.80233932667,8.896695791268,11.948518107524,15.045358324584,
    18.115005877643,21.210794307107,21.77996311335,22.364716505815,
    22.95693687865,23.558614042916),.UNSPECIFIED.);
#1271 = CARTESIAN_POINT('',(44.6233,0.,0.));
#1272 = CARTESIAN_POINT('',(44.847039673034,-1.487000612672E-03,0.));
#1273 = CARTESIAN_POINT('',(45.296588726764,6.465272463899E-02,0.));
#1274 = CARTESIAN_POINT('',(45.927258468184,0.351880832418,0.));
#1275 = CARTESIAN_POINT('',(46.439837358754,0.82690187924,0.));
#1276 = CARTESIAN_POINT('',(47.229992087764,2.093352156666,0.));
#1277 = CARTESIAN_POINT('',(47.982711739927,4.265743035641,0.));
#1278 = CARTESIAN_POINT('',(48.991029239523,7.16271298981,0.));
#1279 = CARTESIAN_POINT('',(49.862688560817,10.120842457176,0.));
#1280 = CARTESIAN_POINT('',(50.516928360626,13.128665891357,0.));
#1281 = CARTESIAN_POINT('',(50.972050127622,16.172640812994,0.));
#1282 = CARTESIAN_POINT('',(51.452943520872,18.396713071217,0.));
#1283 = CARTESIAN_POINT('',(51.349534192514,19.813132857759,0.));
#1284 = CARTESIAN_POINT('',(51.218640720958,20.384927194155,0.));
#1285 = CARTESIAN_POINT('',(50.930414313509,20.91298853852,0.));
#1286 = CARTESIAN_POINT('',(50.648970651024,21.199649796023,-0.));
#1287 = CARTESIAN_POINT('',(50.4849,21.319,0.));
#1288 = PCURVE('',#44,#1289);
#1289 = DEFINITIONAL_REPRESENTATION('',(#1290),#1308);
#1290 = B_SPLINE_CURVE_WITH_KNOTS('',3,(#1291,#1292,#1293,#1294,#1295,
    #1296,#1297,#1298,#1299,#1300,#1301,#1302,#1303,#1304,#1305,#1306,
    #1307),.UNSPECIFIED.,.F.,.F.,(4,1,1,1,1,1,1,1,1,1,1,1,1,1,4),(0.,
    0.668512894416,1.345340745497,2.048082013675,2.729808557093,
    5.80233932667,8.896695791268,11.948518107524,15.045358324584,
    18.115005877643,21.210794307107,21.77996311335,22.364716505815,
    22.95693687865,23.558614042916),.UNSPECIFIED.);
#1291 = CARTESIAN_POINT('',(42.783945169694,-19.16237568805));
#1292 = CARTESIAN_POINT('',(43.007684842729,-19.16386268866));
#1293 = CARTESIAN_POINT('',(43.457233896458,-19.09772296341));
#1294 = CARTESIAN_POINT('',(44.087903637878,-18.81049485563));
#1295 = CARTESIAN_POINT('',(44.600482528448,-18.33547380881));
#1296 = CARTESIAN_POINT('',(45.390637257458,-17.06902353138));
#1297 = CARTESIAN_POINT('',(46.143356909621,-14.89663265241));
#1298 = CARTESIAN_POINT('',(47.151674409217,-11.99966269824));
#1299 = CARTESIAN_POINT('',(48.023333730511,-9.041533230875));
#1300 = CARTESIAN_POINT('',(48.67757353032,-6.033709796694));
#1301 = CARTESIAN_POINT('',(49.132695297316,-2.989734875057));
#1302 = CARTESIAN_POINT('',(49.613588690566,-0.765662616834));
#1303 = CARTESIAN_POINT('',(49.510179362208,0.650757169708));
#1304 = CARTESIAN_POINT('',(49.379285890652,1.222551506104));
#1305 = CARTESIAN_POINT('',(49.091059483203,1.750612850468));
#1306 = CARTESIAN_POINT('',(48.809615820718,2.037274107972));
#1307 = CARTESIAN_POINT('',(48.645545169694,2.156624311949));
#1308 = ( GEOMETRIC_REPRESENTATION_CONTEXT(2) 
PARAMETRIC_REPRESENTATION_CONTEXT() REPRESENTATION_CONTEXT('2D SPACE',''
  ) );
#1309 = PCURVE('',#1310,#1331);
#1310 = SURFACE_OF_LINEAR_EXTRUSION('',#1311,#1329);
#1311 = B_SPLINE_CURVE_WITH_KNOTS('',3,(#1312,#1313,#1314,#1315,#1316,
    #1317,#1318,#1319,#1320,#1321,#1322,#1323,#1324,#1325,#1326,#1327,
    #1328),.UNSPECIFIED.,.F.,.F.,(4,1,1,1,1,1,1,1,1,1,1,1,1,1,4),(0.,
    0.668512894416,1.345340745497,2.048082013675,2.729808557093,
    5.80233932667,8.896695791268,11.948518107524,15.045358324584,
    18.115005877643,21.210794307107,21.77996311335,22.364716505815,
    22.95693687865,23.558614042916),.UNSPECIFIED.);
#1312 = CARTESIAN_POINT('',(44.6233,0.,0.));
#1313 = CARTESIAN_POINT('',(44.847039673034,-1.487000612672E-03,0.));
#1314 = CARTESIAN_POINT('',(45.296588726764,6.465272463899E-02,0.));
#1315 = CARTESIAN_POINT('',(45.927258468184,0.351880832418,0.));
#1316 = CARTESIAN_POINT('',(46.439837358754,0.82690187924,0.));
#1317 = CARTESIAN_POINT('',(47.229992087764,2.093352156666,0.));
#1318 = CARTESIAN_POINT('',(47.982711739927,4.265743035641,0.));
#1319 = CARTESIAN_POINT('',(48.991029239523,7.16271298981,0.));
#1320 = CARTESIAN_POINT('',(49.862688560817,10.120842457176,0.));
#1321 = CARTESIAN_POINT('',(50.516928360626,13.128665891357,0.));
#1322 = CARTESIAN_POINT('',(50.972050127622,16.172640812994,0.));
#1323 = CARTESIAN_POINT('',(51.452943520872,18.396713071217,0.));
#1324 = CARTESIAN_POINT('',(51.349534192514,19.813132857759,0.));
#1325 = CARTESIAN_POINT('',(51.218640720958,20.384927194155,0.));
#1326 = CARTESIAN_POINT('',(50.930414313509,20.91298853852,0.));
#1327 = CARTESIAN_POINT('',(50.648970651024,21.199649796023,-0.));
#1328 = CARTESIAN_POINT('',(50.4849,21.319,0.));
#1329 = VECTOR('',#1330,1.);
#1330 = DIRECTION('',(-0.,-0.,-1.));
#1331 = DEFINITIONAL_REPRESENTATION('',(#1332),#1336);
#1332 = LINE('',#1333,#1334);
#1333 = CARTESIAN_POINT('',(0.,0.));
#1334 = VECTOR('',#1335,1.);
#1335 = DIRECTION('',(1.,0.));
#1336 = ( GEOMETRIC_REPRESENTATION_CONTEXT(2) 
PARAMETRIC_REPRESENTATION_CONTEXT() REPRESENTATION_CONTEXT('2D SPACE',''
  ) );
#1337 = ORIENTED_EDGE('',*,*,#1338,.T.);
#1338 = EDGE_CURVE('',#1267,#1339,#1341,.T.);
#1339 = VERTEX_POINT('',#1340);
#1340 = CARTESIAN_POINT('',(47.62986086547,23.417255472006,0.));
#1341 = SURFACE_CURVE('',#1342,(#1346,#1353),.PCURVE_S1.);
#1342 = LINE('',#1343,#1344);
#1343 = CARTESIAN_POINT('',(50.4849,21.319,0.));
#1344 = VECTOR('',#1345,1.);
#1345 = DIRECTION('',(-0.805790809302,0.592200280011,0.));
#1346 = PCURVE('',#44,#1347);
#1347 = DEFINITIONAL_REPRESENTATION('',(#1348),#1352);
#1348 = LINE('',#1349,#1350);
#1349 = CARTESIAN_POINT('',(48.645545169694,2.156624311949));
#1350 = VECTOR('',#1351,1.);
#1351 = DIRECTION('',(-0.805790809302,0.592200280011));
#1352 = ( GEOMETRIC_REPRESENTATION_CONTEXT(2) 
PARAMETRIC_REPRESENTATION_CONTEXT() REPRESENTATION_CONTEXT('2D SPACE',''
  ) );
#1353 = PCURVE('',#1354,#1359);
#1354 = PLANE('',#1355);
#1355 = AXIS2_PLACEMENT_3D('',#1356,#1357,#1358);
#1356 = CARTESIAN_POINT('',(50.4849,21.319,0.));
#1357 = DIRECTION('',(-0.592200280011,-0.805790809302,0.));
#1358 = DIRECTION('',(-0.805790809302,0.592200280011,0.));
#1359 = DEFINITIONAL_REPRESENTATION('',(#1360),#1364);
#1360 = LINE('',#1361,#1362);
#1361 = CARTESIAN_POINT('',(0.,0.));
#1362 = VECTOR('',#1363,1.);
#1363 = DIRECTION('',(1.,0.));
#1364 = ( GEOMETRIC_REPRESENTATION_CONTEXT(2) 
PARAMETRIC_REPRESENTATION_CONTEXT() REPRESENTATION_CONTEXT('2D SPACE',''
  ) );
#1365 = ORIENTED_EDGE('',*,*,#1366,.F.);
#1366 = EDGE_CURVE('',#1367,#1339,#1369,.T.);
#1367 = VERTEX_POINT('',#1368);
#1368 = CARTESIAN_POINT('',(42.370184463391,14.672832990898,0.));
#1369 = SURFACE_CURVE('',#1370,(#1374,#1381),.PCURVE_S1.);
#1370 = LINE('',#1371,#1372);
#1371 = CARTESIAN_POINT('',(42.370184463391,14.672832990898,0.));
#1372 = VECTOR('',#1373,1.);
#1373 = DIRECTION('',(0.515433836863,0.856929378547,0.));
#1374 = PCURVE('',#44,#1375);
#1375 = DEFINITIONAL_REPRESENTATION('',(#1376),#1380);
#1376 = LINE('',#1377,#1378);
#1377 = CARTESIAN_POINT('',(40.530829633085,-4.489542697153));
#1378 = VECTOR('',#1379,1.);
#1379 = DIRECTION('',(0.515433836863,0.856929378547));
#1380 = ( GEOMETRIC_REPRESENTATION_CONTEXT(2) 
PARAMETRIC_REPRESENTATION_CONTEXT() REPRESENTATION_CONTEXT('2D SPACE',''
  ) );
#1381 = PCURVE('',#1382,#1387);
#1382 = PLANE('',#1383);
#1383 = AXIS2_PLACEMENT_3D('',#1384,#1385,#1386);
#1384 = CARTESIAN_POINT('',(42.370184463391,14.672832990898,0.));
#1385 = DIRECTION('',(-0.856929378547,0.515433836863,0.));
#1386 = DIRECTION('',(0.515433836863,0.856929378547,0.));
#1387 = DEFINITIONAL_REPRESENTATION('',(#1388),#1392);
#1388 = LINE('',#1389,#1390);
#1389 = CARTESIAN_POINT('',(0.,0.));
#1390 = VECTOR('',#1391,1.);
#1391 = DIRECTION('',(1.,0.));
#1392 = ( GEOMETRIC_REPRESENTATION_CONTEXT(2) 
PARAMETRIC_REPRESENTATION_CONTEXT() REPRESENTATION_CONTEXT('2D SPACE',''
  ) );
#1393 = ORIENTED_EDGE('',*,*,#1394,.F.);
#1394 = EDGE_CURVE('',#1395,#1367,#1397,.T.);
#1395 = VERTEX_POINT('',#1396);
#1396 = CARTESIAN_POINT('',(38.723713531581,16.866146174513,0.));
#1397 = SURFACE_CURVE('',#1398,(#1402,#1409),.PCURVE_S1.);
#1398 = LINE('',#1399,#1400);
#1399 = CARTESIAN_POINT('',(29.859015536609,22.198167009102,0.));
#1400 = VECTOR('',#1401,1.);
#1401 = DIRECTION('',(0.856929378547,-0.515433836863,0.));
#1402 = PCURVE('',#44,#1403);
#1403 = DEFINITIONAL_REPRESENTATION('',(#1404),#1408);
#1404 = LINE('',#1405,#1406);
#1405 = CARTESIAN_POINT('',(28.019660706303,3.035791321051));
#1406 = VECTOR('',#1407,1.);
#1407 = DIRECTION('',(0.856929378547,-0.515433836863));
#1408 = ( GEOMETRIC_REPRESENTATION_CONTEXT(2) 
PARAMETRIC_REPRESENTATION_CONTEXT() REPRESENTATION_CONTEXT('2D SPACE',''
  ) );
#1409 = PCURVE('',#1410,#1415);
#1410 = PLANE('',#1411);
#1411 = AXIS2_PLACEMENT_3D('',#1412,#1413,#1414);
#1412 = CARTESIAN_POINT('',(29.859015536609,22.198167009102,0.));
#1413 = DIRECTION('',(0.515433836863,0.856929378547,-0.));
#1414 = DIRECTION('',(0.856929378547,-0.515433836863,0.));
#1415 = DEFINITIONAL_REPRESENTATION('',(#1416),#1420);
#1416 = LINE('',#1417,#1418);
#1417 = CARTESIAN_POINT('',(0.,0.));
#1418 = VECTOR('',#1419,1.);
#1419 = DIRECTION('',(1.,0.));
#1420 = ( GEOMETRIC_REPRESENTATION_CONTEXT(2) 
PARAMETRIC_REPRESENTATION_CONTEXT() REPRESENTATION_CONTEXT('2D SPACE',''
  ) );
#1421 = ORIENTED_EDGE('',*,*,#1422,.T.);
#1422 = EDGE_CURVE('',#1395,#1423,#1425,.T.);
#1423 = VERTEX_POINT('',#1424);
#1424 = CARTESIAN_POINT('',(38.62,16.9228,0.));
#1425 = SURFACE_CURVE('',#1426,(#1436,#1449),.PCURVE_S1.);
#1426 = B_SPLINE_CURVE_WITH_KNOTS('',3,(#1427,#1428,#1429,#1430,#1431,
    #1432,#1433,#1434,#1435),.UNSPECIFIED.,.F.,.F.,(4,1,1,1,1,1,4),(0.,
    0.635932740154,1.241246625671,1.855831241489,2.519319395114,
    3.141058415926,3.75551226285),.UNSPECIFIED.);
#1427 = CARTESIAN_POINT('',(41.9289,17.7264,0.));
#1428 = CARTESIAN_POINT('',(41.796889293357,17.56506010316,0.));
#1429 = CARTESIAN_POINT('',(41.521638003772,17.248528658893,0.));
#1430 = CARTESIAN_POINT('',(41.045460466978,16.849203280749,0.));
#1431 = CARTESIAN_POINT('',(40.455368443856,16.596960769349,0.));
#1432 = CARTESIAN_POINT('',(39.813906001001,16.571945186593,0.));
#1433 = CARTESIAN_POINT('',(39.182972193353,16.660653273232,0.));
#1434 = CARTESIAN_POINT('',(38.798679139744,16.819213077484,-0.));
#1435 = CARTESIAN_POINT('',(38.62,16.9228,0.));
#1436 = PCURVE('',#44,#1437);
#1437 = DEFINITIONAL_REPRESENTATION('',(#1438),#1448);
#1438 = B_SPLINE_CURVE_WITH_KNOTS('',3,(#1439,#1440,#1441,#1442,#1443,
    #1444,#1445,#1446,#1447),.UNSPECIFIED.,.F.,.F.,(4,1,1,1,1,1,4),(0.,
    0.635932740154,1.241246625671,1.855831241489,2.519319395114,
    3.141058415926,3.75551226285),.UNSPECIFIED.);
#1439 = CARTESIAN_POINT('',(40.089545169694,-1.435975688051));
#1440 = CARTESIAN_POINT('',(39.957534463051,-1.597315584891));
#1441 = CARTESIAN_POINT('',(39.682283173466,-1.913847029158));
#1442 = CARTESIAN_POINT('',(39.206105636673,-2.313172407302));
#1443 = CARTESIAN_POINT('',(38.61601361355,-2.565414918702));
#1444 = CARTESIAN_POINT('',(37.974551170695,-2.590430501458));
#1445 = CARTESIAN_POINT('',(37.343617363047,-2.50172241482));
#1446 = CARTESIAN_POINT('',(36.959324309438,-2.343162610567));
#1447 = CARTESIAN_POINT('',(36.780645169694,-2.239575688051));
#1448 = ( GEOMETRIC_REPRESENTATION_CONTEXT(2) 
PARAMETRIC_REPRESENTATION_CONTEXT() REPRESENTATION_CONTEXT('2D SPACE',''
  ) );
#1449 = PCURVE('',#1450,#1463);
#1450 = SURFACE_OF_LINEAR_EXTRUSION('',#1451,#1461);
#1451 = B_SPLINE_CURVE_WITH_KNOTS('',3,(#1452,#1453,#1454,#1455,#1456,
    #1457,#1458,#1459,#1460),.UNSPECIFIED.,.F.,.F.,(4,1,1,1,1,1,4),(0.,
    0.635932740154,1.241246625671,1.855831241489,2.519319395114,
    3.141058415926,3.75551226285),.UNSPECIFIED.);
#1452 = CARTESIAN_POINT('',(41.9289,17.7264,0.));
#1453 = CARTESIAN_POINT('',(41.796889293357,17.56506010316,0.));
#1454 = CARTESIAN_POINT('',(41.521638003772,17.248528658893,0.));
#1455 = CARTESIAN_POINT('',(41.045460466978,16.849203280749,0.));
#1456 = CARTESIAN_POINT('',(40.455368443856,16.596960769349,0.));
#1457 = CARTESIAN_POINT('',(39.813906001001,16.571945186593,0.));
#1458 = CARTESIAN_POINT('',(39.182972193353,16.660653273232,0.));
#1459 = CARTESIAN_POINT('',(38.798679139744,16.819213077484,-0.));
#1460 = CARTESIAN_POINT('',(38.62,16.9228,0.));
#1461 = VECTOR('',#1462,1.);
#1462 = DIRECTION('',(-0.,-0.,-1.));
#1463 = DEFINITIONAL_REPRESENTATION('',(#1464),#1468);
#1464 = LINE('',#1465,#1466);
#1465 = CARTESIAN_POINT('',(0.,0.));
#1466 = VECTOR('',#1467,1.);
#1467 = DIRECTION('',(1.,0.));
#1468 = ( GEOMETRIC_REPRESENTATION_CONTEXT(2) 
PARAMETRIC_REPRESENTATION_CONTEXT() REPRESENTATION_CONTEXT('2D SPACE',''
  ) );
#1469 = ORIENTED_EDGE('',*,*,#1470,.T.);
#1470 = EDGE_CURVE('',#1423,#1471,#1473,.T.);
#1471 = VERTEX_POINT('',#1472);
#1472 = CARTESIAN_POINT('',(33.562,19.9481,0.));
#1473 = SURFACE_CURVE('',#1474,(#1478,#1485),.PCURVE_S1.);
#1474 = LINE('',#1475,#1476);
#1475 = CARTESIAN_POINT('',(38.62,16.9228,0.));
#1476 = VECTOR('',#1477,1.);
#1477 = DIRECTION('',(-0.858203233787,0.513310052032,0.));
#1478 = PCURVE('',#44,#1479);
#1479 = DEFINITIONAL_REPRESENTATION('',(#1480),#1484);
#1480 = LINE('',#1481,#1482);
#1481 = CARTESIAN_POINT('',(36.780645169694,-2.239575688051));
#1482 = VECTOR('',#1483,1.);
#1483 = DIRECTION('',(-0.858203233787,0.513310052032));
#1484 = ( GEOMETRIC_REPRESENTATION_CONTEXT(2) 
PARAMETRIC_REPRESENTATION_CONTEXT() REPRESENTATION_CONTEXT('2D SPACE',''
  ) );
#1485 = PCURVE('',#1486,#1491);
#1486 = PLANE('',#1487);
#1487 = AXIS2_PLACEMENT_3D('',#1488,#1489,#1490);
#1488 = CARTESIAN_POINT('',(38.62,16.9228,0.));
#1489 = DIRECTION('',(-0.513310052032,-0.858203233787,0.));
#1490 = DIRECTION('',(-0.858203233787,0.513310052032,0.));
#1491 = DEFINITIONAL_REPRESENTATION('',(#1492),#1496);
#1492 = LINE('',#1493,#1494);
#1493 = CARTESIAN_POINT('',(0.,0.));
#1494 = VECTOR('',#1495,1.);
#1495 = DIRECTION('',(1.,0.));
#1496 = ( GEOMETRIC_REPRESENTATION_CONTEXT(2) 
PARAMETRIC_REPRESENTATION_CONTEXT() REPRESENTATION_CONTEXT('2D SPACE',''
  ) );
#1497 = ORIENTED_EDGE('',*,*,#1498,.T.);
#1498 = EDGE_CURVE('',#1471,#1499,#1501,.T.);
#1499 = VERTEX_POINT('',#1500);
#1500 = CARTESIAN_POINT('',(33.309189826268,20.122924151888,0.));
#1501 = SURFACE_CURVE('',#1502,(#1512,#1525),.PCURVE_S1.);
#1502 = B_SPLINE_CURVE_WITH_KNOTS('',3,(#1503,#1504,#1505,#1506,#1507,
    #1508,#1509,#1510,#1511),.UNSPECIFIED.,.F.,.F.,(4,1,1,1,1,1,4),(0.,
    0.605376354015,1.248306840148,1.862799150922,2.479116877423,
    3.100954734103,3.715408581027),.UNSPECIFIED.);
#1503 = CARTESIAN_POINT('',(33.562,19.9481,0.));
#1504 = CARTESIAN_POINT('',(33.386171443839,20.051521308134,0.));
#1505 = CARTESIAN_POINT('',(33.05932842605,20.315712778024,0.));
#1506 = CARTESIAN_POINT('',(32.699375637742,20.827562291409,0.));
#1507 = CARTESIAN_POINT('',(32.436027211491,21.404681145681,0.));
#1508 = CARTESIAN_POINT('',(32.408235305737,22.031953961368,0.));
#1509 = CARTESIAN_POINT('',(32.49627931585,22.646623208022,0.));
#1510 = CARTESIAN_POINT('',(32.655706128302,23.031221150476,-0.));
#1511 = CARTESIAN_POINT('',(32.7584,23.2098,0.));
#1512 = PCURVE('',#44,#1513);
#1513 = DEFINITIONAL_REPRESENTATION('',(#1514),#1524);
#1514 = B_SPLINE_CURVE_WITH_KNOTS('',3,(#1515,#1516,#1517,#1518,#1519,
    #1520,#1521,#1522,#1523),.UNSPECIFIED.,.F.,.F.,(4,1,1,1,1,1,4),(0.,
    0.605376354015,1.248306840148,1.862799150922,2.479116877423,
    3.100954734103,3.715408581027),.UNSPECIFIED.);
#1515 = CARTESIAN_POINT('',(31.722645169694,0.785724311949));
#1516 = CARTESIAN_POINT('',(31.546816613533,0.889145620083));
#1517 = CARTESIAN_POINT('',(31.219973595745,1.153337089973));
#1518 = CARTESIAN_POINT('',(30.860020807437,1.665186603358));
#1519 = CARTESIAN_POINT('',(30.596672381185,2.24230545763));
#1520 = CARTESIAN_POINT('',(30.568880475431,2.869578273317));
#1521 = CARTESIAN_POINT('',(30.656924485544,3.484247519971));
#1522 = CARTESIAN_POINT('',(30.816351297997,3.868845462424));
#1523 = CARTESIAN_POINT('',(30.919045169694,4.047424311949));
#1524 = ( GEOMETRIC_REPRESENTATION_CONTEXT(2) 
PARAMETRIC_REPRESENTATION_CONTEXT() REPRESENTATION_CONTEXT('2D SPACE',''
  ) );
#1525 = PCURVE('',#1526,#1539);
#1526 = SURFACE_OF_LINEAR_EXTRUSION('',#1527,#1537);
#1527 = B_SPLINE_CURVE_WITH_KNOTS('',3,(#1528,#1529,#1530,#1531,#1532,
    #1533,#1534,#1535,#1536),.UNSPECIFIED.,.F.,.F.,(4,1,1,1,1,1,4),(0.,
    0.605376354015,1.248306840148,1.862799150922,2.479116877423,
    3.100954734103,3.715408581027),.UNSPECIFIED.);
#1528 = CARTESIAN_POINT('',(33.562,19.9481,0.));
#1529 = CARTESIAN_POINT('',(33.386171443839,20.051521308134,0.));
#1530 = CARTESIAN_POINT('',(33.05932842605,20.315712778024,0.));
#1531 = CARTESIAN_POINT('',(32.699375637742,20.827562291409,0.));
#1532 = CARTESIAN_POINT('',(32.436027211491,21.404681145681,0.));
#1533 = CARTESIAN_POINT('',(32.408235305737,22.031953961368,0.));
#1534 = CARTESIAN_POINT('',(32.49627931585,22.646623208022,0.));
#1535 = CARTESIAN_POINT('',(32.655706128302,23.031221150476,-0.));
#1536 = CARTESIAN_POINT('',(32.7584,23.2098,0.));
#1537 = VECTOR('',#1538,1.);
#1538 = DIRECTION('',(-0.,-0.,-1.));
#1539 = DEFINITIONAL_REPRESENTATION('',(#1540),#1544);
#1540 = LINE('',#1541,#1542);
#1541 = CARTESIAN_POINT('',(0.,0.));
#1542 = VECTOR('',#1543,1.);
#1543 = DIRECTION('',(1.,0.));
#1544 = ( GEOMETRIC_REPRESENTATION_CONTEXT(2) 
PARAMETRIC_REPRESENTATION_CONTEXT() REPRESENTATION_CONTEXT('2D SPACE',''
  ) );
#1545 = ORIENTED_EDGE('',*,*,#1546,.F.);
#1546 = EDGE_CURVE('',#1547,#1499,#1549,.T.);
#1547 = VERTEX_POINT('',#1548);
#1548 = CARTESIAN_POINT('',(29.859015536609,22.198167009102,0.));
#1549 = SURFACE_CURVE('',#1550,(#1554,#1561),.PCURVE_S1.);
#1550 = LINE('',#1551,#1552);
#1551 = CARTESIAN_POINT('',(29.859015536609,22.198167009102,0.));
#1552 = VECTOR('',#1553,1.);
#1553 = DIRECTION('',(0.856929378547,-0.515433836863,0.));
#1554 = PCURVE('',#44,#1555);
#1555 = DEFINITIONAL_REPRESENTATION('',(#1556),#1560);
#1556 = LINE('',#1557,#1558);
#1557 = CARTESIAN_POINT('',(28.019660706303,3.035791321051));
#1558 = VECTOR('',#1559,1.);
#1559 = DIRECTION('',(0.856929378547,-0.515433836863));
#1560 = ( GEOMETRIC_REPRESENTATION_CONTEXT(2) 
PARAMETRIC_REPRESENTATION_CONTEXT() REPRESENTATION_CONTEXT('2D SPACE',''
  ) );
#1561 = PCURVE('',#1562,#1567);
#1562 = PLANE('',#1563);
#1563 = AXIS2_PLACEMENT_3D('',#1564,#1565,#1566);
#1564 = CARTESIAN_POINT('',(29.859015536609,22.198167009102,0.));
#1565 = DIRECTION('',(0.515433836863,0.856929378547,-0.));
#1566 = DIRECTION('',(0.856929378547,-0.515433836863,0.));
#1567 = DEFINITIONAL_REPRESENTATION('',(#1568),#1572);
#1568 = LINE('',#1569,#1570);
#1569 = CARTESIAN_POINT('',(0.,0.));
#1570 = VECTOR('',#1571,1.);
#1571 = DIRECTION('',(1.,0.));
#1572 = ( GEOMETRIC_REPRESENTATION_CONTEXT(2) 
PARAMETRIC_REPRESENTATION_CONTEXT() REPRESENTATION_CONTEXT('2D SPACE',''
  ) );
#1573 = ORIENTED_EDGE('',*,*,#1574,.F.);
#1574 = EDGE_CURVE('',#1575,#1547,#1577,.T.);
#1575 = VERTEX_POINT('',#1576);
#1576 = CARTESIAN_POINT('',(35.005056970963,30.753666809334,0.));
#1577 = SURFACE_CURVE('',#1578,(#1582,#1589),.PCURVE_S1.);
#1578 = LINE('',#1579,#1580);
#1579 = CARTESIAN_POINT('',(42.572660854301,43.335111078305,0.));
#1580 = VECTOR('',#1581,1.);
#1581 = DIRECTION('',(-0.515433836863,-0.856929378547,0.));
#1582 = PCURVE('',#44,#1583);
#1583 = DEFINITIONAL_REPRESENTATION('',(#1584),#1588);
#1584 = LINE('',#1585,#1586);
#1585 = CARTESIAN_POINT('',(40.733306023995,24.172735390253));
#1586 = VECTOR('',#1587,1.);
#1587 = DIRECTION('',(-0.515433836863,-0.856929378547));
#1588 = ( GEOMETRIC_REPRESENTATION_CONTEXT(2) 
PARAMETRIC_REPRESENTATION_CONTEXT() REPRESENTATION_CONTEXT('2D SPACE',''
  ) );
#1589 = PCURVE('',#1590,#1595);
#1590 = PLANE('',#1591);
#1591 = AXIS2_PLACEMENT_3D('',#1592,#1593,#1594);
#1592 = CARTESIAN_POINT('',(42.572660854301,43.335111078305,0.));
#1593 = DIRECTION('',(0.856929378547,-0.515433836863,0.));
#1594 = DIRECTION('',(-0.515433836863,-0.856929378547,0.));
#1595 = DEFINITIONAL_REPRESENTATION('',(#1596),#1600);
#1596 = LINE('',#1597,#1598);
#1597 = CARTESIAN_POINT('',(0.,0.));
#1598 = VECTOR('',#1599,1.);
#1599 = DIRECTION('',(1.,0.));
#1600 = ( GEOMETRIC_REPRESENTATION_CONTEXT(2) 
PARAMETRIC_REPRESENTATION_CONTEXT() REPRESENTATION_CONTEXT('2D SPACE',''
  ) );
#1601 = ORIENTED_EDGE('',*,*,#1602,.T.);
#1602 = EDGE_CURVE('',#1575,#1603,#1605,.T.);
#1603 = VERTEX_POINT('',#1604);
#1604 = CARTESIAN_POINT('',(32.439593340466,31.863744764379,0.));
#1605 = SURFACE_CURVE('',#1606,(#1610,#1617),.PCURVE_S1.);
#1606 = LINE('',#1607,#1608);
#1607 = CARTESIAN_POINT('',(36.1619,30.2531,0.));
#1608 = VECTOR('',#1609,1.);
#1609 = DIRECTION('',(-0.917767311307,0.397118574604,0.));
#1610 = PCURVE('',#44,#1611);
#1611 = DEFINITIONAL_REPRESENTATION('',(#1612),#1616);
#1612 = LINE('',#1613,#1614);
#1613 = CARTESIAN_POINT('',(34.322545169694,11.090724311949));
#1614 = VECTOR('',#1615,1.);
#1615 = DIRECTION('',(-0.917767311307,0.397118574604));
#1616 = ( GEOMETRIC_REPRESENTATION_CONTEXT(2) 
PARAMETRIC_REPRESENTATION_CONTEXT() REPRESENTATION_CONTEXT('2D SPACE',''
  ) );
#1617 = PCURVE('',#1618,#1623);
#1618 = PLANE('',#1619);
#1619 = AXIS2_PLACEMENT_3D('',#1620,#1621,#1622);
#1620 = CARTESIAN_POINT('',(36.1619,30.2531,0.));
#1621 = DIRECTION('',(-0.397118574604,-0.917767311307,0.));
#1622 = DIRECTION('',(-0.917767311307,0.397118574604,0.));
#1623 = DEFINITIONAL_REPRESENTATION('',(#1624),#1628);
#1624 = LINE('',#1625,#1626);
#1625 = CARTESIAN_POINT('',(0.,0.));
#1626 = VECTOR('',#1627,1.);
#1627 = DIRECTION('',(1.,0.));
#1628 = ( GEOMETRIC_REPRESENTATION_CONTEXT(2) 
PARAMETRIC_REPRESENTATION_CONTEXT() REPRESENTATION_CONTEXT('2D SPACE',''
  ) );
#1629 = ORIENTED_EDGE('',*,*,#1630,.F.);
#1630 = EDGE_CURVE('',#1631,#1603,#1633,.T.);
#1631 = VERTEX_POINT('',#1632);
#1632 = CARTESIAN_POINT('',(29.544525921365,22.864921334844,0.));
#1633 = SURFACE_CURVE('',#1634,(#1638,#1645),.PCURVE_S1.);
#1634 = LINE('',#1635,#1636);
#1635 = CARTESIAN_POINT('',(29.544525921365,22.864921334844,0.));
#1636 = VECTOR('',#1637,1.);
#1637 = DIRECTION('',(0.306257351391,0.951948756351,0.));
#1638 = PCURVE('',#44,#1639);
#1639 = DEFINITIONAL_REPRESENTATION('',(#1640),#1644);
#1640 = LINE('',#1641,#1642);
#1641 = CARTESIAN_POINT('',(27.705171091059,3.702545646793));
#1642 = VECTOR('',#1643,1.);
#1643 = DIRECTION('',(0.306257351391,0.951948756351));
#1644 = ( GEOMETRIC_REPRESENTATION_CONTEXT(2) 
PARAMETRIC_REPRESENTATION_CONTEXT() REPRESENTATION_CONTEXT('2D SPACE',''
  ) );
#1645 = PCURVE('',#1646,#1651);
#1646 = PLANE('',#1647);
#1647 = AXIS2_PLACEMENT_3D('',#1648,#1649,#1650);
#1648 = CARTESIAN_POINT('',(29.544525921365,22.864921334844,0.));
#1649 = DIRECTION('',(-0.951948756351,0.306257351391,0.));
#1650 = DIRECTION('',(0.306257351391,0.951948756351,0.));
#1651 = DEFINITIONAL_REPRESENTATION('',(#1652),#1656);
#1652 = LINE('',#1653,#1654);
#1653 = CARTESIAN_POINT('',(0.,0.));
#1654 = VECTOR('',#1655,1.);
#1655 = DIRECTION('',(1.,0.));
#1656 = ( GEOMETRIC_REPRESENTATION_CONTEXT(2) 
PARAMETRIC_REPRESENTATION_CONTEXT() REPRESENTATION_CONTEXT('2D SPACE',''
  ) );
#1657 = ORIENTED_EDGE('',*,*,#1658,.F.);
#1658 = EDGE_CURVE('',#1659,#1631,#1661,.T.);
#1659 = VERTEX_POINT('',#1660);
#1660 = CARTESIAN_POINT('',(25.39820983428,24.198858455292,0.));
#1661 = SURFACE_CURVE('',#1662,(#1666,#1673),.PCURVE_S1.);
#1662 = LINE('',#1663,#1664);
#1663 = CARTESIAN_POINT('',(15.646074078635,27.336278665156,0.));
#1664 = VECTOR('',#1665,1.);
#1665 = DIRECTION('',(0.951948756351,-0.306257351391,0.));
#1666 = PCURVE('',#44,#1667);
#1667 = DEFINITIONAL_REPRESENTATION('',(#1668),#1672);
#1668 = LINE('',#1669,#1670);
#1669 = CARTESIAN_POINT('',(13.80671924833,8.173902977105));
#1670 = VECTOR('',#1671,1.);
#1671 = DIRECTION('',(0.951948756351,-0.306257351391));
#1672 = ( GEOMETRIC_REPRESENTATION_CONTEXT(2) 
PARAMETRIC_REPRESENTATION_CONTEXT() REPRESENTATION_CONTEXT('2D SPACE',''
  ) );
#1673 = PCURVE('',#1674,#1679);
#1674 = PLANE('',#1675);
#1675 = AXIS2_PLACEMENT_3D('',#1676,#1677,#1678);
#1676 = CARTESIAN_POINT('',(15.646074078635,27.336278665156,0.));
#1677 = DIRECTION('',(0.306257351391,0.951948756351,-0.));
#1678 = DIRECTION('',(0.951948756351,-0.306257351391,0.));
#1679 = DEFINITIONAL_REPRESENTATION('',(#1680),#1684);
#1680 = LINE('',#1681,#1682);
#1681 = CARTESIAN_POINT('',(0.,0.));
#1682 = VECTOR('',#1683,1.);
#1683 = DIRECTION('',(1.,0.));
#1684 = ( GEOMETRIC_REPRESENTATION_CONTEXT(2) 
PARAMETRIC_REPRESENTATION_CONTEXT() REPRESENTATION_CONTEXT('2D SPACE',''
  ) );
#1685 = ORIENTED_EDGE('',*,*,#1686,.T.);
#1686 = EDGE_CURVE('',#1659,#1687,#1689,.T.);
#1687 = VERTEX_POINT('',#1688);
#1688 = CARTESIAN_POINT('',(25.3842,24.2025,0.));
#1689 = SURFACE_CURVE('',#1690,(#1700,#1713),.PCURVE_S1.);
#1690 = B_SPLINE_CURVE_WITH_KNOTS('',3,(#1691,#1692,#1693,#1694,#1695,
    #1696,#1697,#1698,#1699),.UNSPECIFIED.,.F.,.F.,(4,1,1,1,1,1,4),(0.,
    0.634193606086,1.27012634624,1.847135964877,2.505539496156,
    3.121857222657,3.743695079337),.UNSPECIFIED.);
#1691 = CARTESIAN_POINT('',(28.4096,25.7624,0.));
#1692 = CARTESIAN_POINT('',(28.343085819262,25.559335230476,0.));
#1693 = CARTESIAN_POINT('',(28.149255234864,25.178727093913,0.));
#1694 = CARTESIAN_POINT('',(27.729586363518,24.718260057787,0.));
#1695 = CARTESIAN_POINT('',(27.21630297366,24.357998991447,0.));
#1696 = CARTESIAN_POINT('',(26.633998731343,24.124722625436,0.));
#1697 = CARTESIAN_POINT('',(25.995969917349,24.085338187564,0.));
#1698 = CARTESIAN_POINT('',(25.583364266591,24.150221053045,-0.));
#1699 = CARTESIAN_POINT('',(25.3842,24.2025,0.));
#1700 = PCURVE('',#44,#1701);
#1701 = DEFINITIONAL_REPRESENTATION('',(#1702),#1712);
#1702 = B_SPLINE_CURVE_WITH_KNOTS('',3,(#1703,#1704,#1705,#1706,#1707,
    #1708,#1709,#1710,#1711),.UNSPECIFIED.,.F.,.F.,(4,1,1,1,1,1,4),(0.,
    0.634193606086,1.27012634624,1.847135964877,2.505539496156,
    3.121857222657,3.743695079337),.UNSPECIFIED.);
#1703 = CARTESIAN_POINT('',(26.570245169694,6.600024311949));
#1704 = CARTESIAN_POINT('',(26.503730988957,6.396959542425));
#1705 = CARTESIAN_POINT('',(26.309900404558,6.016351405862));
#1706 = CARTESIAN_POINT('',(25.890231533213,5.555884369735));
#1707 = CARTESIAN_POINT('',(25.376948143354,5.195623303396));
#1708 = CARTESIAN_POINT('',(24.794643901037,4.962346937385));
#1709 = CARTESIAN_POINT('',(24.156615087043,4.922962499513));
#1710 = CARTESIAN_POINT('',(23.744009436286,4.987845364994));
#1711 = CARTESIAN_POINT('',(23.544845169694,5.040124311949));
#1712 = ( GEOMETRIC_REPRESENTATION_CONTEXT(2) 
PARAMETRIC_REPRESENTATION_CONTEXT() REPRESENTATION_CONTEXT('2D SPACE',''
  ) );
#1713 = PCURVE('',#1714,#1727);
#1714 = SURFACE_OF_LINEAR_EXTRUSION('',#1715,#1725);
#1715 = B_SPLINE_CURVE_WITH_KNOTS('',3,(#1716,#1717,#1718,#1719,#1720,
    #1721,#1722,#1723,#1724),.UNSPECIFIED.,.F.,.F.,(4,1,1,1,1,1,4),(0.,
    0.634193606086,1.27012634624,1.847135964877,2.505539496156,
    3.121857222657,3.743695079337),.UNSPECIFIED.);
#1716 = CARTESIAN_POINT('',(28.4096,25.7624,0.));
#1717 = CARTESIAN_POINT('',(28.343085819262,25.559335230476,0.));
#1718 = CARTESIAN_POINT('',(28.149255234864,25.178727093913,0.));
#1719 = CARTESIAN_POINT('',(27.729586363518,24.718260057787,0.));
#1720 = CARTESIAN_POINT('',(27.21630297366,24.357998991447,0.));
#1721 = CARTESIAN_POINT('',(26.633998731343,24.124722625436,0.));
#1722 = CARTESIAN_POINT('',(25.995969917349,24.085338187564,0.));
#1723 = CARTESIAN_POINT('',(25.583364266591,24.150221053045,-0.));
#1724 = CARTESIAN_POINT('',(25.3842,24.2025,0.));
#1725 = VECTOR('',#1726,1.);
#1726 = DIRECTION('',(-0.,-0.,-1.));
#1727 = DEFINITIONAL_REPRESENTATION('',(#1728),#1732);
#1728 = LINE('',#1729,#1730);
#1729 = CARTESIAN_POINT('',(0.,0.));
#1730 = VECTOR('',#1731,1.);
#1731 = DIRECTION('',(1.,0.));
#1732 = ( GEOMETRIC_REPRESENTATION_CONTEXT(2) 
PARAMETRIC_REPRESENTATION_CONTEXT() REPRESENTATION_CONTEXT('2D SPACE',''
  ) );
#1733 = ORIENTED_EDGE('',*,*,#1734,.T.);
#1734 = EDGE_CURVE('',#1687,#1735,#1737,.T.);
#1735 = VERTEX_POINT('',#1736);
#1736 = CARTESIAN_POINT('',(19.7591,25.9988,0.));
#1737 = SURFACE_CURVE('',#1738,(#1742,#1749),.PCURVE_S1.);
#1738 = LINE('',#1739,#1740);
#1739 = CARTESIAN_POINT('',(25.3842,24.2025,0.));
#1740 = VECTOR('',#1741,1.);
#1741 = DIRECTION('',(-0.952607432428,0.304202366335,0.));
#1742 = PCURVE('',#44,#1743);
#1743 = DEFINITIONAL_REPRESENTATION('',(#1744),#1748);
#1744 = LINE('',#1745,#1746);
#1745 = CARTESIAN_POINT('',(23.544845169694,5.040124311949));
#1746 = VECTOR('',#1747,1.);
#1747 = DIRECTION('',(-0.952607432428,0.304202366335));
#1748 = ( GEOMETRIC_REPRESENTATION_CONTEXT(2) 
PARAMETRIC_REPRESENTATION_CONTEXT() REPRESENTATION_CONTEXT('2D SPACE',''
  ) );
#1749 = PCURVE('',#1750,#1755);
#1750 = PLANE('',#1751);
#1751 = AXIS2_PLACEMENT_3D('',#1752,#1753,#1754);
#1752 = CARTESIAN_POINT('',(25.3842,24.2025,0.));
#1753 = DIRECTION('',(-0.304202366335,-0.952607432428,0.));
#1754 = DIRECTION('',(-0.952607432428,0.304202366335,0.));
#1755 = DEFINITIONAL_REPRESENTATION('',(#1756),#1760);
#1756 = LINE('',#1757,#1758);
#1757 = CARTESIAN_POINT('',(0.,0.));
#1758 = VECTOR('',#1759,1.);
#1759 = DIRECTION('',(1.,0.));
#1760 = ( GEOMETRIC_REPRESENTATION_CONTEXT(2) 
PARAMETRIC_REPRESENTATION_CONTEXT() REPRESENTATION_CONTEXT('2D SPACE',''
  ) );
#1761 = ORIENTED_EDGE('',*,*,#1762,.T.);
#1762 = EDGE_CURVE('',#1735,#1763,#1765,.T.);
#1763 = VERTEX_POINT('',#1764);
#1764 = CARTESIAN_POINT('',(19.545576060534,26.081745644599,0.));
#1765 = SURFACE_CURVE('',#1766,(#1776,#1789),.PCURVE_S1.);
#1766 = B_SPLINE_CURVE_WITH_KNOTS('',3,(#1767,#1768,#1769,#1770,#1771,
    #1772,#1773,#1774,#1775),.UNSPECIFIED.,.F.,.F.,(4,1,1,1,1,1,4),(0.,
    0.634238322715,1.270171062869,1.847180681506,2.505548314368,
    3.121965745984,3.752614213833),.UNSPECIFIED.);
#1767 = CARTESIAN_POINT('',(19.7591,25.9988,0.));
#1768 = CARTESIAN_POINT('',(19.555984036133,26.065244521472,0.));
#1769 = CARTESIAN_POINT('',(19.175280502759,26.259021703615,0.));
#1770 = CARTESIAN_POINT('',(18.715022497193,26.678692809539,0.));
#1771 = CARTESIAN_POINT('',(18.354040269837,27.192076636436,0.));
#1772 = CARTESIAN_POINT('',(18.123700826679,27.773926195437,0.));
#1773 = CARTESIAN_POINT('',(18.073957753039,28.416859767242,0.));
#1774 = CARTESIAN_POINT('',(18.165296433841,28.827586226848,-0.));
#1775 = CARTESIAN_POINT('',(18.2464,29.0241,0.));
#1776 = PCURVE('',#44,#1777);
#1777 = DEFINITIONAL_REPRESENTATION('',(#1778),#1788);
#1778 = B_SPLINE_CURVE_WITH_KNOTS('',3,(#1779,#1780,#1781,#1782,#1783,
    #1784,#1785,#1786,#1787),.UNSPECIFIED.,.F.,.F.,(4,1,1,1,1,1,4),(0.,
    0.634238322715,1.270171062869,1.847180681506,2.505548314368,
    3.121965745984,3.752614213833),.UNSPECIFIED.);
#1779 = CARTESIAN_POINT('',(17.919745169694,6.836424311949));
#1780 = CARTESIAN_POINT('',(17.716629205827,6.902868833421));
#1781 = CARTESIAN_POINT('',(17.335925672453,7.096646015564));
#1782 = CARTESIAN_POINT('',(16.875667666887,7.516317121487));
#1783 = CARTESIAN_POINT('',(16.514685439531,8.029700948385));
#1784 = CARTESIAN_POINT('',(16.284345996374,8.611550507386));
#1785 = CARTESIAN_POINT('',(16.234602922733,9.254484079191));
#1786 = CARTESIAN_POINT('',(16.325941603536,9.665210538797));
#1787 = CARTESIAN_POINT('',(16.407045169694,9.861724311949));
#1788 = ( GEOMETRIC_REPRESENTATION_CONTEXT(2) 
PARAMETRIC_REPRESENTATION_CONTEXT() REPRESENTATION_CONTEXT('2D SPACE',''
  ) );
#1789 = PCURVE('',#1790,#1803);
#1790 = SURFACE_OF_LINEAR_EXTRUSION('',#1791,#1801);
#1791 = B_SPLINE_CURVE_WITH_KNOTS('',3,(#1792,#1793,#1794,#1795,#1796,
    #1797,#1798,#1799,#1800),.UNSPECIFIED.,.F.,.F.,(4,1,1,1,1,1,4),(0.,
    0.634238322715,1.270171062869,1.847180681506,2.505548314368,
    3.121965745984,3.752614213833),.UNSPECIFIED.);
#1792 = CARTESIAN_POINT('',(19.7591,25.9988,0.));
#1793 = CARTESIAN_POINT('',(19.555984036133,26.065244521472,0.));
#1794 = CARTESIAN_POINT('',(19.175280502759,26.259021703615,0.));
#1795 = CARTESIAN_POINT('',(18.715022497193,26.678692809539,0.));
#1796 = CARTESIAN_POINT('',(18.354040269837,27.192076636436,0.));
#1797 = CARTESIAN_POINT('',(18.123700826679,27.773926195437,0.));
#1798 = CARTESIAN_POINT('',(18.073957753039,28.416859767242,0.));
#1799 = CARTESIAN_POINT('',(18.165296433841,28.827586226848,-0.));
#1800 = CARTESIAN_POINT('',(18.2464,29.0241,0.));
#1801 = VECTOR('',#1802,1.);
#1802 = DIRECTION('',(-0.,-0.,-1.));
#1803 = DEFINITIONAL_REPRESENTATION('',(#1804),#1808);
#1804 = LINE('',#1805,#1806);
#1805 = CARTESIAN_POINT('',(0.,0.));
#1806 = VECTOR('',#1807,1.);
#1807 = DIRECTION('',(1.,0.));
#1808 = ( GEOMETRIC_REPRESENTATION_CONTEXT(2) 
PARAMETRIC_REPRESENTATION_CONTEXT() REPRESENTATION_CONTEXT('2D SPACE',''
  ) );
#1809 = ORIENTED_EDGE('',*,*,#1810,.F.);
#1810 = EDGE_CURVE('',#138,#1763,#1811,.T.);
#1811 = SURFACE_CURVE('',#1812,(#1816,#1823),.PCURVE_S1.);
#1812 = LINE('',#1813,#1814);
#1813 = CARTESIAN_POINT('',(15.646074078635,27.336278665156,0.));
#1814 = VECTOR('',#1815,1.);
#1815 = DIRECTION('',(0.951948756351,-0.306257351391,0.));
#1816 = PCURVE('',#44,#1817);
#1817 = DEFINITIONAL_REPRESENTATION('',(#1818),#1822);
#1818 = LINE('',#1819,#1820);
#1819 = CARTESIAN_POINT('',(13.80671924833,8.173902977105));
#1820 = VECTOR('',#1821,1.);
#1821 = DIRECTION('',(0.951948756351,-0.306257351391));
#1822 = ( GEOMETRIC_REPRESENTATION_CONTEXT(2) 
PARAMETRIC_REPRESENTATION_CONTEXT() REPRESENTATION_CONTEXT('2D SPACE',''
  ) );
#1823 = PCURVE('',#1824,#1829);
#1824 = PLANE('',#1825);
#1825 = AXIS2_PLACEMENT_3D('',#1826,#1827,#1828);
#1826 = CARTESIAN_POINT('',(15.646074078635,27.336278665156,0.));
#1827 = DIRECTION('',(0.306257351391,0.951948756351,-0.));
#1828 = DIRECTION('',(0.951948756351,-0.306257351391,0.));
#1829 = DEFINITIONAL_REPRESENTATION('',(#1830),#1834);
#1830 = LINE('',#1831,#1832);
#1831 = CARTESIAN_POINT('',(0.,0.));
#1832 = VECTOR('',#1833,1.);
#1833 = DIRECTION('',(1.,0.));
#1834 = ( GEOMETRIC_REPRESENTATION_CONTEXT(2) 
PARAMETRIC_REPRESENTATION_CONTEXT() REPRESENTATION_CONTEXT('2D SPACE',''
  ) );
#1835 = FACE_BOUND('',#1836,.F.);
#1836 = EDGE_LOOP('',(#1837));
#1837 = ORIENTED_EDGE('',*,*,#1838,.F.);
#1838 = EDGE_CURVE('',#1839,#1839,#1841,.T.);
#1839 = VERTEX_POINT('',#1840);
#1840 = CARTESIAN_POINT('',(-37.0483,8.5323,0.));
#1841 = SURFACE_CURVE('',#1842,(#1847,#1854),.PCURVE_S1.);
#1842 = CIRCLE('',#1843,1.4299);
#1843 = AXIS2_PLACEMENT_3D('',#1844,#1845,#1846);
#1844 = CARTESIAN_POINT('',(-38.4782,8.5323,0.));
#1845 = DIRECTION('',(0.,0.,1.));
#1846 = DIRECTION('',(1.,0.,0.));
#1847 = PCURVE('',#44,#1848);
#1848 = DEFINITIONAL_REPRESENTATION('',(#1849),#1853);
#1849 = CIRCLE('',#1850,1.4299);
#1850 = AXIS2_PLACEMENT_2D('',#1851,#1852);
#1851 = CARTESIAN_POINT('',(-40.3175548303,-10.63007568805));
#1852 = DIRECTION('',(1.,0.));
#1853 = ( GEOMETRIC_REPRESENTATION_CONTEXT(2) 
PARAMETRIC_REPRESENTATION_CONTEXT() REPRESENTATION_CONTEXT('2D SPACE',''
  ) );
#1854 = PCURVE('',#1855,#1860);
#1855 = CYLINDRICAL_SURFACE('',#1856,1.4299);
#1856 = AXIS2_PLACEMENT_3D('',#1857,#1858,#1859);
#1857 = CARTESIAN_POINT('',(-38.4782,8.5323,0.));
#1858 = DIRECTION('',(-0.,-0.,-1.));
#1859 = DIRECTION('',(1.,0.,0.));
#1860 = DEFINITIONAL_REPRESENTATION('',(#1861),#1865);
#1861 = LINE('',#1862,#1863);
#1862 = CARTESIAN_POINT('',(-0.,0.));
#1863 = VECTOR('',#1864,1.);
#1864 = DIRECTION('',(-1.,0.));
#1865 = ( GEOMETRIC_REPRESENTATION_CONTEXT(2) 
PARAMETRIC_REPRESENTATION_CONTEXT() REPRESENTATION_CONTEXT('2D SPACE',''
  ) );
#1866 = FACE_BOUND('',#1867,.F.);
#1867 = EDGE_LOOP('',(#1868));
#1868 = ORIENTED_EDGE('',*,*,#1869,.F.);
#1869 = EDGE_CURVE('',#1870,#1870,#1872,.T.);
#1870 = VERTEX_POINT('',#1871);
#1871 = CARTESIAN_POINT('',(41.4207,11.3213,0.));
#1872 = SURFACE_CURVE('',#1873,(#1878,#1885),.PCURVE_S1.);
#1873 = CIRCLE('',#1874,1.4299);
#1874 = AXIS2_PLACEMENT_3D('',#1875,#1876,#1877);
#1875 = CARTESIAN_POINT('',(39.9908,11.3213,0.));
#1876 = DIRECTION('',(0.,0.,1.));
#1877 = DIRECTION('',(1.,0.,0.));
#1878 = PCURVE('',#44,#1879);
#1879 = DEFINITIONAL_REPRESENTATION('',(#1880),#1884);
#1880 = CIRCLE('',#1881,1.4299);
#1881 = AXIS2_PLACEMENT_2D('',#1882,#1883);
#1882 = CARTESIAN_POINT('',(38.151445169694,-7.841075688051));
#1883 = DIRECTION('',(1.,0.));
#1884 = ( GEOMETRIC_REPRESENTATION_CONTEXT(2) 
PARAMETRIC_REPRESENTATION_CONTEXT() REPRESENTATION_CONTEXT('2D SPACE',''
  ) );
#1885 = PCURVE('',#1886,#1891);
#1886 = CYLINDRICAL_SURFACE('',#1887,1.4299);
#1887 = AXIS2_PLACEMENT_3D('',#1888,#1889,#1890);
#1888 = CARTESIAN_POINT('',(39.9908,11.3213,0.));
#1889 = DIRECTION('',(-0.,-0.,-1.));
#1890 = DIRECTION('',(1.,0.,0.));
#1891 = DEFINITIONAL_REPRESENTATION('',(#1892),#1896);
#1892 = LINE('',#1893,#1894);
#1893 = CARTESIAN_POINT('',(-0.,0.));
#1894 = VECTOR('',#1895,1.);
#1895 = DIRECTION('',(-1.,0.));
#1896 = ( GEOMETRIC_REPRESENTATION_CONTEXT(2) 
PARAMETRIC_REPRESENTATION_CONTEXT() REPRESENTATION_CONTEXT('2D SPACE',''
  ) );
#1897 = FACE_BOUND('',#1898,.F.);
#1898 = EDGE_LOOP('',(#1899));
#1899 = ORIENTED_EDGE('',*,*,#1900,.F.);
#1900 = EDGE_CURVE('',#1901,#1901,#1903,.T.);
#1901 = VERTEX_POINT('',#1902);
#1902 = CARTESIAN_POINT('',(-25.2898,16.7574,0.));
#1903 = SURFACE_CURVE('',#1904,(#1909,#1916),.PCURVE_S1.);
#1904 = CIRCLE('',#1905,1.4417);
#1905 = AXIS2_PLACEMENT_3D('',#1906,#1907,#1908);
#1906 = CARTESIAN_POINT('',(-26.7315,16.7574,0.));
#1907 = DIRECTION('',(0.,0.,1.));
#1908 = DIRECTION('',(1.,0.,0.));
#1909 = PCURVE('',#44,#1910);
#1910 = DEFINITIONAL_REPRESENTATION('',(#1911),#1915);
#1911 = CIRCLE('',#1912,1.4417);
#1912 = AXIS2_PLACEMENT_2D('',#1913,#1914);
#1913 = CARTESIAN_POINT('',(-28.5708548303,-2.404975688051));
#1914 = DIRECTION('',(1.,0.));
#1915 = ( GEOMETRIC_REPRESENTATION_CONTEXT(2) 
PARAMETRIC_REPRESENTATION_CONTEXT() REPRESENTATION_CONTEXT('2D SPACE',''
  ) );
#1916 = PCURVE('',#1917,#1922);
#1917 = CYLINDRICAL_SURFACE('',#1918,1.4417);
#1918 = AXIS2_PLACEMENT_3D('',#1919,#1920,#1921);
#1919 = CARTESIAN_POINT('',(-26.7315,16.7574,0.));
#1920 = DIRECTION('',(-0.,-0.,-1.));
#1921 = DIRECTION('',(1.,0.,0.));
#1922 = DEFINITIONAL_REPRESENTATION('',(#1923),#1927);
#1923 = LINE('',#1924,#1925);
#1924 = CARTESIAN_POINT('',(-0.,0.));
#1925 = VECTOR('',#1926,1.);
#1926 = DIRECTION('',(-1.,0.));
#1927 = ( GEOMETRIC_REPRESENTATION_CONTEXT(2) 
PARAMETRIC_REPRESENTATION_CONTEXT() REPRESENTATION_CONTEXT('2D SPACE',''
  ) );
#1928 = FACE_BOUND('',#1929,.F.);
#1929 = EDGE_LOOP('',(#1930));
#1930 = ORIENTED_EDGE('',*,*,#1931,.F.);
#1931 = EDGE_CURVE('',#1932,#1932,#1934,.T.);
#1932 = VERTEX_POINT('',#1933);
#1933 = CARTESIAN_POINT('',(-12.1013,21.9808,0.));
#1934 = SURFACE_CURVE('',#1935,(#1940,#1947),.PCURVE_S1.);
#1935 = CIRCLE('',#1936,1.4181);
#1936 = AXIS2_PLACEMENT_3D('',#1937,#1938,#1939);
#1937 = CARTESIAN_POINT('',(-13.5194,21.9808,0.));
#1938 = DIRECTION('',(0.,0.,1.));
#1939 = DIRECTION('',(1.,0.,0.));
#1940 = PCURVE('',#44,#1941);
#1941 = DEFINITIONAL_REPRESENTATION('',(#1942),#1946);
#1942 = CIRCLE('',#1943,1.4181);
#1943 = AXIS2_PLACEMENT_2D('',#1944,#1945);
#1944 = CARTESIAN_POINT('',(-15.3587548303,2.818424311949));
#1945 = DIRECTION('',(1.,0.));
#1946 = ( GEOMETRIC_REPRESENTATION_CONTEXT(2) 
PARAMETRIC_REPRESENTATION_CONTEXT() REPRESENTATION_CONTEXT('2D SPACE',''
  ) );
#1947 = PCURVE('',#1948,#1953);
#1948 = CYLINDRICAL_SURFACE('',#1949,1.4181);
#1949 = AXIS2_PLACEMENT_3D('',#1950,#1951,#1952);
#1950 = CARTESIAN_POINT('',(-13.5194,21.9808,0.));
#1951 = DIRECTION('',(-0.,-0.,-1.));
#1952 = DIRECTION('',(1.,0.,0.));
#1953 = DEFINITIONAL_REPRESENTATION('',(#1954),#1958);
#1954 = LINE('',#1955,#1956);
#1955 = CARTESIAN_POINT('',(-0.,0.));
#1956 = VECTOR('',#1957,1.);
#1957 = DIRECTION('',(-1.,0.));
#1958 = ( GEOMETRIC_REPRESENTATION_CONTEXT(2) 
PARAMETRIC_REPRESENTATION_CONTEXT() REPRESENTATION_CONTEXT('2D SPACE',''
  ) );
#1959 = FACE_BOUND('',#1960,.F.);
#1960 = EDGE_LOOP('',(#1961));
#1961 = ORIENTED_EDGE('',*,*,#1962,.F.);
#1962 = EDGE_CURVE('',#1963,#1963,#1965,.T.);
#1963 = VERTEX_POINT('',#1964);
#1964 = CARTESIAN_POINT('',(1.749,24.037,0.));
#1965 = SURFACE_CURVE('',#1966,(#1971,#1978),.PCURVE_S1.);
#1966 = CIRCLE('',#1967,1.4417);
#1967 = AXIS2_PLACEMENT_3D('',#1968,#1969,#1970);
#1968 = CARTESIAN_POINT('',(0.3073,24.037,0.));
#1969 = DIRECTION('',(0.,0.,1.));
#1970 = DIRECTION('',(1.,0.,0.));
#1971 = PCURVE('',#44,#1972);
#1972 = DEFINITIONAL_REPRESENTATION('',(#1973),#1977);
#1973 = CIRCLE('',#1974,1.4417);
#1974 = AXIS2_PLACEMENT_2D('',#1975,#1976);
#1975 = CARTESIAN_POINT('',(-1.532054830306,4.874624311949));
#1976 = DIRECTION('',(1.,0.));
#1977 = ( GEOMETRIC_REPRESENTATION_CONTEXT(2) 
PARAMETRIC_REPRESENTATION_CONTEXT() REPRESENTATION_CONTEXT('2D SPACE',''
  ) );
#1978 = PCURVE('',#1979,#1984);
#1979 = CYLINDRICAL_SURFACE('',#1980,1.4417);
#1980 = AXIS2_PLACEMENT_3D('',#1981,#1982,#1983);
#1981 = CARTESIAN_POINT('',(0.3073,24.037,0.));
#1982 = DIRECTION('',(-0.,-0.,-1.));
#1983 = DIRECTION('',(1.,0.,0.));
#1984 = DEFINITIONAL_REPRESENTATION('',(#1985),#1989);
#1985 = LINE('',#1986,#1987);
#1986 = CARTESIAN_POINT('',(-0.,0.));
#1987 = VECTOR('',#1988,1.);
#1988 = DIRECTION('',(-1.,0.));
#1989 = ( GEOMETRIC_REPRESENTATION_CONTEXT(2) 
PARAMETRIC_REPRESENTATION_CONTEXT() REPRESENTATION_CONTEXT('2D SPACE',''
  ) );
#1990 = FACE_BOUND('',#1991,.F.);
#1991 = EDGE_LOOP('',(#1992));
#1992 = ORIENTED_EDGE('',*,*,#1993,.F.);
#1993 = EDGE_CURVE('',#1994,#1994,#1996,.T.);
#1994 = VERTEX_POINT('',#1995);
#1995 = CARTESIAN_POINT('',(29.3431,18.5773,0.));
#1996 = SURFACE_CURVE('',#1997,(#2002,#2009),.PCURVE_S1.);
#1997 = CIRCLE('',#1998,1.4299);
#1998 = AXIS2_PLACEMENT_3D('',#1999,#2000,#2001);
#1999 = CARTESIAN_POINT('',(27.9132,18.5773,0.));
#2000 = DIRECTION('',(0.,0.,1.));
#2001 = DIRECTION('',(1.,0.,0.));
#2002 = PCURVE('',#44,#2003);
#2003 = DEFINITIONAL_REPRESENTATION('',(#2004),#2008);
#2004 = CIRCLE('',#2005,1.4299);
#2005 = AXIS2_PLACEMENT_2D('',#2006,#2007);
#2006 = CARTESIAN_POINT('',(26.073845169694,-0.585075688051));
#2007 = DIRECTION('',(1.,0.));
#2008 = ( GEOMETRIC_REPRESENTATION_CONTEXT(2) 
PARAMETRIC_REPRESENTATION_CONTEXT() REPRESENTATION_CONTEXT('2D SPACE',''
  ) );
#2009 = PCURVE('',#2010,#2015);
#2010 = CYLINDRICAL_SURFACE('',#2011,1.4299);
#2011 = AXIS2_PLACEMENT_3D('',#2012,#2013,#2014);
#2012 = CARTESIAN_POINT('',(27.9132,18.5773,0.));
#2013 = DIRECTION('',(-0.,-0.,-1.));
#2014 = DIRECTION('',(1.,0.,0.));
#2015 = DEFINITIONAL_REPRESENTATION('',(#2016),#2020);
#2016 = LINE('',#2017,#2018);
#2017 = CARTESIAN_POINT('',(-0.,0.));
#2018 = VECTOR('',#2019,1.);
#2019 = DIRECTION('',(-1.,0.));
#2020 = ( GEOMETRIC_REPRESENTATION_CONTEXT(2) 
PARAMETRIC_REPRESENTATION_CONTEXT() REPRESENTATION_CONTEXT('2D SPACE',''
  ) );
#2021 = FACE_BOUND('',#2022,.F.);
#2022 = EDGE_LOOP('',(#2023));
#2023 = ORIENTED_EDGE('',*,*,#2024,.F.);
#2024 = EDGE_CURVE('',#2025,#2025,#2027,.T.);
#2025 = VERTEX_POINT('',#2026);
#2026 = CARTESIAN_POINT('',(15.8828,22.9025,0.));
#2027 = SURFACE_CURVE('',#2028,(#2033,#2040),.PCURVE_S1.);
#2028 = CIRCLE('',#2029,1.4417);
#2029 = AXIS2_PLACEMENT_3D('',#2030,#2031,#2032);
#2030 = CARTESIAN_POINT('',(14.4411,22.9025,0.));
#2031 = DIRECTION('',(0.,0.,1.));
#2032 = DIRECTION('',(1.,0.,0.));
#2033 = PCURVE('',#44,#2034);
#2034 = DEFINITIONAL_REPRESENTATION('',(#2035),#2039);
#2035 = CIRCLE('',#2036,1.4417);
#2036 = AXIS2_PLACEMENT_2D('',#2037,#2038);
#2037 = CARTESIAN_POINT('',(12.601745169694,3.740124311949));
#2038 = DIRECTION('',(1.,0.));
#2039 = ( GEOMETRIC_REPRESENTATION_CONTEXT(2) 
PARAMETRIC_REPRESENTATION_CONTEXT() REPRESENTATION_CONTEXT('2D SPACE',''
  ) );
#2040 = PCURVE('',#2041,#2046);
#2041 = CYLINDRICAL_SURFACE('',#2042,1.4417);
#2042 = AXIS2_PLACEMENT_3D('',#2043,#2044,#2045);
#2043 = CARTESIAN_POINT('',(14.4411,22.9025,0.));
#2044 = DIRECTION('',(-0.,-0.,-1.));
#2045 = DIRECTION('',(1.,0.,0.));
#2046 = DEFINITIONAL_REPRESENTATION('',(#2047),#2051);
#2047 = LINE('',#2048,#2049);
#2048 = CARTESIAN_POINT('',(-0.,0.));
#2049 = VECTOR('',#2050,1.);
#2050 = DIRECTION('',(-1.,0.));
#2051 = ( GEOMETRIC_REPRESENTATION_CONTEXT(2) 
PARAMETRIC_REPRESENTATION_CONTEXT() REPRESENTATION_CONTEXT('2D SPACE',''
  ) );
#2052 = ADVANCED_FACE('',(#2053),#123,.T.);
#2053 = FACE_BOUND('',#2054,.T.);
#2054 = EDGE_LOOP('',(#2055,#2056,#2079,#2100));
#2055 = ORIENTED_EDGE('',*,*,#161,.F.);
#2056 = ORIENTED_EDGE('',*,*,#2057,.T.);
#2057 = EDGE_CURVE('',#162,#2058,#2060,.T.);
#2058 = VERTEX_POINT('',#2059);
#2059 = CARTESIAN_POINT('',(14.9813414567,26.970218680157,25.));
#2060 = SURFACE_CURVE('',#2061,(#2065,#2072),.PCURVE_S1.);
#2061 = LINE('',#2062,#2063);
#2062 = CARTESIAN_POINT('',(14.9813414567,26.970218680157,0.));
#2063 = VECTOR('',#2064,1.);
#2064 = DIRECTION('',(0.,0.,1.));
#2065 = PCURVE('',#123,#2066);
#2066 = DEFINITIONAL_REPRESENTATION('',(#2067),#2071);
#2067 = LINE('',#2068,#2069);
#2068 = CARTESIAN_POINT('',(0.,0.));
#2069 = VECTOR('',#2070,1.);
#2070 = DIRECTION('',(0.,-1.));
#2071 = ( GEOMETRIC_REPRESENTATION_CONTEXT(2) 
PARAMETRIC_REPRESENTATION_CONTEXT() REPRESENTATION_CONTEXT('2D SPACE',''
  ) );
#2072 = PCURVE('',#200,#2073);
#2073 = DEFINITIONAL_REPRESENTATION('',(#2074),#2078);
#2074 = LINE('',#2075,#2076);
#2075 = CARTESIAN_POINT('',(14.6,0.));
#2076 = VECTOR('',#2077,1.);
#2077 = DIRECTION('',(0.,-1.));
#2078 = ( GEOMETRIC_REPRESENTATION_CONTEXT(2) 
PARAMETRIC_REPRESENTATION_CONTEXT() REPRESENTATION_CONTEXT('2D SPACE',''
  ) );
#2079 = ORIENTED_EDGE('',*,*,#2080,.T.);
#2080 = EDGE_CURVE('',#2058,#83,#2081,.T.);
#2081 = SURFACE_CURVE('',#2082,(#2086,#2093),.PCURVE_S1.);
#2082 = LINE('',#2083,#2084);
#2083 = CARTESIAN_POINT('',(14.9813414567,26.970218680157,25.));
#2084 = VECTOR('',#2085,1.);
#2085 = DIRECTION('',(8.061387943053E-02,0.996745405027,0.));
#2086 = PCURVE('',#123,#2087);
#2087 = DEFINITIONAL_REPRESENTATION('',(#2088),#2092);
#2088 = LINE('',#2089,#2090);
#2089 = CARTESIAN_POINT('',(0.,-25.));
#2090 = VECTOR('',#2091,1.);
#2091 = DIRECTION('',(1.,0.));
#2092 = ( GEOMETRIC_REPRESENTATION_CONTEXT(2) 
PARAMETRIC_REPRESENTATION_CONTEXT() REPRESENTATION_CONTEXT('2D SPACE',''
  ) );
#2093 = PCURVE('',#98,#2094);
#2094 = DEFINITIONAL_REPRESENTATION('',(#2095),#2099);
#2095 = LINE('',#2096,#2097);
#2096 = CARTESIAN_POINT('',(13.141986626394,7.807842992106));
#2097 = VECTOR('',#2098,1.);
#2098 = DIRECTION('',(8.061387943053E-02,0.996745405027));
#2099 = ( GEOMETRIC_REPRESENTATION_CONTEXT(2) 
PARAMETRIC_REPRESENTATION_CONTEXT() REPRESENTATION_CONTEXT('2D SPACE',''
  ) );
#2100 = ORIENTED_EDGE('',*,*,#110,.T.);
#2101 = ADVANCED_FACE('',(#2102,#3410,#3436,#3462,#3488,#3514,#3540,
    #3566),#98,.T.);
#2102 = FACE_BOUND('',#2103,.T.);
#2103 = EDGE_LOOP('',(#2104,#2127,#2128,#2129,#2152,#2175,#2210,#2233,
    #2256,#2279,#2302,#2325,#2348,#2371,#2394,#2417,#2452,#2475,#2510,
    #2533,#2556,#2579,#2602,#2625,#2648,#2683,#2706,#2729,#2752,#2803,
    #2826,#2945,#2968,#3019,#3042,#3065,#3088,#3123,#3146,#3181,#3204,
    #3227,#3250,#3273,#3296,#3331,#3354,#3389));
#2104 = ORIENTED_EDGE('',*,*,#2105,.F.);
#2105 = EDGE_CURVE('',#57,#2106,#2108,.T.);
#2106 = VERTEX_POINT('',#2107);
#2107 = CARTESIAN_POINT('',(15.646074078635,27.336278665156,25.));
#2108 = SURFACE_CURVE('',#2109,(#2113,#2120),.PCURVE_S1.);
#2109 = LINE('',#2110,#2111);
#2110 = CARTESIAN_POINT('',(23.053135703846,50.359866736775,25.));
#2111 = VECTOR('',#2112,1.);
#2112 = DIRECTION('',(-0.306257351391,-0.951948756351,0.));
#2113 = PCURVE('',#98,#2114);
#2114 = DEFINITIONAL_REPRESENTATION('',(#2115),#2119);
#2115 = LINE('',#2116,#2117);
#2116 = CARTESIAN_POINT('',(21.21378087354,31.197491048724));
#2117 = VECTOR('',#2118,1.);
#2118 = DIRECTION('',(-0.306257351391,-0.951948756351));
#2119 = ( GEOMETRIC_REPRESENTATION_CONTEXT(2) 
PARAMETRIC_REPRESENTATION_CONTEXT() REPRESENTATION_CONTEXT('2D SPACE',''
  ) );
#2120 = PCURVE('',#71,#2121);
#2121 = DEFINITIONAL_REPRESENTATION('',(#2122),#2126);
#2122 = LINE('',#2123,#2124);
#2123 = CARTESIAN_POINT('',(0.,-25.));
#2124 = VECTOR('',#2125,1.);
#2125 = DIRECTION('',(1.,0.));
#2126 = ( GEOMETRIC_REPRESENTATION_CONTEXT(2) 
PARAMETRIC_REPRESENTATION_CONTEXT() REPRESENTATION_CONTEXT('2D SPACE',''
  ) );
#2127 = ORIENTED_EDGE('',*,*,#82,.T.);
#2128 = ORIENTED_EDGE('',*,*,#2080,.F.);
#2129 = ORIENTED_EDGE('',*,*,#2130,.F.);
#2130 = EDGE_CURVE('',#2131,#2058,#2133,.T.);
#2131 = VERTEX_POINT('',#2132);
#2132 = CARTESIAN_POINT('',(9.914041235433,27.380047235188,25.));
#2133 = SURFACE_CURVE('',#2134,(#2138,#2145),.PCURVE_S1.);
#2134 = LINE('',#2135,#2136);
#2135 = CARTESIAN_POINT('',(0.4288585433,28.147181319843,25.));
#2136 = VECTOR('',#2137,1.);
#2137 = DIRECTION('',(0.996745405027,-8.061387943053E-02,0.));
#2138 = PCURVE('',#98,#2139);
#2139 = DEFINITIONAL_REPRESENTATION('',(#2140),#2144);
#2140 = LINE('',#2141,#2142);
#2141 = CARTESIAN_POINT('',(-1.410496287006,8.984805631792));
#2142 = VECTOR('',#2143,1.);
#2143 = DIRECTION('',(0.996745405027,-8.061387943053E-02));
#2144 = ( GEOMETRIC_REPRESENTATION_CONTEXT(2) 
PARAMETRIC_REPRESENTATION_CONTEXT() REPRESENTATION_CONTEXT('2D SPACE',''
  ) );
#2145 = PCURVE('',#200,#2146);
#2146 = DEFINITIONAL_REPRESENTATION('',(#2147),#2151);
#2147 = LINE('',#2148,#2149);
#2148 = CARTESIAN_POINT('',(0.,-25.));
#2149 = VECTOR('',#2150,1.);
#2150 = DIRECTION('',(1.,0.));
#2151 = ( GEOMETRIC_REPRESENTATION_CONTEXT(2) 
PARAMETRIC_REPRESENTATION_CONTEXT() REPRESENTATION_CONTEXT('2D SPACE',''
  ) );
#2152 = ORIENTED_EDGE('',*,*,#2153,.T.);
#2153 = EDGE_CURVE('',#2131,#2154,#2156,.T.);
#2154 = VERTEX_POINT('',#2155);
#2155 = CARTESIAN_POINT('',(4.727,27.795,25.));
#2156 = SURFACE_CURVE('',#2157,(#2161,#2168),.PCURVE_S1.);
#2157 = LINE('',#2158,#2159);
#2158 = CARTESIAN_POINT('',(10.6359,27.3223,25.));
#2159 = VECTOR('',#2160,1.);
#2160 = DIRECTION('',(-0.996815439454,7.974321078876E-02,0.));
#2161 = PCURVE('',#98,#2162);
#2162 = DEFINITIONAL_REPRESENTATION('',(#2163),#2167);
#2163 = LINE('',#2164,#2165);
#2164 = CARTESIAN_POINT('',(8.796545169694,8.159924311949));
#2165 = VECTOR('',#2166,1.);
#2166 = DIRECTION('',(-0.996815439454,7.974321078876E-02));
#2167 = ( GEOMETRIC_REPRESENTATION_CONTEXT(2) 
PARAMETRIC_REPRESENTATION_CONTEXT() REPRESENTATION_CONTEXT('2D SPACE',''
  ) );
#2168 = PCURVE('',#228,#2169);
#2169 = DEFINITIONAL_REPRESENTATION('',(#2170),#2174);
#2170 = LINE('',#2171,#2172);
#2171 = CARTESIAN_POINT('',(0.,-25.));
#2172 = VECTOR('',#2173,1.);
#2173 = DIRECTION('',(1.,0.));
#2174 = ( GEOMETRIC_REPRESENTATION_CONTEXT(2) 
PARAMETRIC_REPRESENTATION_CONTEXT() REPRESENTATION_CONTEXT('2D SPACE',''
  ) );
#2175 = ORIENTED_EDGE('',*,*,#2176,.T.);
#2176 = EDGE_CURVE('',#2154,#2177,#2179,.T.);
#2177 = VERTEX_POINT('',#2178);
#2178 = CARTESIAN_POINT('',(4.668615301949,27.804282081549,25.));
#2179 = SURFACE_CURVE('',#2180,(#2190,#2203),.PCURVE_S1.);
#2180 = B_SPLINE_CURVE_WITH_KNOTS('',3,(#2181,#2182,#2183,#2184,#2185,
    #2186,#2187,#2188,#2189),.UNSPECIFIED.,.F.,.F.,(4,1,1,1,1,1,4),(0.,
    0.584656377713,1.218849983798,1.854782723952,2.471138797988,
    3.069030636032,3.685348362533),.UNSPECIFIED.);
#2181 = CARTESIAN_POINT('',(4.727,27.795,25.));
#2182 = CARTESIAN_POINT('',(4.535098577361,27.823603235024,25.));
#2183 = CARTESIAN_POINT('',(4.136741986458,27.922032990589,25.));
#2184 = CARTESIAN_POINT('',(3.575964658871,28.19593983986,25.));
#2185 = CARTESIAN_POINT('',(3.101573939411,28.622372430078,25.));
#2186 = CARTESIAN_POINT('',(2.769510687202,29.150040807282,25.));
#2187 = CARTESIAN_POINT('',(2.574389156488,29.734095857205,25.));
#2188 = CARTESIAN_POINT('',(2.542077823748,30.141636896884,25.));
#2189 = CARTESIAN_POINT('',(2.5526,30.3476,25.));
#2190 = PCURVE('',#98,#2191);
#2191 = DEFINITIONAL_REPRESENTATION('',(#2192),#2202);
#2192 = B_SPLINE_CURVE_WITH_KNOTS('',3,(#2193,#2194,#2195,#2196,#2197,
    #2198,#2199,#2200,#2201),.UNSPECIFIED.,.F.,.F.,(4,1,1,1,1,1,4),(0.,
    0.584656377713,1.218849983798,1.854782723952,2.471138797988,
    3.069030636032,3.685348362533),.UNSPECIFIED.);
#2193 = CARTESIAN_POINT('',(2.887645169694,8.632624311949));
#2194 = CARTESIAN_POINT('',(2.695743747056,8.661227546973));
#2195 = CARTESIAN_POINT('',(2.297387156152,8.759657302538));
#2196 = CARTESIAN_POINT('',(1.736609828565,9.033564151809));
#2197 = CARTESIAN_POINT('',(1.262219109105,9.459996742027));
#2198 = CARTESIAN_POINT('',(0.930155856896,9.98766511923));
#2199 = CARTESIAN_POINT('',(0.735034326182,10.571720169154));
#2200 = CARTESIAN_POINT('',(0.702722993442,10.979261208833));
#2201 = CARTESIAN_POINT('',(0.713245169694,11.185224311949));
#2202 = ( GEOMETRIC_REPRESENTATION_CONTEXT(2) 
PARAMETRIC_REPRESENTATION_CONTEXT() REPRESENTATION_CONTEXT('2D SPACE',''
  ) );
#2203 = PCURVE('',#268,#2204);
#2204 = DEFINITIONAL_REPRESENTATION('',(#2205),#2209);
#2205 = LINE('',#2206,#2207);
#2206 = CARTESIAN_POINT('',(0.,-25.));
#2207 = VECTOR('',#2208,1.);
#2208 = DIRECTION('',(1.,0.));
#2209 = ( GEOMETRIC_REPRESENTATION_CONTEXT(2) 
PARAMETRIC_REPRESENTATION_CONTEXT() REPRESENTATION_CONTEXT('2D SPACE',''
  ) );
#2210 = ORIENTED_EDGE('',*,*,#2211,.F.);
#2211 = EDGE_CURVE('',#2212,#2177,#2214,.T.);
#2212 = VERTEX_POINT('',#2213);
#2213 = CARTESIAN_POINT('',(0.4288585433,28.147181319843,25.));
#2214 = SURFACE_CURVE('',#2215,(#2219,#2226),.PCURVE_S1.);
#2215 = LINE('',#2216,#2217);
#2216 = CARTESIAN_POINT('',(0.4288585433,28.147181319843,25.));
#2217 = VECTOR('',#2218,1.);
#2218 = DIRECTION('',(0.996745405027,-8.061387943053E-02,0.));
#2219 = PCURVE('',#98,#2220);
#2220 = DEFINITIONAL_REPRESENTATION('',(#2221),#2225);
#2221 = LINE('',#2222,#2223);
#2222 = CARTESIAN_POINT('',(-1.410496287006,8.984805631792));
#2223 = VECTOR('',#2224,1.);
#2224 = DIRECTION('',(0.996745405027,-8.061387943053E-02));
#2225 = ( GEOMETRIC_REPRESENTATION_CONTEXT(2) 
PARAMETRIC_REPRESENTATION_CONTEXT() REPRESENTATION_CONTEXT('2D SPACE',''
  ) );
#2226 = PCURVE('',#304,#2227);
#2227 = DEFINITIONAL_REPRESENTATION('',(#2228),#2232);
#2228 = LINE('',#2229,#2230);
#2229 = CARTESIAN_POINT('',(0.,-25.));
#2230 = VECTOR('',#2231,1.);
#2231 = DIRECTION('',(1.,0.));
#2232 = ( GEOMETRIC_REPRESENTATION_CONTEXT(2) 
PARAMETRIC_REPRESENTATION_CONTEXT() REPRESENTATION_CONTEXT('2D SPACE',''
  ) );
#2233 = ORIENTED_EDGE('',*,*,#2234,.F.);
#2234 = EDGE_CURVE('',#2235,#2212,#2237,.T.);
#2235 = VERTEX_POINT('',#2236);
#2236 = CARTESIAN_POINT('',(1.187128379839,37.522762555727,25.));
#2237 = SURFACE_CURVE('',#2238,(#2242,#2249),.PCURVE_S1.);
#2238 = LINE('',#2239,#2240);
#2239 = CARTESIAN_POINT('',(2.418207692048,52.744367772305,25.));
#2240 = VECTOR('',#2241,1.);
#2241 = DIRECTION('',(-8.061387943053E-02,-0.996745405027,0.));
#2242 = PCURVE('',#98,#2243);
#2243 = DEFINITIONAL_REPRESENTATION('',(#2244),#2248);
#2244 = LINE('',#2245,#2246);
#2245 = CARTESIAN_POINT('',(0.578852861742,33.581992084254));
#2246 = VECTOR('',#2247,1.);
#2247 = DIRECTION('',(-8.061387943053E-02,-0.996745405027));
#2248 = ( GEOMETRIC_REPRESENTATION_CONTEXT(2) 
PARAMETRIC_REPRESENTATION_CONTEXT() REPRESENTATION_CONTEXT('2D SPACE',''
  ) );
#2249 = PCURVE('',#332,#2250);
#2250 = DEFINITIONAL_REPRESENTATION('',(#2251),#2255);
#2251 = LINE('',#2252,#2253);
#2252 = CARTESIAN_POINT('',(0.,-25.));
#2253 = VECTOR('',#2254,1.);
#2254 = DIRECTION('',(1.,0.));
#2255 = ( GEOMETRIC_REPRESENTATION_CONTEXT(2) 
PARAMETRIC_REPRESENTATION_CONTEXT() REPRESENTATION_CONTEXT('2D SPACE',''
  ) );
#2256 = ORIENTED_EDGE('',*,*,#2257,.T.);
#2257 = EDGE_CURVE('',#2235,#2258,#2260,.T.);
#2258 = VERTEX_POINT('',#2259);
#2259 = CARTESIAN_POINT('',(-1.492584609456,37.402083289205,25.));
#2260 = SURFACE_CURVE('',#2261,(#2265,#2272),.PCURVE_S1.);
#2261 = LINE('',#2262,#2263);
#2262 = CARTESIAN_POINT('',(2.4581,37.58,25.));
#2263 = VECTOR('',#2264,1.);
#2264 = DIRECTION('',(-0.99898749125,-4.498880223025E-02,0.));
#2265 = PCURVE('',#98,#2266);
#2266 = DEFINITIONAL_REPRESENTATION('',(#2267),#2271);
#2267 = LINE('',#2268,#2269);
#2268 = CARTESIAN_POINT('',(0.618745169694,18.417624311949));
#2269 = VECTOR('',#2270,1.);
#2270 = DIRECTION('',(-0.99898749125,-4.498880223025E-02));
#2271 = ( GEOMETRIC_REPRESENTATION_CONTEXT(2) 
PARAMETRIC_REPRESENTATION_CONTEXT() REPRESENTATION_CONTEXT('2D SPACE',''
  ) );
#2272 = PCURVE('',#360,#2273);
#2273 = DEFINITIONAL_REPRESENTATION('',(#2274),#2278);
#2274 = LINE('',#2275,#2276);
#2275 = CARTESIAN_POINT('',(0.,-25.));
#2276 = VECTOR('',#2277,1.);
#2277 = DIRECTION('',(1.,0.));
#2278 = ( GEOMETRIC_REPRESENTATION_CONTEXT(2) 
PARAMETRIC_REPRESENTATION_CONTEXT() REPRESENTATION_CONTEXT('2D SPACE',''
  ) );
#2279 = ORIENTED_EDGE('',*,*,#2280,.F.);
#2280 = EDGE_CURVE('',#2281,#2258,#2283,.T.);
#2281 = VERTEX_POINT('',#2282);
#2282 = CARTESIAN_POINT('',(-1.41778356996E-02,27.60831864283,25.));
#2283 = SURFACE_CURVE('',#2284,(#2288,#2295),.PCURVE_S1.);
#2284 = LINE('',#2285,#2286);
#2285 = CARTESIAN_POINT('',(-1.41778356996E-02,27.60831864283,25.));
#2286 = VECTOR('',#2287,1.);
#2287 = DIRECTION('',(-0.149262827785,0.988797556753,0.));
#2288 = PCURVE('',#98,#2289);
#2289 = DEFINITIONAL_REPRESENTATION('',(#2290),#2294);
#2290 = LINE('',#2291,#2292);
#2291 = CARTESIAN_POINT('',(-1.853532666005,8.445942954779));
#2292 = VECTOR('',#2293,1.);
#2293 = DIRECTION('',(-0.149262827785,0.988797556753));
#2294 = ( GEOMETRIC_REPRESENTATION_CONTEXT(2) 
PARAMETRIC_REPRESENTATION_CONTEXT() REPRESENTATION_CONTEXT('2D SPACE',''
  ) );
#2295 = PCURVE('',#388,#2296);
#2296 = DEFINITIONAL_REPRESENTATION('',(#2297),#2301);
#2297 = LINE('',#2298,#2299);
#2298 = CARTESIAN_POINT('',(0.,-25.));
#2299 = VECTOR('',#2300,1.);
#2300 = DIRECTION('',(1.,0.));
#2301 = ( GEOMETRIC_REPRESENTATION_CONTEXT(2) 
PARAMETRIC_REPRESENTATION_CONTEXT() REPRESENTATION_CONTEXT('2D SPACE',''
  ) );
#2302 = ORIENTED_EDGE('',*,*,#2303,.F.);
#2303 = EDGE_CURVE('',#2304,#2281,#2306,.T.);
#2304 = VERTEX_POINT('',#2305);
#2305 = CARTESIAN_POINT('',(-14.4506221643,25.42908135717,25.));
#2306 = SURFACE_CURVE('',#2307,(#2311,#2318),.PCURVE_S1.);
#2307 = LINE('',#2308,#2309);
#2308 = CARTESIAN_POINT('',(-14.4506221643,25.42908135717,25.));
#2309 = VECTOR('',#2310,1.);
#2310 = DIRECTION('',(0.988797556753,0.149262827785,0.));
#2311 = PCURVE('',#98,#2312);
#2312 = DEFINITIONAL_REPRESENTATION('',(#2313),#2317);
#2313 = LINE('',#2314,#2315);
#2314 = CARTESIAN_POINT('',(-16.2899769946,6.266705669119));
#2315 = VECTOR('',#2316,1.);
#2316 = DIRECTION('',(0.988797556753,0.149262827785));
#2317 = ( GEOMETRIC_REPRESENTATION_CONTEXT(2) 
PARAMETRIC_REPRESENTATION_CONTEXT() REPRESENTATION_CONTEXT('2D SPACE',''
  ) );
#2318 = PCURVE('',#416,#2319);
#2319 = DEFINITIONAL_REPRESENTATION('',(#2320),#2324);
#2320 = LINE('',#2321,#2322);
#2321 = CARTESIAN_POINT('',(0.,-25.));
#2322 = VECTOR('',#2323,1.);
#2323 = DIRECTION('',(1.,0.));
#2324 = ( GEOMETRIC_REPRESENTATION_CONTEXT(2) 
PARAMETRIC_REPRESENTATION_CONTEXT() REPRESENTATION_CONTEXT('2D SPACE',''
  ) );
#2325 = ORIENTED_EDGE('',*,*,#2326,.F.);
#2326 = EDGE_CURVE('',#2327,#2304,#2329,.T.);
#2327 = VERTEX_POINT('',#2328);
#2328 = CARTESIAN_POINT('',(-15.89101594873,34.971027439476,25.));
#2329 = SURFACE_CURVE('',#2330,(#2334,#2341),.PCURVE_S1.);
#2330 = LINE('',#2331,#2332);
#2331 = CARTESIAN_POINT('',(-18.21267666494,50.350961464983,25.));
#2332 = VECTOR('',#2333,1.);
#2333 = DIRECTION('',(0.149262827785,-0.988797556753,0.));
#2334 = PCURVE('',#98,#2335);
#2335 = DEFINITIONAL_REPRESENTATION('',(#2336),#2340);
#2336 = LINE('',#2337,#2338);
#2337 = CARTESIAN_POINT('',(-20.05203149524,31.188585776932));
#2338 = VECTOR('',#2339,1.);
#2339 = DIRECTION('',(0.149262827785,-0.988797556753));
#2340 = ( GEOMETRIC_REPRESENTATION_CONTEXT(2) 
PARAMETRIC_REPRESENTATION_CONTEXT() REPRESENTATION_CONTEXT('2D SPACE',''
  ) );
#2341 = PCURVE('',#444,#2342);
#2342 = DEFINITIONAL_REPRESENTATION('',(#2343),#2347);
#2343 = LINE('',#2344,#2345);
#2344 = CARTESIAN_POINT('',(0.,-25.));
#2345 = VECTOR('',#2346,1.);
#2346 = DIRECTION('',(1.,0.));
#2347 = ( GEOMETRIC_REPRESENTATION_CONTEXT(2) 
PARAMETRIC_REPRESENTATION_CONTEXT() REPRESENTATION_CONTEXT('2D SPACE',''
  ) );
#2348 = ORIENTED_EDGE('',*,*,#2349,.T.);
#2349 = EDGE_CURVE('',#2327,#2350,#2352,.T.);
#2350 = VERTEX_POINT('',#2351);
#2351 = CARTESIAN_POINT('',(-18.43042551662,34.24548915761,25.));
#2352 = SURFACE_CURVE('',#2353,(#2357,#2364),.PCURVE_S1.);
#2353 = LINE('',#2354,#2355);
#2354 = CARTESIAN_POINT('',(-14.7011,35.311,25.));
#2355 = VECTOR('',#2356,1.);
#2356 = DIRECTION('',(-0.961524678668,-0.274718569291,0.));
#2357 = PCURVE('',#98,#2358);
#2358 = DEFINITIONAL_REPRESENTATION('',(#2359),#2363);
#2359 = LINE('',#2360,#2361);
#2360 = CARTESIAN_POINT('',(-16.5404548303,16.148624311949));
#2361 = VECTOR('',#2362,1.);
#2362 = DIRECTION('',(-0.961524678668,-0.274718569291));
#2363 = ( GEOMETRIC_REPRESENTATION_CONTEXT(2) 
PARAMETRIC_REPRESENTATION_CONTEXT() REPRESENTATION_CONTEXT('2D SPACE',''
  ) );
#2364 = PCURVE('',#472,#2365);
#2365 = DEFINITIONAL_REPRESENTATION('',(#2366),#2370);
#2366 = LINE('',#2367,#2368);
#2367 = CARTESIAN_POINT('',(0.,-25.));
#2368 = VECTOR('',#2369,1.);
#2369 = DIRECTION('',(1.,0.));
#2370 = ( GEOMETRIC_REPRESENTATION_CONTEXT(2) 
PARAMETRIC_REPRESENTATION_CONTEXT() REPRESENTATION_CONTEXT('2D SPACE',''
  ) );
#2371 = ORIENTED_EDGE('',*,*,#2372,.F.);
#2372 = EDGE_CURVE('',#2373,#2350,#2375,.T.);
#2373 = VERTEX_POINT('',#2374);
#2374 = CARTESIAN_POINT('',(-14.87246984719,25.354875893761,25.));
#2375 = SURFACE_CURVE('',#2376,(#2380,#2387),.PCURVE_S1.);
#2376 = LINE('',#2377,#2378);
#2377 = CARTESIAN_POINT('',(-14.87246984719,25.354875893761,25.));
#2378 = VECTOR('',#2379,1.);
#2379 = DIRECTION('',(-0.371544642981,0.928415089425,0.));
#2380 = PCURVE('',#98,#2381);
#2381 = DEFINITIONAL_REPRESENTATION('',(#2382),#2386);
#2382 = LINE('',#2383,#2384);
#2383 = CARTESIAN_POINT('',(-16.7118246775,6.19250020571));
#2384 = VECTOR('',#2385,1.);
#2385 = DIRECTION('',(-0.371544642981,0.928415089425));
#2386 = ( GEOMETRIC_REPRESENTATION_CONTEXT(2) 
PARAMETRIC_REPRESENTATION_CONTEXT() REPRESENTATION_CONTEXT('2D SPACE',''
  ) );
#2387 = PCURVE('',#500,#2388);
#2388 = DEFINITIONAL_REPRESENTATION('',(#2389),#2393);
#2389 = LINE('',#2390,#2391);
#2390 = CARTESIAN_POINT('',(0.,-25.));
#2391 = VECTOR('',#2392,1.);
#2392 = DIRECTION('',(1.,0.));
#2393 = ( GEOMETRIC_REPRESENTATION_CONTEXT(2) 
PARAMETRIC_REPRESENTATION_CONTEXT() REPRESENTATION_CONTEXT('2D SPACE',''
  ) );
#2394 = ORIENTED_EDGE('',*,*,#2395,.F.);
#2395 = EDGE_CURVE('',#2396,#2373,#2398,.T.);
#2396 = VERTEX_POINT('',#2397);
#2397 = CARTESIAN_POINT('',(-18.51748925324,23.896166907549,25.));
#2398 = SURFACE_CURVE('',#2399,(#2403,#2410),.PCURVE_S1.);
#2399 = LINE('',#2400,#2401);
#2400 = CARTESIAN_POINT('',(-28.4273301528,19.930324106239,25.));
#2401 = VECTOR('',#2402,1.);
#2402 = DIRECTION('',(0.928415089425,0.371544642981,0.));
#2403 = PCURVE('',#98,#2404);
#2404 = DEFINITIONAL_REPRESENTATION('',(#2405),#2409);
#2405 = LINE('',#2406,#2407);
#2406 = CARTESIAN_POINT('',(-30.2666849831,0.767948418188));
#2407 = VECTOR('',#2408,1.);
#2408 = DIRECTION('',(0.928415089425,0.371544642981));
#2409 = ( GEOMETRIC_REPRESENTATION_CONTEXT(2) 
PARAMETRIC_REPRESENTATION_CONTEXT() REPRESENTATION_CONTEXT('2D SPACE',''
  ) );
#2410 = PCURVE('',#528,#2411);
#2411 = DEFINITIONAL_REPRESENTATION('',(#2412),#2416);
#2412 = LINE('',#2413,#2414);
#2413 = CARTESIAN_POINT('',(0.,-25.));
#2414 = VECTOR('',#2415,1.);
#2415 = DIRECTION('',(1.,0.));
#2416 = ( GEOMETRIC_REPRESENTATION_CONTEXT(2) 
PARAMETRIC_REPRESENTATION_CONTEXT() REPRESENTATION_CONTEXT('2D SPACE',''
  ) );
#2417 = ORIENTED_EDGE('',*,*,#2418,.T.);
#2418 = EDGE_CURVE('',#2396,#2419,#2421,.T.);
#2419 = VERTEX_POINT('',#2420);
#2420 = CARTESIAN_POINT('',(-18.9082,23.7298,25.));
#2421 = SURFACE_CURVE('',#2422,(#2432,#2445),.PCURVE_S1.);
#2422 = B_SPLINE_CURVE_WITH_KNOTS('',3,(#2423,#2424,#2425,#2426,#2427,
    #2428,#2429,#2430,#2431),.UNSPECIFIED.,.F.,.F.,(4,1,1,1,1,1,4),(0.,
    0.584753392466,1.246553392466,1.831209770178,2.487962463359,
    3.089568912792,3.723807235507),.UNSPECIFIED.);
#2423 = CARTESIAN_POINT('',(-17.5846,26.8024,25.));
#2424 = CARTESIAN_POINT('',(-17.51516440164,26.619745428291,25.));
#2425 = CARTESIAN_POINT('',(-17.41403030883,26.212704176746,25.));
#2426 = CARTESIAN_POINT('',(-17.41579370081,25.596311461255,25.));
#2427 = CARTESIAN_POINT('',(-17.56350075259,24.971691080296,25.));
#2428 = CARTESIAN_POINT('',(-17.885212129,24.438761726929,25.));
#2429 = CARTESIAN_POINT('',(-18.32966252791,23.97975373903,25.));
#2430 = CARTESIAN_POINT('',(-18.69964246684,23.788613844034,25.));
#2431 = CARTESIAN_POINT('',(-18.9082,23.7298,25.));
#2432 = PCURVE('',#98,#2433);
#2433 = DEFINITIONAL_REPRESENTATION('',(#2434),#2444);
#2434 = B_SPLINE_CURVE_WITH_KNOTS('',3,(#2435,#2436,#2437,#2438,#2439,
    #2440,#2441,#2442,#2443),.UNSPECIFIED.,.F.,.F.,(4,1,1,1,1,1,4),(0.,
    0.584753392466,1.246553392466,1.831209770178,2.487962463359,
    3.089568912792,3.723807235507),.UNSPECIFIED.);
#2435 = CARTESIAN_POINT('',(-19.4239548303,7.640024311949));
#2436 = CARTESIAN_POINT('',(-19.35451923195,7.45736974024));
#2437 = CARTESIAN_POINT('',(-19.25338513914,7.050328488695));
#2438 = CARTESIAN_POINT('',(-19.25514853111,6.433935773204));
#2439 = CARTESIAN_POINT('',(-19.4028555829,5.809315392245));
#2440 = CARTESIAN_POINT('',(-19.7245669593,5.276386038877));
#2441 = CARTESIAN_POINT('',(-20.16901735821,4.817378050979));
#2442 = CARTESIAN_POINT('',(-20.53899729714,4.626238155983));
#2443 = CARTESIAN_POINT('',(-20.7475548303,4.567424311949));
#2444 = ( GEOMETRIC_REPRESENTATION_CONTEXT(2) 
PARAMETRIC_REPRESENTATION_CONTEXT() REPRESENTATION_CONTEXT('2D SPACE',''
  ) );
#2445 = PCURVE('',#568,#2446);
#2446 = DEFINITIONAL_REPRESENTATION('',(#2447),#2451);
#2447 = LINE('',#2448,#2449);
#2448 = CARTESIAN_POINT('',(0.,-25.));
#2449 = VECTOR('',#2450,1.);
#2450 = DIRECTION('',(1.,0.));
#2451 = ( GEOMETRIC_REPRESENTATION_CONTEXT(2) 
PARAMETRIC_REPRESENTATION_CONTEXT() REPRESENTATION_CONTEXT('2D SPACE',''
  ) );
#2452 = ORIENTED_EDGE('',*,*,#2453,.T.);
#2453 = EDGE_CURVE('',#2419,#2454,#2456,.T.);
#2454 = VERTEX_POINT('',#2455);
#2455 = CARTESIAN_POINT('',(-24.3916,21.5081,25.));
#2456 = SURFACE_CURVE('',#2457,(#2461,#2468),.PCURVE_S1.);
#2457 = LINE('',#2458,#2459);
#2458 = CARTESIAN_POINT('',(-18.9082,23.7298,25.));
#2459 = VECTOR('',#2460,1.);
#2460 = DIRECTION('',(-0.926815754305,-0.375516387887,0.));
#2461 = PCURVE('',#98,#2462);
#2462 = DEFINITIONAL_REPRESENTATION('',(#2463),#2467);
#2463 = LINE('',#2464,#2465);
#2464 = CARTESIAN_POINT('',(-20.7475548303,4.567424311949));
#2465 = VECTOR('',#2466,1.);
#2466 = DIRECTION('',(-0.926815754305,-0.375516387887));
#2467 = ( GEOMETRIC_REPRESENTATION_CONTEXT(2) 
PARAMETRIC_REPRESENTATION_CONTEXT() REPRESENTATION_CONTEXT('2D SPACE',''
  ) );
#2468 = PCURVE('',#604,#2469);
#2469 = DEFINITIONAL_REPRESENTATION('',(#2470),#2474);
#2470 = LINE('',#2471,#2472);
#2471 = CARTESIAN_POINT('',(0.,-25.));
#2472 = VECTOR('',#2473,1.);
#2473 = DIRECTION('',(1.,0.));
#2474 = ( GEOMETRIC_REPRESENTATION_CONTEXT(2) 
PARAMETRIC_REPRESENTATION_CONTEXT() REPRESENTATION_CONTEXT('2D SPACE',''
  ) );
#2475 = ORIENTED_EDGE('',*,*,#2476,.T.);
#2476 = EDGE_CURVE('',#2454,#2477,#2479,.T.);
#2477 = VERTEX_POINT('',#2478);
#2478 = CARTESIAN_POINT('',(-24.73521220966,21.407881568039,25.));
#2479 = SURFACE_CURVE('',#2480,(#2490,#2503),.PCURVE_S1.);
#2480 = B_SPLINE_CURVE_WITH_KNOTS('',3,(#2481,#2482,#2483,#2484,#2485,
    #2486,#2487,#2488,#2489),.UNSPECIFIED.,.F.,.F.,(4,1,1,1,1,1,4),(0.,
    0.584656377713,1.246456377713,1.844316595489,2.50106928867,
    3.102746452937,3.736895331356),.UNSPECIFIED.);
#2481 = CARTESIAN_POINT('',(-24.3916,21.5081,25.));
#2482 = CARTESIAN_POINT('',(-24.57295770549,21.44300442464,25.));
#2483 = CARTESIAN_POINT('',(-24.98055163535,21.339805038649,25.));
#2484 = CARTESIAN_POINT('',(-25.60701414974,21.32233789136,25.));
#2485 = CARTESIAN_POINT('',(-26.21314041993,21.549833483502,25.));
#2486 = CARTESIAN_POINT('',(-26.75650625311,21.851360955581,25.));
#2487 = CARTESIAN_POINT('',(-27.21370998819,22.301757507029,25.));
#2488 = CARTESIAN_POINT('',(-27.405245372,22.670406311928,25.));
#2489 = CARTESIAN_POINT('',(-27.4641,22.8789,25.));
#2490 = PCURVE('',#98,#2491);
#2491 = DEFINITIONAL_REPRESENTATION('',(#2492),#2502);
#2492 = B_SPLINE_CURVE_WITH_KNOTS('',3,(#2493,#2494,#2495,#2496,#2497,
    #2498,#2499,#2500,#2501),.UNSPECIFIED.,.F.,.F.,(4,1,1,1,1,1,4),(0.,
    0.584656377713,1.246456377713,1.844316595489,2.50106928867,
    3.102746452937,3.736895331356),.UNSPECIFIED.);
#2493 = CARTESIAN_POINT('',(-26.2309548303,2.345724311949));
#2494 = CARTESIAN_POINT('',(-26.4123125358,2.280628736589));
#2495 = CARTESIAN_POINT('',(-26.81990646566,2.177429350598));
#2496 = CARTESIAN_POINT('',(-27.44636898005,2.159962203309));
#2497 = CARTESIAN_POINT('',(-28.05249525024,2.387457795451));
#2498 = CARTESIAN_POINT('',(-28.59586108342,2.68898526753));
#2499 = CARTESIAN_POINT('',(-29.05306481849,3.139381818978));
#2500 = CARTESIAN_POINT('',(-29.2446002023,3.508030623877));
#2501 = CARTESIAN_POINT('',(-29.3034548303,3.716524311949));
#2502 = ( GEOMETRIC_REPRESENTATION_CONTEXT(2) 
PARAMETRIC_REPRESENTATION_CONTEXT() REPRESENTATION_CONTEXT('2D SPACE',''
  ) );
#2503 = PCURVE('',#644,#2504);
#2504 = DEFINITIONAL_REPRESENTATION('',(#2505),#2509);
#2505 = LINE('',#2506,#2507);
#2506 = CARTESIAN_POINT('',(0.,-25.));
#2507 = VECTOR('',#2508,1.);
#2508 = DIRECTION('',(1.,0.));
#2509 = ( GEOMETRIC_REPRESENTATION_CONTEXT(2) 
PARAMETRIC_REPRESENTATION_CONTEXT() REPRESENTATION_CONTEXT('2D SPACE',''
  ) );
#2510 = ORIENTED_EDGE('',*,*,#2511,.F.);
#2511 = EDGE_CURVE('',#2512,#2477,#2514,.T.);
#2512 = VERTEX_POINT('',#2513);
#2513 = CARTESIAN_POINT('',(-28.4273301528,19.930324106239,25.));
#2514 = SURFACE_CURVE('',#2515,(#2519,#2526),.PCURVE_S1.);
#2515 = LINE('',#2516,#2517);
#2516 = CARTESIAN_POINT('',(-28.4273301528,19.930324106239,25.));
#2517 = VECTOR('',#2518,1.);
#2518 = DIRECTION('',(0.928415089425,0.371544642981,0.));
#2519 = PCURVE('',#98,#2520);
#2520 = DEFINITIONAL_REPRESENTATION('',(#2521),#2525);
#2521 = LINE('',#2522,#2523);
#2522 = CARTESIAN_POINT('',(-30.2666849831,0.767948418188));
#2523 = VECTOR('',#2524,1.);
#2524 = DIRECTION('',(0.928415089425,0.371544642981));
#2525 = ( GEOMETRIC_REPRESENTATION_CONTEXT(2) 
PARAMETRIC_REPRESENTATION_CONTEXT() REPRESENTATION_CONTEXT('2D SPACE',''
  ) );
#2526 = PCURVE('',#680,#2527);
#2527 = DEFINITIONAL_REPRESENTATION('',(#2528),#2532);
#2528 = LINE('',#2529,#2530);
#2529 = CARTESIAN_POINT('',(0.,-25.));
#2530 = VECTOR('',#2531,1.);
#2531 = DIRECTION('',(1.,0.));
#2532 = ( GEOMETRIC_REPRESENTATION_CONTEXT(2) 
PARAMETRIC_REPRESENTATION_CONTEXT() REPRESENTATION_CONTEXT('2D SPACE',''
  ) );
#2533 = ORIENTED_EDGE('',*,*,#2534,.F.);
#2534 = EDGE_CURVE('',#2535,#2512,#2537,.T.);
#2535 = VERTEX_POINT('',#2536);
#2536 = CARTESIAN_POINT('',(-31.8923667936,28.588751467544,25.));
#2537 = SURFACE_CURVE('',#2538,(#2542,#2549),.PCURVE_S1.);
#2538 = LINE('',#2539,#2540);
#2539 = CARTESIAN_POINT('',(-37.77724802109,43.293882154494,25.));
#2540 = VECTOR('',#2541,1.);
#2541 = DIRECTION('',(0.371544642981,-0.928415089425,0.));
#2542 = PCURVE('',#98,#2543);
#2543 = DEFINITIONAL_REPRESENTATION('',(#2544),#2548);
#2544 = LINE('',#2545,#2546);
#2545 = CARTESIAN_POINT('',(-39.61660285139,24.131506466442));
#2546 = VECTOR('',#2547,1.);
#2547 = DIRECTION('',(0.371544642981,-0.928415089425));
#2548 = ( GEOMETRIC_REPRESENTATION_CONTEXT(2) 
PARAMETRIC_REPRESENTATION_CONTEXT() REPRESENTATION_CONTEXT('2D SPACE',''
  ) );
#2549 = PCURVE('',#708,#2550);
#2550 = DEFINITIONAL_REPRESENTATION('',(#2551),#2555);
#2551 = LINE('',#2552,#2553);
#2552 = CARTESIAN_POINT('',(0.,-25.));
#2553 = VECTOR('',#2554,1.);
#2554 = DIRECTION('',(1.,0.));
#2555 = ( GEOMETRIC_REPRESENTATION_CONTEXT(2) 
PARAMETRIC_REPRESENTATION_CONTEXT() REPRESENTATION_CONTEXT('2D SPACE',''
  ) );
#2556 = ORIENTED_EDGE('',*,*,#2557,.T.);
#2557 = EDGE_CURVE('',#2535,#2558,#2560,.T.);
#2558 = VERTEX_POINT('',#2559);
#2559 = CARTESIAN_POINT('',(-34.10634528182,27.353553902716,25.));
#2560 = SURFACE_CURVE('',#2561,(#2565,#2572),.PCURVE_S1.);
#2561 = LINE('',#2562,#2563);
#2562 = CARTESIAN_POINT('',(-30.7731,29.2132,25.));
#2563 = VECTOR('',#2564,1.);
#2564 = DIRECTION('',(-0.873283525679,-0.487212360041,0.));
#2565 = PCURVE('',#98,#2566);
#2566 = DEFINITIONAL_REPRESENTATION('',(#2567),#2571);
#2567 = LINE('',#2568,#2569);
#2568 = CARTESIAN_POINT('',(-32.6124548303,10.050824311949));
#2569 = VECTOR('',#2570,1.);
#2570 = DIRECTION('',(-0.873283525679,-0.487212360041));
#2571 = ( GEOMETRIC_REPRESENTATION_CONTEXT(2) 
PARAMETRIC_REPRESENTATION_CONTEXT() REPRESENTATION_CONTEXT('2D SPACE',''
  ) );
#2572 = PCURVE('',#736,#2573);
#2573 = DEFINITIONAL_REPRESENTATION('',(#2574),#2578);
#2574 = LINE('',#2575,#2576);
#2575 = CARTESIAN_POINT('',(0.,-25.));
#2576 = VECTOR('',#2577,1.);
#2577 = DIRECTION('',(1.,0.));
#2578 = ( GEOMETRIC_REPRESENTATION_CONTEXT(2) 
PARAMETRIC_REPRESENTATION_CONTEXT() REPRESENTATION_CONTEXT('2D SPACE',''
  ) );
#2579 = ORIENTED_EDGE('',*,*,#2580,.F.);
#2580 = EDGE_CURVE('',#2581,#2558,#2583,.T.);
#2581 = VERTEX_POINT('',#2582);
#2582 = CARTESIAN_POINT('',(-28.9062714048,19.928895309075,25.));
#2583 = SURFACE_CURVE('',#2584,(#2588,#2595),.PCURVE_S1.);
#2584 = LINE('',#2585,#2586);
#2585 = CARTESIAN_POINT('',(-28.9062714048,19.928895309075,25.));
#2586 = VECTOR('',#2587,1.);
#2587 = DIRECTION('',(-0.573670590284,0.81908610893,0.));
#2588 = PCURVE('',#98,#2589);
#2589 = DEFINITIONAL_REPRESENTATION('',(#2590),#2594);
#2590 = LINE('',#2591,#2592);
#2591 = CARTESIAN_POINT('',(-30.74562623511,0.766519621024));
#2592 = VECTOR('',#2593,1.);
#2593 = DIRECTION('',(-0.573670590284,0.81908610893));
#2594 = ( GEOMETRIC_REPRESENTATION_CONTEXT(2) 
PARAMETRIC_REPRESENTATION_CONTEXT() REPRESENTATION_CONTEXT('2D SPACE',''
  ) );
#2595 = PCURVE('',#764,#2596);
#2596 = DEFINITIONAL_REPRESENTATION('',(#2597),#2601);
#2597 = LINE('',#2598,#2599);
#2598 = CARTESIAN_POINT('',(0.,-25.));
#2599 = VECTOR('',#2600,1.);
#2600 = DIRECTION('',(1.,0.));
#2601 = ( GEOMETRIC_REPRESENTATION_CONTEXT(2) 
PARAMETRIC_REPRESENTATION_CONTEXT() REPRESENTATION_CONTEXT('2D SPACE',''
  ) );
#2602 = ORIENTED_EDGE('',*,*,#2603,.F.);
#2603 = EDGE_CURVE('',#2604,#2581,#2606,.T.);
#2604 = VERTEX_POINT('',#2605);
#2605 = CARTESIAN_POINT('',(-34.87652090841,15.747458803761,25.));
#2606 = SURFACE_CURVE('',#2607,(#2611,#2618),.PCURVE_S1.);
#2607 = LINE('',#2608,#2609);
#2608 = CARTESIAN_POINT('',(-40.86492859519,11.553304690925,25.));
#2609 = VECTOR('',#2610,1.);
#2610 = DIRECTION('',(0.81908610893,0.573670590284,0.));
#2611 = PCURVE('',#98,#2612);
#2612 = DEFINITIONAL_REPRESENTATION('',(#2613),#2617);
#2613 = LINE('',#2614,#2615);
#2614 = CARTESIAN_POINT('',(-42.70428342549,-7.609070997127));
#2615 = VECTOR('',#2616,1.);
#2616 = DIRECTION('',(0.81908610893,0.573670590284));
#2617 = ( GEOMETRIC_REPRESENTATION_CONTEXT(2) 
PARAMETRIC_REPRESENTATION_CONTEXT() REPRESENTATION_CONTEXT('2D SPACE',''
  ) );
#2618 = PCURVE('',#792,#2619);
#2619 = DEFINITIONAL_REPRESENTATION('',(#2620),#2624);
#2620 = LINE('',#2621,#2622);
#2621 = CARTESIAN_POINT('',(0.,-25.));
#2622 = VECTOR('',#2623,1.);
#2623 = DIRECTION('',(1.,0.));
#2624 = ( GEOMETRIC_REPRESENTATION_CONTEXT(2) 
PARAMETRIC_REPRESENTATION_CONTEXT() REPRESENTATION_CONTEXT('2D SPACE',''
  ) );
#2625 = ORIENTED_EDGE('',*,*,#2626,.T.);
#2626 = EDGE_CURVE('',#2604,#2627,#2629,.T.);
#2627 = VERTEX_POINT('',#2628);
#2628 = CARTESIAN_POINT('',(-37.2964,14.0393,25.));
#2629 = SURFACE_CURVE('',#2630,(#2634,#2641),.PCURVE_S1.);
#2630 = LINE('',#2631,#2632);
#2631 = CARTESIAN_POINT('',(-32.4748,17.4428,25.));
#2632 = VECTOR('',#2633,1.);
#2633 = DIRECTION('',(-0.816966454533,-0.576685193297,0.));
#2634 = PCURVE('',#98,#2635);
#2635 = DEFINITIONAL_REPRESENTATION('',(#2636),#2640);
#2636 = LINE('',#2637,#2638);
#2637 = CARTESIAN_POINT('',(-34.3141548303,-1.719575688051));
#2638 = VECTOR('',#2639,1.);
#2639 = DIRECTION('',(-0.816966454533,-0.576685193297));
#2640 = ( GEOMETRIC_REPRESENTATION_CONTEXT(2) 
PARAMETRIC_REPRESENTATION_CONTEXT() REPRESENTATION_CONTEXT('2D SPACE',''
  ) );
#2641 = PCURVE('',#820,#2642);
#2642 = DEFINITIONAL_REPRESENTATION('',(#2643),#2647);
#2643 = LINE('',#2644,#2645);
#2644 = CARTESIAN_POINT('',(0.,-25.));
#2645 = VECTOR('',#2646,1.);
#2646 = DIRECTION('',(1.,0.));
#2647 = ( GEOMETRIC_REPRESENTATION_CONTEXT(2) 
PARAMETRIC_REPRESENTATION_CONTEXT() REPRESENTATION_CONTEXT('2D SPACE',''
  ) );
#2648 = ORIENTED_EDGE('',*,*,#2649,.T.);
#2649 = EDGE_CURVE('',#2627,#2650,#2652,.T.);
#2650 = VERTEX_POINT('',#2651);
#2651 = CARTESIAN_POINT('',(-37.43035694323,13.958806048435,25.));
#2652 = SURFACE_CURVE('',#2653,(#2663,#2676),.PCURVE_S1.);
#2653 = B_SPLINE_CURVE_WITH_KNOTS('',3,(#2654,#2655,#2656,#2657,#2658,
    #2659,#2660,#2661,#2662),.UNSPECIFIED.,.F.,.F.,(4,1,1,1,1,1,4),(0.,
    0.634148878419,1.264894786055,1.881212512557,2.524120943051,
    3.140477017086,3.77640975724),.UNSPECIFIED.);
#2654 = CARTESIAN_POINT('',(-37.2964,14.0393,25.));
#2655 = CARTESIAN_POINT('',(-37.47292952592,13.927145419466,25.));
#2656 = CARTESIAN_POINT('',(-37.85414828047,13.734408052018,25.));
#2657 = CARTESIAN_POINT('',(-38.47097348631,13.576814762201,25.));
#2658 = CARTESIAN_POINT('',(-39.10545604604,13.645351318718,25.));
#2659 = CARTESIAN_POINT('',(-39.71129843659,13.817904097444,25.));
#2660 = CARTESIAN_POINT('',(-40.25029042889,14.164631784856,25.));
#2661 = CARTESIAN_POINT('',(-40.53410467418,14.476505543615,25.));
#2662 = CARTESIAN_POINT('',(-40.6526,14.6538,25.));
#2663 = PCURVE('',#98,#2664);
#2664 = DEFINITIONAL_REPRESENTATION('',(#2665),#2675);
#2665 = B_SPLINE_CURVE_WITH_KNOTS('',3,(#2666,#2667,#2668,#2669,#2670,
    #2671,#2672,#2673,#2674),.UNSPECIFIED.,.F.,.F.,(4,1,1,1,1,1,4),(0.,
    0.634148878419,1.264894786055,1.881212512557,2.524120943051,
    3.140477017086,3.77640975724),.UNSPECIFIED.);
#2666 = CARTESIAN_POINT('',(-39.1357548303,-5.123075688051));
#2667 = CARTESIAN_POINT('',(-39.31228435623,-5.235230268585));
#2668 = CARTESIAN_POINT('',(-39.69350311078,-5.427967636033));
#2669 = CARTESIAN_POINT('',(-40.31032831662,-5.58556092585));
#2670 = CARTESIAN_POINT('',(-40.94481087635,-5.517024369333));
#2671 = CARTESIAN_POINT('',(-41.5506532669,-5.344471590607));
#2672 = CARTESIAN_POINT('',(-42.08964525919,-4.997743903195));
#2673 = CARTESIAN_POINT('',(-42.37345950449,-4.685870144436));
#2674 = CARTESIAN_POINT('',(-42.4919548303,-4.508575688051));
#2675 = ( GEOMETRIC_REPRESENTATION_CONTEXT(2) 
PARAMETRIC_REPRESENTATION_CONTEXT() REPRESENTATION_CONTEXT('2D SPACE',''
  ) );
#2676 = PCURVE('',#860,#2677);
#2677 = DEFINITIONAL_REPRESENTATION('',(#2678),#2682);
#2678 = LINE('',#2679,#2680);
#2679 = CARTESIAN_POINT('',(0.,-25.));
#2680 = VECTOR('',#2681,1.);
#2681 = DIRECTION('',(1.,0.));
#2682 = ( GEOMETRIC_REPRESENTATION_CONTEXT(2) 
PARAMETRIC_REPRESENTATION_CONTEXT() REPRESENTATION_CONTEXT('2D SPACE',''
  ) );
#2683 = ORIENTED_EDGE('',*,*,#2684,.F.);
#2684 = EDGE_CURVE('',#2685,#2650,#2687,.T.);
#2685 = VERTEX_POINT('',#2686);
#2686 = CARTESIAN_POINT('',(-40.86492859519,11.553304690925,25.));
#2687 = SURFACE_CURVE('',#2688,(#2692,#2699),.PCURVE_S1.);
#2688 = LINE('',#2689,#2690);
#2689 = CARTESIAN_POINT('',(-40.86492859519,11.553304690925,25.));
#2690 = VECTOR('',#2691,1.);
#2691 = DIRECTION('',(0.81908610893,0.573670590284,0.));
#2692 = PCURVE('',#98,#2693);
#2693 = DEFINITIONAL_REPRESENTATION('',(#2694),#2698);
#2694 = LINE('',#2695,#2696);
#2695 = CARTESIAN_POINT('',(-42.70428342549,-7.609070997127));
#2696 = VECTOR('',#2697,1.);
#2697 = DIRECTION('',(0.81908610893,0.573670590284));
#2698 = ( GEOMETRIC_REPRESENTATION_CONTEXT(2) 
PARAMETRIC_REPRESENTATION_CONTEXT() REPRESENTATION_CONTEXT('2D SPACE',''
  ) );
#2699 = PCURVE('',#896,#2700);
#2700 = DEFINITIONAL_REPRESENTATION('',(#2701),#2705);
#2701 = LINE('',#2702,#2703);
#2702 = CARTESIAN_POINT('',(0.,-25.));
#2703 = VECTOR('',#2704,1.);
#2704 = DIRECTION('',(1.,0.));
#2705 = ( GEOMETRIC_REPRESENTATION_CONTEXT(2) 
PARAMETRIC_REPRESENTATION_CONTEXT() REPRESENTATION_CONTEXT('2D SPACE',''
  ) );
#2706 = ORIENTED_EDGE('',*,*,#2707,.F.);
#2707 = EDGE_CURVE('',#2708,#2685,#2710,.T.);
#2708 = VERTEX_POINT('',#2709);
#2709 = CARTESIAN_POINT('',(-45.95479174643,18.820604556289,25.));
#2710 = SURFACE_CURVE('',#2711,(#2715,#2722),.PCURVE_S1.);
#2711 = LINE('',#2712,#2713);
#2712 = CARTESIAN_POINT('',(-55.17048172078,31.978754494667,25.));
#2713 = VECTOR('',#2714,1.);
#2714 = DIRECTION('',(0.573670590284,-0.81908610893,0.));
#2715 = PCURVE('',#98,#2716);
#2716 = DEFINITIONAL_REPRESENTATION('',(#2717),#2721);
#2717 = LINE('',#2718,#2719);
#2718 = CARTESIAN_POINT('',(-57.00983655108,12.816378806616));
#2719 = VECTOR('',#2720,1.);
#2720 = DIRECTION('',(0.573670590284,-0.81908610893));
#2721 = ( GEOMETRIC_REPRESENTATION_CONTEXT(2) 
PARAMETRIC_REPRESENTATION_CONTEXT() REPRESENTATION_CONTEXT('2D SPACE',''
  ) );
#2722 = PCURVE('',#924,#2723);
#2723 = DEFINITIONAL_REPRESENTATION('',(#2724),#2728);
#2724 = LINE('',#2725,#2726);
#2725 = CARTESIAN_POINT('',(0.,-25.));
#2726 = VECTOR('',#2727,1.);
#2727 = DIRECTION('',(1.,0.));
#2728 = ( GEOMETRIC_REPRESENTATION_CONTEXT(2) 
PARAMETRIC_REPRESENTATION_CONTEXT() REPRESENTATION_CONTEXT('2D SPACE',''
  ) );
#2729 = ORIENTED_EDGE('',*,*,#2730,.T.);
#2730 = EDGE_CURVE('',#2708,#2731,#2733,.T.);
#2731 = VERTEX_POINT('',#2732);
#2732 = CARTESIAN_POINT('',(-47.885,17.1119,25.));
#2733 = SURFACE_CURVE('',#2734,(#2738,#2745),.PCURVE_S1.);
#2734 = LINE('',#2735,#2736);
#2735 = CARTESIAN_POINT('',(-45.0015,19.6645,25.));
#2736 = VECTOR('',#2737,1.);
#2737 = DIRECTION('',(-0.748763070152,-0.662837736386,0.));
#2738 = PCURVE('',#98,#2739);
#2739 = DEFINITIONAL_REPRESENTATION('',(#2740),#2744);
#2740 = LINE('',#2741,#2742);
#2741 = CARTESIAN_POINT('',(-46.8408548303,0.502124311949));
#2742 = VECTOR('',#2743,1.);
#2743 = DIRECTION('',(-0.748763070152,-0.662837736386));
#2744 = ( GEOMETRIC_REPRESENTATION_CONTEXT(2) 
PARAMETRIC_REPRESENTATION_CONTEXT() REPRESENTATION_CONTEXT('2D SPACE',''
  ) );
#2745 = PCURVE('',#952,#2746);
#2746 = DEFINITIONAL_REPRESENTATION('',(#2747),#2751);
#2747 = LINE('',#2748,#2749);
#2748 = CARTESIAN_POINT('',(0.,-25.));
#2749 = VECTOR('',#2750,1.);
#2750 = DIRECTION('',(1.,0.));
#2751 = ( GEOMETRIC_REPRESENTATION_CONTEXT(2) 
PARAMETRIC_REPRESENTATION_CONTEXT() REPRESENTATION_CONTEXT('2D SPACE',''
  ) );
#2752 = ORIENTED_EDGE('',*,*,#2753,.T.);
#2753 = EDGE_CURVE('',#2731,#2754,#2756,.T.);
#2754 = VERTEX_POINT('',#2755);
#2755 = CARTESIAN_POINT('',(-42.4016,0.,25.));
#2756 = SURFACE_CURVE('',#2757,(#2775,#2796),.PCURVE_S1.);
#2757 = B_SPLINE_CURVE_WITH_KNOTS('',3,(#2758,#2759,#2760,#2761,#2762,
    #2763,#2764,#2765,#2766,#2767,#2768,#2769,#2770,#2771,#2772,#2773,
    #2774),.UNSPECIFIED.,.F.,.F.,(4,1,1,1,1,1,1,1,1,1,1,1,1,1,4),(0.,
    0.538943382926,1.131251545963,1.659768575017,2.226968575017,
    4.654392229841,7.064698753916,9.506873033119,11.898503627505,
    14.294992409035,16.726045514173,17.369034814239,18.004967554393,
    18.663371085672,19.285094898952),.UNSPECIFIED.);
#2758 = CARTESIAN_POINT('',(-47.885,17.1119,25.));
#2759 = CARTESIAN_POINT('',(-47.99709132091,16.976612467697,25.));
#2760 = CARTESIAN_POINT('',(-48.23636337923,16.679126794612,25.));
#2761 = CARTESIAN_POINT('',(-48.52810535151,16.199603669919,25.));
#2762 = CARTESIAN_POINT('',(-48.6100795791,15.632782797997,25.));
#2763 = CARTESIAN_POINT('',(-48.58491149372,14.459808952968,25.));
#2764 = CARTESIAN_POINT('',(-48.33498170165,12.668325925625,25.));
#2765 = CARTESIAN_POINT('',(-47.85615945395,10.290326688078,25.));
#2766 = CARTESIAN_POINT('',(-47.25531663679,7.949817211277,25.));
#2767 = CARTESIAN_POINT('',(-46.49198494376,5.660141764161,25.));
#2768 = CARTESIAN_POINT('',(-45.57513546743,3.439373670792,25.));
#2769 = CARTESIAN_POINT('',(-44.83058856533,1.759713664299,25.));
#2770 = CARTESIAN_POINT('',(-44.12162644242,0.747179764413,25.));
#2771 = CARTESIAN_POINT('',(-43.64966317625,0.284639620402,25.));
#2772 = CARTESIAN_POINT('',(-43.03240608142,7.796578564719E-02,25.));
#2773 = CARTESIAN_POINT('',(-42.60304176036,1.73461680925E-02,25.));
#2774 = CARTESIAN_POINT('',(-42.4016,0.,25.));
#2775 = PCURVE('',#98,#2776);
#2776 = DEFINITIONAL_REPRESENTATION('',(#2777),#2795);
#2777 = B_SPLINE_CURVE_WITH_KNOTS('',3,(#2778,#2779,#2780,#2781,#2782,
    #2783,#2784,#2785,#2786,#2787,#2788,#2789,#2790,#2791,#2792,#2793,
    #2794),.UNSPECIFIED.,.F.,.F.,(4,1,1,1,1,1,1,1,1,1,1,1,1,1,4),(0.,
    0.538943382926,1.131251545963,1.659768575017,2.226968575017,
    4.654392229841,7.064698753916,9.506873033119,11.898503627505,
    14.294992409035,16.726045514173,17.369034814239,18.004967554393,
    18.663371085672,19.285094898952),.UNSPECIFIED.);
#2778 = CARTESIAN_POINT('',(-49.7243548303,-2.050475688051));
#2779 = CARTESIAN_POINT('',(-49.83644615122,-2.185763220354));
#2780 = CARTESIAN_POINT('',(-50.07571820954,-2.483248893439));
#2781 = CARTESIAN_POINT('',(-50.36746018181,-2.962772018132));
#2782 = CARTESIAN_POINT('',(-50.4494344094,-3.529592890055));
#2783 = CARTESIAN_POINT('',(-50.42426632402,-4.702566735084));
#2784 = CARTESIAN_POINT('',(-50.17433653196,-6.494049762426));
#2785 = CARTESIAN_POINT('',(-49.69551428426,-8.872048999973));
#2786 = CARTESIAN_POINT('',(-49.09467146709,-11.21255847677));
#2787 = CARTESIAN_POINT('',(-48.33133977407,-13.50223392389));
#2788 = CARTESIAN_POINT('',(-47.41449029774,-15.72300201725));
#2789 = CARTESIAN_POINT('',(-46.66994339564,-17.40266202375));
#2790 = CARTESIAN_POINT('',(-45.96098127272,-18.41519592363));
#2791 = CARTESIAN_POINT('',(-45.48901800656,-18.87773606764));
#2792 = CARTESIAN_POINT('',(-44.87176091172,-19.0844099024));
#2793 = CARTESIAN_POINT('',(-44.44239659066,-19.14502951995));
#2794 = CARTESIAN_POINT('',(-44.2409548303,-19.16237568805));
#2795 = ( GEOMETRIC_REPRESENTATION_CONTEXT(2) 
PARAMETRIC_REPRESENTATION_CONTEXT() REPRESENTATION_CONTEXT('2D SPACE',''
  ) );
#2796 = PCURVE('',#1008,#2797);
#2797 = DEFINITIONAL_REPRESENTATION('',(#2798),#2802);
#2798 = LINE('',#2799,#2800);
#2799 = CARTESIAN_POINT('',(0.,-25.));
#2800 = VECTOR('',#2801,1.);
#2801 = DIRECTION('',(1.,0.));
#2802 = ( GEOMETRIC_REPRESENTATION_CONTEXT(2) 
PARAMETRIC_REPRESENTATION_CONTEXT() REPRESENTATION_CONTEXT('2D SPACE',''
  ) );
#2803 = ORIENTED_EDGE('',*,*,#2804,.T.);
#2804 = EDGE_CURVE('',#2754,#2805,#2807,.T.);
#2805 = VERTEX_POINT('',#2806);
#2806 = CARTESIAN_POINT('',(-29.7804,0.,25.));
#2807 = SURFACE_CURVE('',#2808,(#2812,#2819),.PCURVE_S1.);
#2808 = LINE('',#2809,#2810);
#2809 = CARTESIAN_POINT('',(-42.4016,0.,25.));
#2810 = VECTOR('',#2811,1.);
#2811 = DIRECTION('',(1.,0.,0.));
#2812 = PCURVE('',#98,#2813);
#2813 = DEFINITIONAL_REPRESENTATION('',(#2814),#2818);
#2814 = LINE('',#2815,#2816);
#2815 = CARTESIAN_POINT('',(-44.2409548303,-19.16237568805));
#2816 = VECTOR('',#2817,1.);
#2817 = DIRECTION('',(1.,0.));
#2818 = ( GEOMETRIC_REPRESENTATION_CONTEXT(2) 
PARAMETRIC_REPRESENTATION_CONTEXT() REPRESENTATION_CONTEXT('2D SPACE',''
  ) );
#2819 = PCURVE('',#1052,#2820);
#2820 = DEFINITIONAL_REPRESENTATION('',(#2821),#2825);
#2821 = LINE('',#2822,#2823);
#2822 = CARTESIAN_POINT('',(0.,-25.));
#2823 = VECTOR('',#2824,1.);
#2824 = DIRECTION('',(1.,0.));
#2825 = ( GEOMETRIC_REPRESENTATION_CONTEXT(2) 
PARAMETRIC_REPRESENTATION_CONTEXT() REPRESENTATION_CONTEXT('2D SPACE',''
  ) );
#2826 = ORIENTED_EDGE('',*,*,#2827,.T.);
#2827 = EDGE_CURVE('',#2805,#2828,#2830,.T.);
#2828 = VERTEX_POINT('',#2829);
#2829 = CARTESIAN_POINT('',(31.7185,0.,25.));
#2830 = SURFACE_CURVE('',#2831,(#2883,#2938),.PCURVE_S1.);
#2831 = B_SPLINE_CURVE_WITH_KNOTS('',3,(#2832,#2833,#2834,#2835,#2836,
    #2837,#2838,#2839,#2840,#2841,#2842,#2843,#2844,#2845,#2846,#2847,
    #2848,#2849,#2850,#2851,#2852,#2853,#2854,#2855,#2856,#2857,#2858,
    #2859,#2860,#2861,#2862,#2863,#2864,#2865,#2866,#2867,#2868,#2869,
    #2870,#2871,#2872,#2873,#2874,#2875,#2876,#2877,#2878,#2879,#2880,
    #2881,#2882),.UNSPECIFIED.,.F.,.F.,(4,1,1,1,1,1,1,1,1,1,1,1,1,1,1,1,
    1,1,1,1,1,1,1,1,1,1,1,1,1,1,1,1,1,1,1,1,1,1,1,1,1,1,1,1,1,1,1,1,4),(
    0.,0.435769904881,0.90139750286,1.36936077065,1.856072122479,
    2.338145197853,2.820218273226,3.285754490937,4.335345392193,
    4.927565765027,5.549388416593,6.163888416593,6.806796847086,
    7.423152921122,8.059085661276,11.231887079581,14.386281934383,
    17.515015035815,20.71165863966,23.881943372929,27.037735460504,
    30.191097724818,33.36213727834,36.546476647817,39.672102156415,
    42.839202156415,46.015112635317,49.204702267229,52.329234240181,
    55.528583086431,58.698255990691,61.824151667133,65.020795270978,
    68.171337789339,71.349252352381,71.954628706396,72.570984780431,
    73.185477091205,73.801894522821,74.418212249322,75.010432622157,
    77.97759086701,78.443218464989,78.915918464989,79.35171006656,
    79.81733766454,80.253064184274,80.718691782254,81.200745244019),
  .UNSPECIFIED.);
#2832 = CARTESIAN_POINT('',(-29.7804,0.,25.));
#2833 = CARTESIAN_POINT('',(-29.64056148088,2.289440584376E-02,25.));
#2834 = CARTESIAN_POINT('',(-29.34174867177,8.497561021743E-02,25.));
#2835 = CARTESIAN_POINT('',(-28.90960447043,0.254562473151,25.));
#2836 = CARTESIAN_POINT('',(-28.57855508075,0.609817621287,25.));
#2837 = CARTESIAN_POINT('',(-28.34185209458,1.027885663237,25.));
#2838 = CARTESIAN_POINT('',(-28.22868569668,1.513931349142,25.));
#2839 = CARTESIAN_POINT('',(-28.34858010738,1.985579626835,25.));
#2840 = CARTESIAN_POINT('',(-28.61650488705,2.598559626816,25.));
#2841 = CARTESIAN_POINT('',(-29.09435579175,3.120093242775,25.));
#2842 = CARTESIAN_POINT('',(-29.49912886816,3.776165480655,25.));
#2843 = CARTESIAN_POINT('',(-29.54547718638,4.394838166537,25.));
#2844 = CARTESIAN_POINT('',(-29.58311910401,5.023956705386,25.));
#2845 = CARTESIAN_POINT('',(-29.3801195781,5.627870322024,25.));
#2846 = CARTESIAN_POINT('',(-29.04636833599,6.173860984737,25.));
#2847 = CARTESIAN_POINT('',(-27.89197868705,7.112886087068,25.));
#2848 = CARTESIAN_POINT('',(-25.91933873807,8.331423786286,25.));
#2849 = CARTESIAN_POINT('',(-23.18151087397,9.896781175279,25.));
#2850 = CARTESIAN_POINT('',(-20.36745588892,11.337209694136,25.));
#2851 = CARTESIAN_POINT('',(-17.4626900335,12.600328403217,25.));
#2852 = CARTESIAN_POINT('',(-14.47947413161,13.689432544073,25.));
#2853 = CARTESIAN_POINT('',(-11.44935266724,14.595247258666,25.));
#2854 = CARTESIAN_POINT('',(-8.364481372837,15.283847235792,25.));
#2855 = CARTESIAN_POINT('',(-5.250159964704,15.888864880197,25.));
#2856 = CARTESIAN_POINT('',(-2.099885258455,16.17801022391,25.));
#2857 = CARTESIAN_POINT('',(1.051889217416,16.388594773569,25.));
#2858 = CARTESIAN_POINT('',(4.212472209869,16.403380472711,25.));
#2859 = CARTESIAN_POINT('',(7.379749791488,16.130321663047,25.));
#2860 = CARTESIAN_POINT('',(10.526866006318,15.789526367739,25.));
#2861 = CARTESIAN_POINT('',(13.639593073438,15.175750962027,25.));
#2862 = CARTESIAN_POINT('',(16.738340319958,14.521579667424,25.));
#2863 = CARTESIAN_POINT('',(19.752890449279,13.543941080387,25.));
#2864 = CARTESIAN_POINT('',(22.720845334326,12.447420582547,25.));
#2865 = CARTESIAN_POINT('',(25.628115486489,11.209105279303,25.));
#2866 = CARTESIAN_POINT('',(28.423176885666,9.684265657328,25.));
#2867 = CARTESIAN_POINT('',(30.433340131951,8.582000049724,25.));
#2868 = CARTESIAN_POINT('',(31.662783519269,7.734675125571,25.));
#2869 = CARTESIAN_POINT('',(31.956660573045,7.187052429636,25.));
#2870 = CARTESIAN_POINT('',(32.23938373329,6.627778181423,25.));
#2871 = CARTESIAN_POINT('',(32.233730872482,6.005523165754,25.));
#2872 = CARTESIAN_POINT('',(32.256384495061,5.377806833262,25.));
#2873 = CARTESIAN_POINT('',(31.438231715922,4.197692666391,25.));
#2874 = CARTESIAN_POINT('',(30.814705413318,3.060754494592,25.));
#2875 = CARTESIAN_POINT('',(30.160530346019,1.899938754986,25.));
#2876 = CARTESIAN_POINT('',(30.192538922056,1.424663503367,25.));
#2877 = CARTESIAN_POINT('',(30.293833046929,0.984039784345,25.));
#2878 = CARTESIAN_POINT('',(30.44803891877,0.549515707494,25.));
#2879 = CARTESIAN_POINT('',(30.821713599973,0.261017352486,25.));
#2880 = CARTESIAN_POINT('',(31.244277054517,7.592364463381E-02,25.));
#2881 = CARTESIAN_POINT('',(31.560839330779,1.697430838171E-02,25.));
#2882 = CARTESIAN_POINT('',(31.7185,0.,25.));
#2883 = PCURVE('',#98,#2884);
#2884 = DEFINITIONAL_REPRESENTATION('',(#2885),#2937);
#2885 = B_SPLINE_CURVE_WITH_KNOTS('',3,(#2886,#2887,#2888,#2889,#2890,
    #2891,#2892,#2893,#2894,#2895,#2896,#2897,#2898,#2899,#2900,#2901,
    #2902,#2903,#2904,#2905,#2906,#2907,#2908,#2909,#2910,#2911,#2912,
    #2913,#2914,#2915,#2916,#2917,#2918,#2919,#2920,#2921,#2922,#2923,
    #2924,#2925,#2926,#2927,#2928,#2929,#2930,#2931,#2932,#2933,#2934,
    #2935,#2936),.UNSPECIFIED.,.F.,.F.,(4,1,1,1,1,1,1,1,1,1,1,1,1,1,1,1,
    1,1,1,1,1,1,1,1,1,1,1,1,1,1,1,1,1,1,1,1,1,1,1,1,1,1,1,1,1,1,1,1,4),(
    0.,0.435769904881,0.90139750286,1.36936077065,1.856072122479,
    2.338145197853,2.820218273226,3.285754490937,4.335345392193,
    4.927565765027,5.549388416593,6.163888416593,6.806796847086,
    7.423152921122,8.059085661276,11.231887079581,14.386281934383,
    17.515015035815,20.71165863966,23.881943372929,27.037735460504,
    30.191097724818,33.36213727834,36.546476647817,39.672102156415,
    42.839202156415,46.015112635317,49.204702267229,52.329234240181,
    55.528583086431,58.698255990691,61.824151667133,65.020795270978,
    68.171337789339,71.349252352381,71.954628706396,72.570984780431,
    73.185477091205,73.801894522821,74.418212249322,75.010432622157,
    77.97759086701,78.443218464989,78.915918464989,79.35171006656,
    79.81733766454,80.253064184274,80.718691782254,81.200745244019),
  .UNSPECIFIED.);
#2886 = CARTESIAN_POINT('',(-31.6197548303,-19.16237568805));
#2887 = CARTESIAN_POINT('',(-31.47991631119,-19.1394812822));
#2888 = CARTESIAN_POINT('',(-31.18110350207,-19.07740007783));
#2889 = CARTESIAN_POINT('',(-30.74895930074,-18.9078132149));
#2890 = CARTESIAN_POINT('',(-30.41790991106,-18.55255806676));
#2891 = CARTESIAN_POINT('',(-30.18120692489,-18.13449002481));
#2892 = CARTESIAN_POINT('',(-30.06804052698,-17.6484443389));
#2893 = CARTESIAN_POINT('',(-30.18793493769,-17.17679606121));
#2894 = CARTESIAN_POINT('',(-30.45585971736,-16.56381606123));
#2895 = CARTESIAN_POINT('',(-30.93371062205,-16.04228244527));
#2896 = CARTESIAN_POINT('',(-31.33848369846,-15.38621020739));
#2897 = CARTESIAN_POINT('',(-31.38483201669,-14.76753752151));
#2898 = CARTESIAN_POINT('',(-31.42247393431,-14.13841898266));
#2899 = CARTESIAN_POINT('',(-31.2194744084,-13.53450536602));
#2900 = CARTESIAN_POINT('',(-30.8857231663,-12.98851470331));
#2901 = CARTESIAN_POINT('',(-29.73133351736,-12.04948960098));
#2902 = CARTESIAN_POINT('',(-27.75869356838,-10.83095190176));
#2903 = CARTESIAN_POINT('',(-25.02086570428,-9.265594512772));
#2904 = CARTESIAN_POINT('',(-22.20681071922,-7.825165993916));
#2905 = CARTESIAN_POINT('',(-19.30204486381,-6.562047284835));
#2906 = CARTESIAN_POINT('',(-16.31882896191,-5.472943143978));
#2907 = CARTESIAN_POINT('',(-13.28870749755,-4.567128429385));
#2908 = CARTESIAN_POINT('',(-10.20383620314,-3.87852845226));
#2909 = CARTESIAN_POINT('',(-7.08951479501,-3.273510807854));
#2910 = CARTESIAN_POINT('',(-3.939240088761,-2.984365464141));
#2911 = CARTESIAN_POINT('',(-0.78746561289,-2.773780914482));
#2912 = CARTESIAN_POINT('',(2.373117379564,-2.758995215341));
#2913 = CARTESIAN_POINT('',(5.540394961183,-3.032054025004));
#2914 = CARTESIAN_POINT('',(8.687511176012,-3.372849320312));
#2915 = CARTESIAN_POINT('',(11.800238243132,-3.986624726024));
#2916 = CARTESIAN_POINT('',(14.898985489652,-4.640796020627));
#2917 = CARTESIAN_POINT('',(17.913535618973,-5.618434607665));
#2918 = CARTESIAN_POINT('',(20.88149050402,-6.714955105504));
#2919 = CARTESIAN_POINT('',(23.788760656183,-7.953270408748));
#2920 = CARTESIAN_POINT('',(26.58382205536,-9.478110030723));
#2921 = CARTESIAN_POINT('',(28.593985301645,-10.58037563832));
#2922 = CARTESIAN_POINT('',(29.823428688963,-11.42770056248));
#2923 = CARTESIAN_POINT('',(30.117305742739,-11.97532325841));
#2924 = CARTESIAN_POINT('',(30.400028902984,-12.53459750662));
#2925 = CARTESIAN_POINT('',(30.394376042176,-13.15685252229));
#2926 = CARTESIAN_POINT('',(30.417029664756,-13.78456885478));
#2927 = CARTESIAN_POINT('',(29.598876885616,-14.96468302166));
#2928 = CARTESIAN_POINT('',(28.975350583012,-16.10162119345));
#2929 = CARTESIAN_POINT('',(28.321175515713,-17.26243693306));
#2930 = CARTESIAN_POINT('',(28.35318409175,-17.73771218468));
#2931 = CARTESIAN_POINT('',(28.454478216624,-18.1783359037));
#2932 = CARTESIAN_POINT('',(28.608684088464,-18.61285998055));
#2933 = CARTESIAN_POINT('',(28.982358769667,-18.90135833556));
#2934 = CARTESIAN_POINT('',(29.404922224212,-19.08645204341));
#2935 = CARTESIAN_POINT('',(29.721484500473,-19.14540137966));
#2936 = CARTESIAN_POINT('',(29.879145169694,-19.16237568805));
#2937 = ( GEOMETRIC_REPRESENTATION_CONTEXT(2) 
PARAMETRIC_REPRESENTATION_CONTEXT() REPRESENTATION_CONTEXT('2D SPACE',''
  ) );
#2938 = PCURVE('',#1176,#2939);
#2939 = DEFINITIONAL_REPRESENTATION('',(#2940),#2944);
#2940 = LINE('',#2941,#2942);
#2941 = CARTESIAN_POINT('',(0.,-25.));
#2942 = VECTOR('',#2943,1.);
#2943 = DIRECTION('',(1.,0.));
#2944 = ( GEOMETRIC_REPRESENTATION_CONTEXT(2) 
PARAMETRIC_REPRESENTATION_CONTEXT() REPRESENTATION_CONTEXT('2D SPACE',''
  ) );
#2945 = ORIENTED_EDGE('',*,*,#2946,.T.);
#2946 = EDGE_CURVE('',#2828,#2947,#2949,.T.);
#2947 = VERTEX_POINT('',#2948);
#2948 = CARTESIAN_POINT('',(44.6233,0.,25.));
#2949 = SURFACE_CURVE('',#2950,(#2954,#2961),.PCURVE_S1.);
#2950 = LINE('',#2951,#2952);
#2951 = CARTESIAN_POINT('',(31.7185,0.,25.));
#2952 = VECTOR('',#2953,1.);
#2953 = DIRECTION('',(1.,0.,0.));
#2954 = PCURVE('',#98,#2955);
#2955 = DEFINITIONAL_REPRESENTATION('',(#2956),#2960);
#2956 = LINE('',#2957,#2958);
#2957 = CARTESIAN_POINT('',(29.879145169694,-19.16237568805));
#2958 = VECTOR('',#2959,1.);
#2959 = DIRECTION('',(1.,0.));
#2960 = ( GEOMETRIC_REPRESENTATION_CONTEXT(2) 
PARAMETRIC_REPRESENTATION_CONTEXT() REPRESENTATION_CONTEXT('2D SPACE',''
  ) );
#2961 = PCURVE('',#1254,#2962);
#2962 = DEFINITIONAL_REPRESENTATION('',(#2963),#2967);
#2963 = LINE('',#2964,#2965);
#2964 = CARTESIAN_POINT('',(0.,-25.));
#2965 = VECTOR('',#2966,1.);
#2966 = DIRECTION('',(1.,0.));
#2967 = ( GEOMETRIC_REPRESENTATION_CONTEXT(2) 
PARAMETRIC_REPRESENTATION_CONTEXT() REPRESENTATION_CONTEXT('2D SPACE',''
  ) );
#2968 = ORIENTED_EDGE('',*,*,#2969,.T.);
#2969 = EDGE_CURVE('',#2947,#2970,#2972,.T.);
#2970 = VERTEX_POINT('',#2971);
#2971 = CARTESIAN_POINT('',(50.4849,21.319,25.));
#2972 = SURFACE_CURVE('',#2973,(#2991,#3012),.PCURVE_S1.);
#2973 = B_SPLINE_CURVE_WITH_KNOTS('',3,(#2974,#2975,#2976,#2977,#2978,
    #2979,#2980,#2981,#2982,#2983,#2984,#2985,#2986,#2987,#2988,#2989,
    #2990),.UNSPECIFIED.,.F.,.F.,(4,1,1,1,1,1,1,1,1,1,1,1,1,1,4),(0.,
    0.668512894416,1.345340745497,2.048082013675,2.729808557093,
    5.80233932667,8.896695791268,11.948518107524,15.045358324584,
    18.115005877643,21.210794307107,21.77996311335,22.364716505815,
    22.95693687865,23.558614042916),.UNSPECIFIED.);
#2974 = CARTESIAN_POINT('',(44.6233,0.,25.));
#2975 = CARTESIAN_POINT('',(44.847039673034,-1.487000612672E-03,25.));
#2976 = CARTESIAN_POINT('',(45.296588726764,6.465272463899E-02,25.));
#2977 = CARTESIAN_POINT('',(45.927258468184,0.351880832418,25.));
#2978 = CARTESIAN_POINT('',(46.439837358754,0.82690187924,25.));
#2979 = CARTESIAN_POINT('',(47.229992087764,2.093352156666,25.));
#2980 = CARTESIAN_POINT('',(47.982711739927,4.265743035641,25.));
#2981 = CARTESIAN_POINT('',(48.991029239523,7.16271298981,25.));
#2982 = CARTESIAN_POINT('',(49.862688560817,10.120842457176,25.));
#2983 = CARTESIAN_POINT('',(50.516928360626,13.128665891357,25.));
#2984 = CARTESIAN_POINT('',(50.972050127622,16.172640812994,25.));
#2985 = CARTESIAN_POINT('',(51.452943520872,18.396713071217,25.));
#2986 = CARTESIAN_POINT('',(51.349534192514,19.813132857759,25.));
#2987 = CARTESIAN_POINT('',(51.218640720958,20.384927194155,25.));
#2988 = CARTESIAN_POINT('',(50.930414313509,20.91298853852,25.));
#2989 = CARTESIAN_POINT('',(50.648970651024,21.199649796023,25.));
#2990 = CARTESIAN_POINT('',(50.4849,21.319,25.));
#2991 = PCURVE('',#98,#2992);
#2992 = DEFINITIONAL_REPRESENTATION('',(#2993),#3011);
#2993 = B_SPLINE_CURVE_WITH_KNOTS('',3,(#2994,#2995,#2996,#2997,#2998,
    #2999,#3000,#3001,#3002,#3003,#3004,#3005,#3006,#3007,#3008,#3009,
    #3010),.UNSPECIFIED.,.F.,.F.,(4,1,1,1,1,1,1,1,1,1,1,1,1,1,4),(0.,
    0.668512894416,1.345340745497,2.048082013675,2.729808557093,
    5.80233932667,8.896695791268,11.948518107524,15.045358324584,
    18.115005877643,21.210794307107,21.77996311335,22.364716505815,
    22.95693687865,23.558614042916),.UNSPECIFIED.);
#2994 = CARTESIAN_POINT('',(42.783945169694,-19.16237568805));
#2995 = CARTESIAN_POINT('',(43.007684842729,-19.16386268866));
#2996 = CARTESIAN_POINT('',(43.457233896458,-19.09772296341));
#2997 = CARTESIAN_POINT('',(44.087903637878,-18.81049485563));
#2998 = CARTESIAN_POINT('',(44.600482528448,-18.33547380881));
#2999 = CARTESIAN_POINT('',(45.390637257458,-17.06902353138));
#3000 = CARTESIAN_POINT('',(46.143356909621,-14.89663265241));
#3001 = CARTESIAN_POINT('',(47.151674409217,-11.99966269824));
#3002 = CARTESIAN_POINT('',(48.023333730511,-9.041533230875));
#3003 = CARTESIAN_POINT('',(48.67757353032,-6.033709796694));
#3004 = CARTESIAN_POINT('',(49.132695297316,-2.989734875057));
#3005 = CARTESIAN_POINT('',(49.613588690566,-0.765662616834));
#3006 = CARTESIAN_POINT('',(49.510179362208,0.650757169708));
#3007 = CARTESIAN_POINT('',(49.379285890652,1.222551506104));
#3008 = CARTESIAN_POINT('',(49.091059483203,1.750612850468));
#3009 = CARTESIAN_POINT('',(48.809615820718,2.037274107972));
#3010 = CARTESIAN_POINT('',(48.645545169694,2.156624311949));
#3011 = ( GEOMETRIC_REPRESENTATION_CONTEXT(2) 
PARAMETRIC_REPRESENTATION_CONTEXT() REPRESENTATION_CONTEXT('2D SPACE',''
  ) );
#3012 = PCURVE('',#1310,#3013);
#3013 = DEFINITIONAL_REPRESENTATION('',(#3014),#3018);
#3014 = LINE('',#3015,#3016);
#3015 = CARTESIAN_POINT('',(0.,-25.));
#3016 = VECTOR('',#3017,1.);
#3017 = DIRECTION('',(1.,0.));
#3018 = ( GEOMETRIC_REPRESENTATION_CONTEXT(2) 
PARAMETRIC_REPRESENTATION_CONTEXT() REPRESENTATION_CONTEXT('2D SPACE',''
  ) );
#3019 = ORIENTED_EDGE('',*,*,#3020,.T.);
#3020 = EDGE_CURVE('',#2970,#3021,#3023,.T.);
#3021 = VERTEX_POINT('',#3022);
#3022 = CARTESIAN_POINT('',(47.62986086547,23.417255472006,25.));
#3023 = SURFACE_CURVE('',#3024,(#3028,#3035),.PCURVE_S1.);
#3024 = LINE('',#3025,#3026);
#3025 = CARTESIAN_POINT('',(50.4849,21.319,25.));
#3026 = VECTOR('',#3027,1.);
#3027 = DIRECTION('',(-0.805790809302,0.592200280011,0.));
#3028 = PCURVE('',#98,#3029);
#3029 = DEFINITIONAL_REPRESENTATION('',(#3030),#3034);
#3030 = LINE('',#3031,#3032);
#3031 = CARTESIAN_POINT('',(48.645545169694,2.156624311949));
#3032 = VECTOR('',#3033,1.);
#3033 = DIRECTION('',(-0.805790809302,0.592200280011));
#3034 = ( GEOMETRIC_REPRESENTATION_CONTEXT(2) 
PARAMETRIC_REPRESENTATION_CONTEXT() REPRESENTATION_CONTEXT('2D SPACE',''
  ) );
#3035 = PCURVE('',#1354,#3036);
#3036 = DEFINITIONAL_REPRESENTATION('',(#3037),#3041);
#3037 = LINE('',#3038,#3039);
#3038 = CARTESIAN_POINT('',(0.,-25.));
#3039 = VECTOR('',#3040,1.);
#3040 = DIRECTION('',(1.,0.));
#3041 = ( GEOMETRIC_REPRESENTATION_CONTEXT(2) 
PARAMETRIC_REPRESENTATION_CONTEXT() REPRESENTATION_CONTEXT('2D SPACE',''
  ) );
#3042 = ORIENTED_EDGE('',*,*,#3043,.F.);
#3043 = EDGE_CURVE('',#3044,#3021,#3046,.T.);
#3044 = VERTEX_POINT('',#3045);
#3045 = CARTESIAN_POINT('',(42.370184463391,14.672832990898,25.));
#3046 = SURFACE_CURVE('',#3047,(#3051,#3058),.PCURVE_S1.);
#3047 = LINE('',#3048,#3049);
#3048 = CARTESIAN_POINT('',(42.370184463391,14.672832990898,25.));
#3049 = VECTOR('',#3050,1.);
#3050 = DIRECTION('',(0.515433836863,0.856929378547,0.));
#3051 = PCURVE('',#98,#3052);
#3052 = DEFINITIONAL_REPRESENTATION('',(#3053),#3057);
#3053 = LINE('',#3054,#3055);
#3054 = CARTESIAN_POINT('',(40.530829633085,-4.489542697153));
#3055 = VECTOR('',#3056,1.);
#3056 = DIRECTION('',(0.515433836863,0.856929378547));
#3057 = ( GEOMETRIC_REPRESENTATION_CONTEXT(2) 
PARAMETRIC_REPRESENTATION_CONTEXT() REPRESENTATION_CONTEXT('2D SPACE',''
  ) );
#3058 = PCURVE('',#1382,#3059);
#3059 = DEFINITIONAL_REPRESENTATION('',(#3060),#3064);
#3060 = LINE('',#3061,#3062);
#3061 = CARTESIAN_POINT('',(0.,-25.));
#3062 = VECTOR('',#3063,1.);
#3063 = DIRECTION('',(1.,0.));
#3064 = ( GEOMETRIC_REPRESENTATION_CONTEXT(2) 
PARAMETRIC_REPRESENTATION_CONTEXT() REPRESENTATION_CONTEXT('2D SPACE',''
  ) );
#3065 = ORIENTED_EDGE('',*,*,#3066,.F.);
#3066 = EDGE_CURVE('',#3067,#3044,#3069,.T.);
#3067 = VERTEX_POINT('',#3068);
#3068 = CARTESIAN_POINT('',(38.723713531581,16.866146174513,25.));
#3069 = SURFACE_CURVE('',#3070,(#3074,#3081),.PCURVE_S1.);
#3070 = LINE('',#3071,#3072);
#3071 = CARTESIAN_POINT('',(29.859015536609,22.198167009102,25.));
#3072 = VECTOR('',#3073,1.);
#3073 = DIRECTION('',(0.856929378547,-0.515433836863,0.));
#3074 = PCURVE('',#98,#3075);
#3075 = DEFINITIONAL_REPRESENTATION('',(#3076),#3080);
#3076 = LINE('',#3077,#3078);
#3077 = CARTESIAN_POINT('',(28.019660706303,3.035791321051));
#3078 = VECTOR('',#3079,1.);
#3079 = DIRECTION('',(0.856929378547,-0.515433836863));
#3080 = ( GEOMETRIC_REPRESENTATION_CONTEXT(2) 
PARAMETRIC_REPRESENTATION_CONTEXT() REPRESENTATION_CONTEXT('2D SPACE',''
  ) );
#3081 = PCURVE('',#1410,#3082);
#3082 = DEFINITIONAL_REPRESENTATION('',(#3083),#3087);
#3083 = LINE('',#3084,#3085);
#3084 = CARTESIAN_POINT('',(0.,-25.));
#3085 = VECTOR('',#3086,1.);
#3086 = DIRECTION('',(1.,0.));
#3087 = ( GEOMETRIC_REPRESENTATION_CONTEXT(2) 
PARAMETRIC_REPRESENTATION_CONTEXT() REPRESENTATION_CONTEXT('2D SPACE',''
  ) );
#3088 = ORIENTED_EDGE('',*,*,#3089,.T.);
#3089 = EDGE_CURVE('',#3067,#3090,#3092,.T.);
#3090 = VERTEX_POINT('',#3091);
#3091 = CARTESIAN_POINT('',(38.62,16.9228,25.));
#3092 = SURFACE_CURVE('',#3093,(#3103,#3116),.PCURVE_S1.);
#3093 = B_SPLINE_CURVE_WITH_KNOTS('',3,(#3094,#3095,#3096,#3097,#3098,
    #3099,#3100,#3101,#3102),.UNSPECIFIED.,.F.,.F.,(4,1,1,1,1,1,4),(0.,
    0.635932740154,1.241246625671,1.855831241489,2.519319395114,
    3.141058415926,3.75551226285),.UNSPECIFIED.);
#3094 = CARTESIAN_POINT('',(41.9289,17.7264,25.));
#3095 = CARTESIAN_POINT('',(41.796889293357,17.56506010316,25.));
#3096 = CARTESIAN_POINT('',(41.521638003772,17.248528658893,25.));
#3097 = CARTESIAN_POINT('',(41.045460466978,16.849203280749,25.));
#3098 = CARTESIAN_POINT('',(40.455368443856,16.596960769349,25.));
#3099 = CARTESIAN_POINT('',(39.813906001001,16.571945186593,25.));
#3100 = CARTESIAN_POINT('',(39.182972193353,16.660653273232,25.));
#3101 = CARTESIAN_POINT('',(38.798679139744,16.819213077484,25.));
#3102 = CARTESIAN_POINT('',(38.62,16.9228,25.));
#3103 = PCURVE('',#98,#3104);
#3104 = DEFINITIONAL_REPRESENTATION('',(#3105),#3115);
#3105 = B_SPLINE_CURVE_WITH_KNOTS('',3,(#3106,#3107,#3108,#3109,#3110,
    #3111,#3112,#3113,#3114),.UNSPECIFIED.,.F.,.F.,(4,1,1,1,1,1,4),(0.,
    0.635932740154,1.241246625671,1.855831241489,2.519319395114,
    3.141058415926,3.75551226285),.UNSPECIFIED.);
#3106 = CARTESIAN_POINT('',(40.089545169694,-1.435975688051));
#3107 = CARTESIAN_POINT('',(39.957534463051,-1.597315584891));
#3108 = CARTESIAN_POINT('',(39.682283173466,-1.913847029158));
#3109 = CARTESIAN_POINT('',(39.206105636673,-2.313172407302));
#3110 = CARTESIAN_POINT('',(38.61601361355,-2.565414918702));
#3111 = CARTESIAN_POINT('',(37.974551170695,-2.590430501458));
#3112 = CARTESIAN_POINT('',(37.343617363047,-2.50172241482));
#3113 = CARTESIAN_POINT('',(36.959324309438,-2.343162610567));
#3114 = CARTESIAN_POINT('',(36.780645169694,-2.239575688051));
#3115 = ( GEOMETRIC_REPRESENTATION_CONTEXT(2) 
PARAMETRIC_REPRESENTATION_CONTEXT() REPRESENTATION_CONTEXT('2D SPACE',''
  ) );
#3116 = PCURVE('',#1450,#3117);
#3117 = DEFINITIONAL_REPRESENTATION('',(#3118),#3122);
#3118 = LINE('',#3119,#3120);
#3119 = CARTESIAN_POINT('',(0.,-25.));
#3120 = VECTOR('',#3121,1.);
#3121 = DIRECTION('',(1.,0.));
#3122 = ( GEOMETRIC_REPRESENTATION_CONTEXT(2) 
PARAMETRIC_REPRESENTATION_CONTEXT() REPRESENTATION_CONTEXT('2D SPACE',''
  ) );
#3123 = ORIENTED_EDGE('',*,*,#3124,.T.);
#3124 = EDGE_CURVE('',#3090,#3125,#3127,.T.);
#3125 = VERTEX_POINT('',#3126);
#3126 = CARTESIAN_POINT('',(33.562,19.9481,25.));
#3127 = SURFACE_CURVE('',#3128,(#3132,#3139),.PCURVE_S1.);
#3128 = LINE('',#3129,#3130);
#3129 = CARTESIAN_POINT('',(38.62,16.9228,25.));
#3130 = VECTOR('',#3131,1.);
#3131 = DIRECTION('',(-0.858203233787,0.513310052032,0.));
#3132 = PCURVE('',#98,#3133);
#3133 = DEFINITIONAL_REPRESENTATION('',(#3134),#3138);
#3134 = LINE('',#3135,#3136);
#3135 = CARTESIAN_POINT('',(36.780645169694,-2.239575688051));
#3136 = VECTOR('',#3137,1.);
#3137 = DIRECTION('',(-0.858203233787,0.513310052032));
#3138 = ( GEOMETRIC_REPRESENTATION_CONTEXT(2) 
PARAMETRIC_REPRESENTATION_CONTEXT() REPRESENTATION_CONTEXT('2D SPACE',''
  ) );
#3139 = PCURVE('',#1486,#3140);
#3140 = DEFINITIONAL_REPRESENTATION('',(#3141),#3145);
#3141 = LINE('',#3142,#3143);
#3142 = CARTESIAN_POINT('',(0.,-25.));
#3143 = VECTOR('',#3144,1.);
#3144 = DIRECTION('',(1.,0.));
#3145 = ( GEOMETRIC_REPRESENTATION_CONTEXT(2) 
PARAMETRIC_REPRESENTATION_CONTEXT() REPRESENTATION_CONTEXT('2D SPACE',''
  ) );
#3146 = ORIENTED_EDGE('',*,*,#3147,.T.);
#3147 = EDGE_CURVE('',#3125,#3148,#3150,.T.);
#3148 = VERTEX_POINT('',#3149);
#3149 = CARTESIAN_POINT('',(33.309189826268,20.122924151888,25.));
#3150 = SURFACE_CURVE('',#3151,(#3161,#3174),.PCURVE_S1.);
#3151 = B_SPLINE_CURVE_WITH_KNOTS('',3,(#3152,#3153,#3154,#3155,#3156,
    #3157,#3158,#3159,#3160),.UNSPECIFIED.,.F.,.F.,(4,1,1,1,1,1,4),(0.,
    0.605376354015,1.248306840148,1.862799150922,2.479116877423,
    3.100954734103,3.715408581027),.UNSPECIFIED.);
#3152 = CARTESIAN_POINT('',(33.562,19.9481,25.));
#3153 = CARTESIAN_POINT('',(33.386171443839,20.051521308134,25.));
#3154 = CARTESIAN_POINT('',(33.05932842605,20.315712778024,25.));
#3155 = CARTESIAN_POINT('',(32.699375637742,20.827562291409,25.));
#3156 = CARTESIAN_POINT('',(32.436027211491,21.404681145681,25.));
#3157 = CARTESIAN_POINT('',(32.408235305737,22.031953961368,25.));
#3158 = CARTESIAN_POINT('',(32.49627931585,22.646623208022,25.));
#3159 = CARTESIAN_POINT('',(32.655706128302,23.031221150476,25.));
#3160 = CARTESIAN_POINT('',(32.7584,23.2098,25.));
#3161 = PCURVE('',#98,#3162);
#3162 = DEFINITIONAL_REPRESENTATION('',(#3163),#3173);
#3163 = B_SPLINE_CURVE_WITH_KNOTS('',3,(#3164,#3165,#3166,#3167,#3168,
    #3169,#3170,#3171,#3172),.UNSPECIFIED.,.F.,.F.,(4,1,1,1,1,1,4),(0.,
    0.605376354015,1.248306840148,1.862799150922,2.479116877423,
    3.100954734103,3.715408581027),.UNSPECIFIED.);
#3164 = CARTESIAN_POINT('',(31.722645169694,0.785724311949));
#3165 = CARTESIAN_POINT('',(31.546816613533,0.889145620083));
#3166 = CARTESIAN_POINT('',(31.219973595745,1.153337089973));
#3167 = CARTESIAN_POINT('',(30.860020807437,1.665186603358));
#3168 = CARTESIAN_POINT('',(30.596672381185,2.24230545763));
#3169 = CARTESIAN_POINT('',(30.568880475431,2.869578273317));
#3170 = CARTESIAN_POINT('',(30.656924485544,3.484247519971));
#3171 = CARTESIAN_POINT('',(30.816351297997,3.868845462424));
#3172 = CARTESIAN_POINT('',(30.919045169694,4.047424311949));
#3173 = ( GEOMETRIC_REPRESENTATION_CONTEXT(2) 
PARAMETRIC_REPRESENTATION_CONTEXT() REPRESENTATION_CONTEXT('2D SPACE',''
  ) );
#3174 = PCURVE('',#1526,#3175);
#3175 = DEFINITIONAL_REPRESENTATION('',(#3176),#3180);
#3176 = LINE('',#3177,#3178);
#3177 = CARTESIAN_POINT('',(0.,-25.));
#3178 = VECTOR('',#3179,1.);
#3179 = DIRECTION('',(1.,0.));
#3180 = ( GEOMETRIC_REPRESENTATION_CONTEXT(2) 
PARAMETRIC_REPRESENTATION_CONTEXT() REPRESENTATION_CONTEXT('2D SPACE',''
  ) );
#3181 = ORIENTED_EDGE('',*,*,#3182,.F.);
#3182 = EDGE_CURVE('',#3183,#3148,#3185,.T.);
#3183 = VERTEX_POINT('',#3184);
#3184 = CARTESIAN_POINT('',(29.859015536609,22.198167009102,25.));
#3185 = SURFACE_CURVE('',#3186,(#3190,#3197),.PCURVE_S1.);
#3186 = LINE('',#3187,#3188);
#3187 = CARTESIAN_POINT('',(29.859015536609,22.198167009102,25.));
#3188 = VECTOR('',#3189,1.);
#3189 = DIRECTION('',(0.856929378547,-0.515433836863,0.));
#3190 = PCURVE('',#98,#3191);
#3191 = DEFINITIONAL_REPRESENTATION('',(#3192),#3196);
#3192 = LINE('',#3193,#3194);
#3193 = CARTESIAN_POINT('',(28.019660706303,3.035791321051));
#3194 = VECTOR('',#3195,1.);
#3195 = DIRECTION('',(0.856929378547,-0.515433836863));
#3196 = ( GEOMETRIC_REPRESENTATION_CONTEXT(2) 
PARAMETRIC_REPRESENTATION_CONTEXT() REPRESENTATION_CONTEXT('2D SPACE',''
  ) );
#3197 = PCURVE('',#1562,#3198);
#3198 = DEFINITIONAL_REPRESENTATION('',(#3199),#3203);
#3199 = LINE('',#3200,#3201);
#3200 = CARTESIAN_POINT('',(0.,-25.));
#3201 = VECTOR('',#3202,1.);
#3202 = DIRECTION('',(1.,0.));
#3203 = ( GEOMETRIC_REPRESENTATION_CONTEXT(2) 
PARAMETRIC_REPRESENTATION_CONTEXT() REPRESENTATION_CONTEXT('2D SPACE',''
  ) );
#3204 = ORIENTED_EDGE('',*,*,#3205,.F.);
#3205 = EDGE_CURVE('',#3206,#3183,#3208,.T.);
#3206 = VERTEX_POINT('',#3207);
#3207 = CARTESIAN_POINT('',(35.005056970963,30.753666809334,25.));
#3208 = SURFACE_CURVE('',#3209,(#3213,#3220),.PCURVE_S1.);
#3209 = LINE('',#3210,#3211);
#3210 = CARTESIAN_POINT('',(42.572660854301,43.335111078305,25.));
#3211 = VECTOR('',#3212,1.);
#3212 = DIRECTION('',(-0.515433836863,-0.856929378547,0.));
#3213 = PCURVE('',#98,#3214);
#3214 = DEFINITIONAL_REPRESENTATION('',(#3215),#3219);
#3215 = LINE('',#3216,#3217);
#3216 = CARTESIAN_POINT('',(40.733306023995,24.172735390253));
#3217 = VECTOR('',#3218,1.);
#3218 = DIRECTION('',(-0.515433836863,-0.856929378547));
#3219 = ( GEOMETRIC_REPRESENTATION_CONTEXT(2) 
PARAMETRIC_REPRESENTATION_CONTEXT() REPRESENTATION_CONTEXT('2D SPACE',''
  ) );
#3220 = PCURVE('',#1590,#3221);
#3221 = DEFINITIONAL_REPRESENTATION('',(#3222),#3226);
#3222 = LINE('',#3223,#3224);
#3223 = CARTESIAN_POINT('',(0.,-25.));
#3224 = VECTOR('',#3225,1.);
#3225 = DIRECTION('',(1.,0.));
#3226 = ( GEOMETRIC_REPRESENTATION_CONTEXT(2) 
PARAMETRIC_REPRESENTATION_CONTEXT() REPRESENTATION_CONTEXT('2D SPACE',''
  ) );
#3227 = ORIENTED_EDGE('',*,*,#3228,.T.);
#3228 = EDGE_CURVE('',#3206,#3229,#3231,.T.);
#3229 = VERTEX_POINT('',#3230);
#3230 = CARTESIAN_POINT('',(32.439593340466,31.863744764379,25.));
#3231 = SURFACE_CURVE('',#3232,(#3236,#3243),.PCURVE_S1.);
#3232 = LINE('',#3233,#3234);
#3233 = CARTESIAN_POINT('',(36.1619,30.2531,25.));
#3234 = VECTOR('',#3235,1.);
#3235 = DIRECTION('',(-0.917767311307,0.397118574604,0.));
#3236 = PCURVE('',#98,#3237);
#3237 = DEFINITIONAL_REPRESENTATION('',(#3238),#3242);
#3238 = LINE('',#3239,#3240);
#3239 = CARTESIAN_POINT('',(34.322545169694,11.090724311949));
#3240 = VECTOR('',#3241,1.);
#3241 = DIRECTION('',(-0.917767311307,0.397118574604));
#3242 = ( GEOMETRIC_REPRESENTATION_CONTEXT(2) 
PARAMETRIC_REPRESENTATION_CONTEXT() REPRESENTATION_CONTEXT('2D SPACE',''
  ) );
#3243 = PCURVE('',#1618,#3244);
#3244 = DEFINITIONAL_REPRESENTATION('',(#3245),#3249);
#3245 = LINE('',#3246,#3247);
#3246 = CARTESIAN_POINT('',(0.,-25.));
#3247 = VECTOR('',#3248,1.);
#3248 = DIRECTION('',(1.,0.));
#3249 = ( GEOMETRIC_REPRESENTATION_CONTEXT(2) 
PARAMETRIC_REPRESENTATION_CONTEXT() REPRESENTATION_CONTEXT('2D SPACE',''
  ) );
#3250 = ORIENTED_EDGE('',*,*,#3251,.F.);
#3251 = EDGE_CURVE('',#3252,#3229,#3254,.T.);
#3252 = VERTEX_POINT('',#3253);
#3253 = CARTESIAN_POINT('',(29.544525921365,22.864921334844,25.));
#3254 = SURFACE_CURVE('',#3255,(#3259,#3266),.PCURVE_S1.);
#3255 = LINE('',#3256,#3257);
#3256 = CARTESIAN_POINT('',(29.544525921365,22.864921334844,25.));
#3257 = VECTOR('',#3258,1.);
#3258 = DIRECTION('',(0.306257351391,0.951948756351,0.));
#3259 = PCURVE('',#98,#3260);
#3260 = DEFINITIONAL_REPRESENTATION('',(#3261),#3265);
#3261 = LINE('',#3262,#3263);
#3262 = CARTESIAN_POINT('',(27.705171091059,3.702545646793));
#3263 = VECTOR('',#3264,1.);
#3264 = DIRECTION('',(0.306257351391,0.951948756351));
#3265 = ( GEOMETRIC_REPRESENTATION_CONTEXT(2) 
PARAMETRIC_REPRESENTATION_CONTEXT() REPRESENTATION_CONTEXT('2D SPACE',''
  ) );
#3266 = PCURVE('',#1646,#3267);
#3267 = DEFINITIONAL_REPRESENTATION('',(#3268),#3272);
#3268 = LINE('',#3269,#3270);
#3269 = CARTESIAN_POINT('',(0.,-25.));
#3270 = VECTOR('',#3271,1.);
#3271 = DIRECTION('',(1.,0.));
#3272 = ( GEOMETRIC_REPRESENTATION_CONTEXT(2) 
PARAMETRIC_REPRESENTATION_CONTEXT() REPRESENTATION_CONTEXT('2D SPACE',''
  ) );
#3273 = ORIENTED_EDGE('',*,*,#3274,.F.);
#3274 = EDGE_CURVE('',#3275,#3252,#3277,.T.);
#3275 = VERTEX_POINT('',#3276);
#3276 = CARTESIAN_POINT('',(25.39820983428,24.198858455292,25.));
#3277 = SURFACE_CURVE('',#3278,(#3282,#3289),.PCURVE_S1.);
#3278 = LINE('',#3279,#3280);
#3279 = CARTESIAN_POINT('',(15.646074078635,27.336278665156,25.));
#3280 = VECTOR('',#3281,1.);
#3281 = DIRECTION('',(0.951948756351,-0.306257351391,0.));
#3282 = PCURVE('',#98,#3283);
#3283 = DEFINITIONAL_REPRESENTATION('',(#3284),#3288);
#3284 = LINE('',#3285,#3286);
#3285 = CARTESIAN_POINT('',(13.80671924833,8.173902977105));
#3286 = VECTOR('',#3287,1.);
#3287 = DIRECTION('',(0.951948756351,-0.306257351391));
#3288 = ( GEOMETRIC_REPRESENTATION_CONTEXT(2) 
PARAMETRIC_REPRESENTATION_CONTEXT() REPRESENTATION_CONTEXT('2D SPACE',''
  ) );
#3289 = PCURVE('',#1674,#3290);
#3290 = DEFINITIONAL_REPRESENTATION('',(#3291),#3295);
#3291 = LINE('',#3292,#3293);
#3292 = CARTESIAN_POINT('',(0.,-25.));
#3293 = VECTOR('',#3294,1.);
#3294 = DIRECTION('',(1.,0.));
#3295 = ( GEOMETRIC_REPRESENTATION_CONTEXT(2) 
PARAMETRIC_REPRESENTATION_CONTEXT() REPRESENTATION_CONTEXT('2D SPACE',''
  ) );
#3296 = ORIENTED_EDGE('',*,*,#3297,.T.);
#3297 = EDGE_CURVE('',#3275,#3298,#3300,.T.);
#3298 = VERTEX_POINT('',#3299);
#3299 = CARTESIAN_POINT('',(25.3842,24.2025,25.));
#3300 = SURFACE_CURVE('',#3301,(#3311,#3324),.PCURVE_S1.);
#3301 = B_SPLINE_CURVE_WITH_KNOTS('',3,(#3302,#3303,#3304,#3305,#3306,
    #3307,#3308,#3309,#3310),.UNSPECIFIED.,.F.,.F.,(4,1,1,1,1,1,4),(0.,
    0.634193606086,1.27012634624,1.847135964877,2.505539496156,
    3.121857222657,3.743695079337),.UNSPECIFIED.);
#3302 = CARTESIAN_POINT('',(28.4096,25.7624,25.));
#3303 = CARTESIAN_POINT('',(28.343085819262,25.559335230476,25.));
#3304 = CARTESIAN_POINT('',(28.149255234864,25.178727093913,25.));
#3305 = CARTESIAN_POINT('',(27.729586363518,24.718260057787,25.));
#3306 = CARTESIAN_POINT('',(27.21630297366,24.357998991447,25.));
#3307 = CARTESIAN_POINT('',(26.633998731343,24.124722625436,25.));
#3308 = CARTESIAN_POINT('',(25.995969917349,24.085338187564,25.));
#3309 = CARTESIAN_POINT('',(25.583364266591,24.150221053045,25.));
#3310 = CARTESIAN_POINT('',(25.3842,24.2025,25.));
#3311 = PCURVE('',#98,#3312);
#3312 = DEFINITIONAL_REPRESENTATION('',(#3313),#3323);
#3313 = B_SPLINE_CURVE_WITH_KNOTS('',3,(#3314,#3315,#3316,#3317,#3318,
    #3319,#3320,#3321,#3322),.UNSPECIFIED.,.F.,.F.,(4,1,1,1,1,1,4),(0.,
    0.634193606086,1.27012634624,1.847135964877,2.505539496156,
    3.121857222657,3.743695079337),.UNSPECIFIED.);
#3314 = CARTESIAN_POINT('',(26.570245169694,6.600024311949));
#3315 = CARTESIAN_POINT('',(26.503730988957,6.396959542425));
#3316 = CARTESIAN_POINT('',(26.309900404558,6.016351405862));
#3317 = CARTESIAN_POINT('',(25.890231533213,5.555884369735));
#3318 = CARTESIAN_POINT('',(25.376948143354,5.195623303396));
#3319 = CARTESIAN_POINT('',(24.794643901037,4.962346937385));
#3320 = CARTESIAN_POINT('',(24.156615087043,4.922962499513));
#3321 = CARTESIAN_POINT('',(23.744009436286,4.987845364994));
#3322 = CARTESIAN_POINT('',(23.544845169694,5.040124311949));
#3323 = ( GEOMETRIC_REPRESENTATION_CONTEXT(2) 
PARAMETRIC_REPRESENTATION_CONTEXT() REPRESENTATION_CONTEXT('2D SPACE',''
  ) );
#3324 = PCURVE('',#1714,#3325);
#3325 = DEFINITIONAL_REPRESENTATION('',(#3326),#3330);
#3326 = LINE('',#3327,#3328);
#3327 = CARTESIAN_POINT('',(0.,-25.));
#3328 = VECTOR('',#3329,1.);
#3329 = DIRECTION('',(1.,0.));
#3330 = ( GEOMETRIC_REPRESENTATION_CONTEXT(2) 
PARAMETRIC_REPRESENTATION_CONTEXT() REPRESENTATION_CONTEXT('2D SPACE',''
  ) );
#3331 = ORIENTED_EDGE('',*,*,#3332,.T.);
#3332 = EDGE_CURVE('',#3298,#3333,#3335,.T.);
#3333 = VERTEX_POINT('',#3334);
#3334 = CARTESIAN_POINT('',(19.7591,25.9988,25.));
#3335 = SURFACE_CURVE('',#3336,(#3340,#3347),.PCURVE_S1.);
#3336 = LINE('',#3337,#3338);
#3337 = CARTESIAN_POINT('',(25.3842,24.2025,25.));
#3338 = VECTOR('',#3339,1.);
#3339 = DIRECTION('',(-0.952607432428,0.304202366335,0.));
#3340 = PCURVE('',#98,#3341);
#3341 = DEFINITIONAL_REPRESENTATION('',(#3342),#3346);
#3342 = LINE('',#3343,#3344);
#3343 = CARTESIAN_POINT('',(23.544845169694,5.040124311949));
#3344 = VECTOR('',#3345,1.);
#3345 = DIRECTION('',(-0.952607432428,0.304202366335));
#3346 = ( GEOMETRIC_REPRESENTATION_CONTEXT(2) 
PARAMETRIC_REPRESENTATION_CONTEXT() REPRESENTATION_CONTEXT('2D SPACE',''
  ) );
#3347 = PCURVE('',#1750,#3348);
#3348 = DEFINITIONAL_REPRESENTATION('',(#3349),#3353);
#3349 = LINE('',#3350,#3351);
#3350 = CARTESIAN_POINT('',(0.,-25.));
#3351 = VECTOR('',#3352,1.);
#3352 = DIRECTION('',(1.,0.));
#3353 = ( GEOMETRIC_REPRESENTATION_CONTEXT(2) 
PARAMETRIC_REPRESENTATION_CONTEXT() REPRESENTATION_CONTEXT('2D SPACE',''
  ) );
#3354 = ORIENTED_EDGE('',*,*,#3355,.T.);
#3355 = EDGE_CURVE('',#3333,#3356,#3358,.T.);
#3356 = VERTEX_POINT('',#3357);
#3357 = CARTESIAN_POINT('',(19.545576060534,26.081745644599,25.));
#3358 = SURFACE_CURVE('',#3359,(#3369,#3382),.PCURVE_S1.);
#3359 = B_SPLINE_CURVE_WITH_KNOTS('',3,(#3360,#3361,#3362,#3363,#3364,
    #3365,#3366,#3367,#3368),.UNSPECIFIED.,.F.,.F.,(4,1,1,1,1,1,4),(0.,
    0.634238322715,1.270171062869,1.847180681506,2.505548314368,
    3.121965745984,3.752614213833),.UNSPECIFIED.);
#3360 = CARTESIAN_POINT('',(19.7591,25.9988,25.));
#3361 = CARTESIAN_POINT('',(19.555984036133,26.065244521472,25.));
#3362 = CARTESIAN_POINT('',(19.175280502759,26.259021703615,25.));
#3363 = CARTESIAN_POINT('',(18.715022497193,26.678692809539,25.));
#3364 = CARTESIAN_POINT('',(18.354040269837,27.192076636436,25.));
#3365 = CARTESIAN_POINT('',(18.123700826679,27.773926195437,25.));
#3366 = CARTESIAN_POINT('',(18.073957753039,28.416859767242,25.));
#3367 = CARTESIAN_POINT('',(18.165296433841,28.827586226848,25.));
#3368 = CARTESIAN_POINT('',(18.2464,29.0241,25.));
#3369 = PCURVE('',#98,#3370);
#3370 = DEFINITIONAL_REPRESENTATION('',(#3371),#3381);
#3371 = B_SPLINE_CURVE_WITH_KNOTS('',3,(#3372,#3373,#3374,#3375,#3376,
    #3377,#3378,#3379,#3380),.UNSPECIFIED.,.F.,.F.,(4,1,1,1,1,1,4),(0.,
    0.634238322715,1.270171062869,1.847180681506,2.505548314368,
    3.121965745984,3.752614213833),.UNSPECIFIED.);
#3372 = CARTESIAN_POINT('',(17.919745169694,6.836424311949));
#3373 = CARTESIAN_POINT('',(17.716629205827,6.902868833421));
#3374 = CARTESIAN_POINT('',(17.335925672453,7.096646015564));
#3375 = CARTESIAN_POINT('',(16.875667666887,7.516317121487));
#3376 = CARTESIAN_POINT('',(16.514685439531,8.029700948385));
#3377 = CARTESIAN_POINT('',(16.284345996374,8.611550507386));
#3378 = CARTESIAN_POINT('',(16.234602922733,9.254484079191));
#3379 = CARTESIAN_POINT('',(16.325941603536,9.665210538797));
#3380 = CARTESIAN_POINT('',(16.407045169694,9.861724311949));
#3381 = ( GEOMETRIC_REPRESENTATION_CONTEXT(2) 
PARAMETRIC_REPRESENTATION_CONTEXT() REPRESENTATION_CONTEXT('2D SPACE',''
  ) );
#3382 = PCURVE('',#1790,#3383);
#3383 = DEFINITIONAL_REPRESENTATION('',(#3384),#3388);
#3384 = LINE('',#3385,#3386);
#3385 = CARTESIAN_POINT('',(0.,-25.));
#3386 = VECTOR('',#3387,1.);
#3387 = DIRECTION('',(1.,0.));
#3388 = ( GEOMETRIC_REPRESENTATION_CONTEXT(2) 
PARAMETRIC_REPRESENTATION_CONTEXT() REPRESENTATION_CONTEXT('2D SPACE',''
  ) );
#3389 = ORIENTED_EDGE('',*,*,#3390,.F.);
#3390 = EDGE_CURVE('',#2106,#3356,#3391,.T.);
#3391 = SURFACE_CURVE('',#3392,(#3396,#3403),.PCURVE_S1.);
#3392 = LINE('',#3393,#3394);
#3393 = CARTESIAN_POINT('',(15.646074078635,27.336278665156,25.));
#3394 = VECTOR('',#3395,1.);
#3395 = DIRECTION('',(0.951948756351,-0.306257351391,0.));
#3396 = PCURVE('',#98,#3397);
#3397 = DEFINITIONAL_REPRESENTATION('',(#3398),#3402);
#3398 = LINE('',#3399,#3400);
#3399 = CARTESIAN_POINT('',(13.80671924833,8.173902977105));
#3400 = VECTOR('',#3401,1.);
#3401 = DIRECTION('',(0.951948756351,-0.306257351391));
#3402 = ( GEOMETRIC_REPRESENTATION_CONTEXT(2) 
PARAMETRIC_REPRESENTATION_CONTEXT() REPRESENTATION_CONTEXT('2D SPACE',''
  ) );
#3403 = PCURVE('',#1824,#3404);
#3404 = DEFINITIONAL_REPRESENTATION('',(#3405),#3409);
#3405 = LINE('',#3406,#3407);
#3406 = CARTESIAN_POINT('',(0.,-25.));
#3407 = VECTOR('',#3408,1.);
#3408 = DIRECTION('',(1.,0.));
#3409 = ( GEOMETRIC_REPRESENTATION_CONTEXT(2) 
PARAMETRIC_REPRESENTATION_CONTEXT() REPRESENTATION_CONTEXT('2D SPACE',''
  ) );
#3410 = FACE_BOUND('',#3411,.T.);
#3411 = EDGE_LOOP('',(#3412));
#3412 = ORIENTED_EDGE('',*,*,#3413,.F.);
#3413 = EDGE_CURVE('',#3414,#3414,#3416,.T.);
#3414 = VERTEX_POINT('',#3415);
#3415 = CARTESIAN_POINT('',(-37.0483,8.5323,25.));
#3416 = SURFACE_CURVE('',#3417,(#3422,#3429),.PCURVE_S1.);
#3417 = CIRCLE('',#3418,1.4299);
#3418 = AXIS2_PLACEMENT_3D('',#3419,#3420,#3421);
#3419 = CARTESIAN_POINT('',(-38.4782,8.5323,25.));
#3420 = DIRECTION('',(0.,0.,1.));
#3421 = DIRECTION('',(1.,0.,0.));
#3422 = PCURVE('',#98,#3423);
#3423 = DEFINITIONAL_REPRESENTATION('',(#3424),#3428);
#3424 = CIRCLE('',#3425,1.4299);
#3425 = AXIS2_PLACEMENT_2D('',#3426,#3427);
#3426 = CARTESIAN_POINT('',(-40.3175548303,-10.63007568805));
#3427 = DIRECTION('',(1.,0.));
#3428 = ( GEOMETRIC_REPRESENTATION_CONTEXT(2) 
PARAMETRIC_REPRESENTATION_CONTEXT() REPRESENTATION_CONTEXT('2D SPACE',''
  ) );
#3429 = PCURVE('',#1855,#3430);
#3430 = DEFINITIONAL_REPRESENTATION('',(#3431),#3435);
#3431 = LINE('',#3432,#3433);
#3432 = CARTESIAN_POINT('',(-0.,-25.));
#3433 = VECTOR('',#3434,1.);
#3434 = DIRECTION('',(-1.,0.));
#3435 = ( GEOMETRIC_REPRESENTATION_CONTEXT(2) 
PARAMETRIC_REPRESENTATION_CONTEXT() REPRESENTATION_CONTEXT('2D SPACE',''
  ) );
#3436 = FACE_BOUND('',#3437,.T.);
#3437 = EDGE_LOOP('',(#3438));
#3438 = ORIENTED_EDGE('',*,*,#3439,.F.);
#3439 = EDGE_CURVE('',#3440,#3440,#3442,.T.);
#3440 = VERTEX_POINT('',#3441);
#3441 = CARTESIAN_POINT('',(41.4207,11.3213,25.));
#3442 = SURFACE_CURVE('',#3443,(#3448,#3455),.PCURVE_S1.);
#3443 = CIRCLE('',#3444,1.4299);
#3444 = AXIS2_PLACEMENT_3D('',#3445,#3446,#3447);
#3445 = CARTESIAN_POINT('',(39.9908,11.3213,25.));
#3446 = DIRECTION('',(0.,0.,1.));
#3447 = DIRECTION('',(1.,0.,0.));
#3448 = PCURVE('',#98,#3449);
#3449 = DEFINITIONAL_REPRESENTATION('',(#3450),#3454);
#3450 = CIRCLE('',#3451,1.4299);
#3451 = AXIS2_PLACEMENT_2D('',#3452,#3453);
#3452 = CARTESIAN_POINT('',(38.151445169694,-7.841075688051));
#3453 = DIRECTION('',(1.,0.));
#3454 = ( GEOMETRIC_REPRESENTATION_CONTEXT(2) 
PARAMETRIC_REPRESENTATION_CONTEXT() REPRESENTATION_CONTEXT('2D SPACE',''
  ) );
#3455 = PCURVE('',#1886,#3456);
#3456 = DEFINITIONAL_REPRESENTATION('',(#3457),#3461);
#3457 = LINE('',#3458,#3459);
#3458 = CARTESIAN_POINT('',(-0.,-25.));
#3459 = VECTOR('',#3460,1.);
#3460 = DIRECTION('',(-1.,0.));
#3461 = ( GEOMETRIC_REPRESENTATION_CONTEXT(2) 
PARAMETRIC_REPRESENTATION_CONTEXT() REPRESENTATION_CONTEXT('2D SPACE',''
  ) );
#3462 = FACE_BOUND('',#3463,.T.);
#3463 = EDGE_LOOP('',(#3464));
#3464 = ORIENTED_EDGE('',*,*,#3465,.F.);
#3465 = EDGE_CURVE('',#3466,#3466,#3468,.T.);
#3466 = VERTEX_POINT('',#3467);
#3467 = CARTESIAN_POINT('',(-25.2898,16.7574,25.));
#3468 = SURFACE_CURVE('',#3469,(#3474,#3481),.PCURVE_S1.);
#3469 = CIRCLE('',#3470,1.4417);
#3470 = AXIS2_PLACEMENT_3D('',#3471,#3472,#3473);
#3471 = CARTESIAN_POINT('',(-26.7315,16.7574,25.));
#3472 = DIRECTION('',(0.,0.,1.));
#3473 = DIRECTION('',(1.,0.,0.));
#3474 = PCURVE('',#98,#3475);
#3475 = DEFINITIONAL_REPRESENTATION('',(#3476),#3480);
#3476 = CIRCLE('',#3477,1.4417);
#3477 = AXIS2_PLACEMENT_2D('',#3478,#3479);
#3478 = CARTESIAN_POINT('',(-28.5708548303,-2.404975688051));
#3479 = DIRECTION('',(1.,0.));
#3480 = ( GEOMETRIC_REPRESENTATION_CONTEXT(2) 
PARAMETRIC_REPRESENTATION_CONTEXT() REPRESENTATION_CONTEXT('2D SPACE',''
  ) );
#3481 = PCURVE('',#1917,#3482);
#3482 = DEFINITIONAL_REPRESENTATION('',(#3483),#3487);
#3483 = LINE('',#3484,#3485);
#3484 = CARTESIAN_POINT('',(-0.,-25.));
#3485 = VECTOR('',#3486,1.);
#3486 = DIRECTION('',(-1.,0.));
#3487 = ( GEOMETRIC_REPRESENTATION_CONTEXT(2) 
PARAMETRIC_REPRESENTATION_CONTEXT() REPRESENTATION_CONTEXT('2D SPACE',''
  ) );
#3488 = FACE_BOUND('',#3489,.T.);
#3489 = EDGE_LOOP('',(#3490));
#3490 = ORIENTED_EDGE('',*,*,#3491,.F.);
#3491 = EDGE_CURVE('',#3492,#3492,#3494,.T.);
#3492 = VERTEX_POINT('',#3493);
#3493 = CARTESIAN_POINT('',(-12.1013,21.9808,25.));
#3494 = SURFACE_CURVE('',#3495,(#3500,#3507),.PCURVE_S1.);
#3495 = CIRCLE('',#3496,1.4181);
#3496 = AXIS2_PLACEMENT_3D('',#3497,#3498,#3499);
#3497 = CARTESIAN_POINT('',(-13.5194,21.9808,25.));
#3498 = DIRECTION('',(0.,0.,1.));
#3499 = DIRECTION('',(1.,0.,0.));
#3500 = PCURVE('',#98,#3501);
#3501 = DEFINITIONAL_REPRESENTATION('',(#3502),#3506);
#3502 = CIRCLE('',#3503,1.4181);
#3503 = AXIS2_PLACEMENT_2D('',#3504,#3505);
#3504 = CARTESIAN_POINT('',(-15.3587548303,2.818424311949));
#3505 = DIRECTION('',(1.,0.));
#3506 = ( GEOMETRIC_REPRESENTATION_CONTEXT(2) 
PARAMETRIC_REPRESENTATION_CONTEXT() REPRESENTATION_CONTEXT('2D SPACE',''
  ) );
#3507 = PCURVE('',#1948,#3508);
#3508 = DEFINITIONAL_REPRESENTATION('',(#3509),#3513);
#3509 = LINE('',#3510,#3511);
#3510 = CARTESIAN_POINT('',(-0.,-25.));
#3511 = VECTOR('',#3512,1.);
#3512 = DIRECTION('',(-1.,0.));
#3513 = ( GEOMETRIC_REPRESENTATION_CONTEXT(2) 
PARAMETRIC_REPRESENTATION_CONTEXT() REPRESENTATION_CONTEXT('2D SPACE',''
  ) );
#3514 = FACE_BOUND('',#3515,.T.);
#3515 = EDGE_LOOP('',(#3516));
#3516 = ORIENTED_EDGE('',*,*,#3517,.F.);
#3517 = EDGE_CURVE('',#3518,#3518,#3520,.T.);
#3518 = VERTEX_POINT('',#3519);
#3519 = CARTESIAN_POINT('',(1.749,24.037,25.));
#3520 = SURFACE_CURVE('',#3521,(#3526,#3533),.PCURVE_S1.);
#3521 = CIRCLE('',#3522,1.4417);
#3522 = AXIS2_PLACEMENT_3D('',#3523,#3524,#3525);
#3523 = CARTESIAN_POINT('',(0.3073,24.037,25.));
#3524 = DIRECTION('',(0.,0.,1.));
#3525 = DIRECTION('',(1.,0.,0.));
#3526 = PCURVE('',#98,#3527);
#3527 = DEFINITIONAL_REPRESENTATION('',(#3528),#3532);
#3528 = CIRCLE('',#3529,1.4417);
#3529 = AXIS2_PLACEMENT_2D('',#3530,#3531);
#3530 = CARTESIAN_POINT('',(-1.532054830306,4.874624311949));
#3531 = DIRECTION('',(1.,0.));
#3532 = ( GEOMETRIC_REPRESENTATION_CONTEXT(2) 
PARAMETRIC_REPRESENTATION_CONTEXT() REPRESENTATION_CONTEXT('2D SPACE',''
  ) );
#3533 = PCURVE('',#1979,#3534);
#3534 = DEFINITIONAL_REPRESENTATION('',(#3535),#3539);
#3535 = LINE('',#3536,#3537);
#3536 = CARTESIAN_POINT('',(-0.,-25.));
#3537 = VECTOR('',#3538,1.);
#3538 = DIRECTION('',(-1.,0.));
#3539 = ( GEOMETRIC_REPRESENTATION_CONTEXT(2) 
PARAMETRIC_REPRESENTATION_CONTEXT() REPRESENTATION_CONTEXT('2D SPACE',''
  ) );
#3540 = FACE_BOUND('',#3541,.T.);
#3541 = EDGE_LOOP('',(#3542));
#3542 = ORIENTED_EDGE('',*,*,#3543,.F.);
#3543 = EDGE_CURVE('',#3544,#3544,#3546,.T.);
#3544 = VERTEX_POINT('',#3545);
#3545 = CARTESIAN_POINT('',(29.3431,18.5773,25.));
#3546 = SURFACE_CURVE('',#3547,(#3552,#3559),.PCURVE_S1.);
#3547 = CIRCLE('',#3548,1.4299);
#3548 = AXIS2_PLACEMENT_3D('',#3549,#3550,#3551);
#3549 = CARTESIAN_POINT('',(27.9132,18.5773,25.));
#3550 = DIRECTION('',(0.,0.,1.));
#3551 = DIRECTION('',(1.,0.,0.));
#3552 = PCURVE('',#98,#3553);
#3553 = DEFINITIONAL_REPRESENTATION('',(#3554),#3558);
#3554 = CIRCLE('',#3555,1.4299);
#3555 = AXIS2_PLACEMENT_2D('',#3556,#3557);
#3556 = CARTESIAN_POINT('',(26.073845169694,-0.585075688051));
#3557 = DIRECTION('',(1.,0.));
#3558 = ( GEOMETRIC_REPRESENTATION_CONTEXT(2) 
PARAMETRIC_REPRESENTATION_CONTEXT() REPRESENTATION_CONTEXT('2D SPACE',''
  ) );
#3559 = PCURVE('',#2010,#3560);
#3560 = DEFINITIONAL_REPRESENTATION('',(#3561),#3565);
#3561 = LINE('',#3562,#3563);
#3562 = CARTESIAN_POINT('',(-0.,-25.));
#3563 = VECTOR('',#3564,1.);
#3564 = DIRECTION('',(-1.,0.));
#3565 = ( GEOMETRIC_REPRESENTATION_CONTEXT(2) 
PARAMETRIC_REPRESENTATION_CONTEXT() REPRESENTATION_CONTEXT('2D SPACE',''
  ) );
#3566 = FACE_BOUND('',#3567,.T.);
#3567 = EDGE_LOOP('',(#3568));
#3568 = ORIENTED_EDGE('',*,*,#3569,.F.);
#3569 = EDGE_CURVE('',#3570,#3570,#3572,.T.);
#3570 = VERTEX_POINT('',#3571);
#3571 = CARTESIAN_POINT('',(15.8828,22.9025,25.));
#3572 = SURFACE_CURVE('',#3573,(#3578,#3585),.PCURVE_S1.);
#3573 = CIRCLE('',#3574,1.4417);
#3574 = AXIS2_PLACEMENT_3D('',#3575,#3576,#3577);
#3575 = CARTESIAN_POINT('',(14.4411,22.9025,25.));
#3576 = DIRECTION('',(0.,0.,1.));
#3577 = DIRECTION('',(1.,0.,0.));
#3578 = PCURVE('',#98,#3579);
#3579 = DEFINITIONAL_REPRESENTATION('',(#3580),#3584);
#3580 = CIRCLE('',#3581,1.4417);
#3581 = AXIS2_PLACEMENT_2D('',#3582,#3583);
#3582 = CARTESIAN_POINT('',(12.601745169694,3.740124311949));
#3583 = DIRECTION('',(1.,0.));
#3584 = ( GEOMETRIC_REPRESENTATION_CONTEXT(2) 
PARAMETRIC_REPRESENTATION_CONTEXT() REPRESENTATION_CONTEXT('2D SPACE',''
  ) );
#3585 = PCURVE('',#2041,#3586);
#3586 = DEFINITIONAL_REPRESENTATION('',(#3587),#3591);
#3587 = LINE('',#3588,#3589);
#3588 = CARTESIAN_POINT('',(-0.,-25.));
#3589 = VECTOR('',#3590,1.);
#3590 = DIRECTION('',(-1.,0.));
#3591 = ( GEOMETRIC_REPRESENTATION_CONTEXT(2) 
PARAMETRIC_REPRESENTATION_CONTEXT() REPRESENTATION_CONTEXT('2D SPACE',''
  ) );
#3592 = ADVANCED_FACE('',(#3593),#71,.T.);
#3593 = FACE_BOUND('',#3594,.T.);
#3594 = EDGE_LOOP('',(#3595,#3596,#3597,#3598));
#3595 = ORIENTED_EDGE('',*,*,#137,.F.);
#3596 = ORIENTED_EDGE('',*,*,#56,.T.);
#3597 = ORIENTED_EDGE('',*,*,#2105,.T.);
#3598 = ORIENTED_EDGE('',*,*,#3599,.F.);
#3599 = EDGE_CURVE('',#138,#2106,#3600,.T.);
#3600 = SURFACE_CURVE('',#3601,(#3605,#3612),.PCURVE_S1.);
#3601 = LINE('',#3602,#3603);
#3602 = CARTESIAN_POINT('',(15.646074078635,27.336278665156,0.));
#3603 = VECTOR('',#3604,1.);
#3604 = DIRECTION('',(0.,0.,1.));
#3605 = PCURVE('',#71,#3606);
#3606 = DEFINITIONAL_REPRESENTATION('',(#3607),#3611);
#3607 = LINE('',#3608,#3609);
#3608 = CARTESIAN_POINT('',(24.185743106451,0.));
#3609 = VECTOR('',#3610,1.);
#3610 = DIRECTION('',(0.,-1.));
#3611 = ( GEOMETRIC_REPRESENTATION_CONTEXT(2) 
PARAMETRIC_REPRESENTATION_CONTEXT() REPRESENTATION_CONTEXT('2D SPACE',''
  ) );
#3612 = PCURVE('',#1824,#3613);
#3613 = DEFINITIONAL_REPRESENTATION('',(#3614),#3618);
#3614 = LINE('',#3615,#3616);
#3615 = CARTESIAN_POINT('',(0.,0.));
#3616 = VECTOR('',#3617,1.);
#3617 = DIRECTION('',(0.,-1.));
#3618 = ( GEOMETRIC_REPRESENTATION_CONTEXT(2) 
PARAMETRIC_REPRESENTATION_CONTEXT() REPRESENTATION_CONTEXT('2D SPACE',''
  ) );
#3619 = ADVANCED_FACE('',(#3620),#1824,.T.);
#3620 = FACE_BOUND('',#3621,.T.);
#3621 = EDGE_LOOP('',(#3622,#3623,#3624,#3625));
#3622 = ORIENTED_EDGE('',*,*,#1810,.F.);
#3623 = ORIENTED_EDGE('',*,*,#3599,.T.);
#3624 = ORIENTED_EDGE('',*,*,#3390,.T.);
#3625 = ORIENTED_EDGE('',*,*,#3626,.T.);
#3626 = EDGE_CURVE('',#3356,#1763,#3627,.T.);
#3627 = SURFACE_CURVE('',#3628,(#3634,#3643),.PCURVE_S1.);
#3628 = B_SPLINE_CURVE_WITH_KNOTS('',4,(#3629,#3630,#3631,#3632,#3633),
  .UNSPECIFIED.,.F.,.F.,(5,5),(0.,1.),.PIECEWISE_BEZIER_KNOTS.);
#3629 = CARTESIAN_POINT('',(19.545576060534,26.081745644599,25.));
#3630 = CARTESIAN_POINT('',(19.545576060534,26.081745644599,
    18.750000000625));
#3631 = CARTESIAN_POINT('',(19.545576060534,26.081745644599,
    12.499999999997));
#3632 = CARTESIAN_POINT('',(19.545576060534,26.081745644599,
    6.249999999375));
#3633 = CARTESIAN_POINT('',(19.545576060534,26.081745644599,0.));
#3634 = PCURVE('',#1824,#3635);
#3635 = DEFINITIONAL_REPRESENTATION('',(#3636),#3642);
#3636 = B_SPLINE_CURVE_WITH_KNOTS('',4,(#3637,#3638,#3639,#3640,#3641),
  .UNSPECIFIED.,.F.,.F.,(5,5),(0.,1.),.PIECEWISE_BEZIER_KNOTS.);
#3637 = CARTESIAN_POINT('',(4.096336022167,-25.));
#3638 = CARTESIAN_POINT('',(4.096336022167,-18.75000000062));
#3639 = CARTESIAN_POINT('',(4.096336022167,-12.49999999999));
#3640 = CARTESIAN_POINT('',(4.096336022166,-6.249999999375));
#3641 = CARTESIAN_POINT('',(4.096336022166,0.));
#3642 = ( GEOMETRIC_REPRESENTATION_CONTEXT(2) 
PARAMETRIC_REPRESENTATION_CONTEXT() REPRESENTATION_CONTEXT('2D SPACE',''
  ) );
#3643 = PCURVE('',#1790,#3644);
#3644 = DEFINITIONAL_REPRESENTATION('',(#3645),#3651);
#3645 = B_SPLINE_CURVE_WITH_KNOTS('',4,(#3646,#3647,#3648,#3649,#3650),
  .UNSPECIFIED.,.F.,.F.,(5,5),(0.,1.),.PIECEWISE_BEZIER_KNOTS.);
#3646 = CARTESIAN_POINT('',(0.227625875668,-24.9999999975));
#3647 = CARTESIAN_POINT('',(0.227625875668,-18.74999999812));
#3648 = CARTESIAN_POINT('',(0.227625875668,-12.5));
#3649 = CARTESIAN_POINT('',(0.227625875668,-6.250000001875));
#3650 = CARTESIAN_POINT('',(0.227625875668,-2.499938034362E-09));
#3651 = ( GEOMETRIC_REPRESENTATION_CONTEXT(2) 
PARAMETRIC_REPRESENTATION_CONTEXT() REPRESENTATION_CONTEXT('2D SPACE',''
  ) );
#3652 = ADVANCED_FACE('',(#3653),#1790,.F.);
#3653 = FACE_BOUND('',#3654,.F.);
#3654 = EDGE_LOOP('',(#3655,#3656,#3677,#3678));
#3655 = ORIENTED_EDGE('',*,*,#1762,.F.);
#3656 = ORIENTED_EDGE('',*,*,#3657,.T.);
#3657 = EDGE_CURVE('',#1735,#3333,#3658,.T.);
#3658 = SURFACE_CURVE('',#3659,(#3663,#3670),.PCURVE_S1.);
#3659 = LINE('',#3660,#3661);
#3660 = CARTESIAN_POINT('',(19.7591,25.9988,0.));
#3661 = VECTOR('',#3662,1.);
#3662 = DIRECTION('',(0.,0.,1.));
#3663 = PCURVE('',#1790,#3664);
#3664 = DEFINITIONAL_REPRESENTATION('',(#3665),#3669);
#3665 = LINE('',#3666,#3667);
#3666 = CARTESIAN_POINT('',(0.,0.));
#3667 = VECTOR('',#3668,1.);
#3668 = DIRECTION('',(0.,-1.));
#3669 = ( GEOMETRIC_REPRESENTATION_CONTEXT(2) 
PARAMETRIC_REPRESENTATION_CONTEXT() REPRESENTATION_CONTEXT('2D SPACE',''
  ) );
#3670 = PCURVE('',#1750,#3671);
#3671 = DEFINITIONAL_REPRESENTATION('',(#3672),#3676);
#3672 = LINE('',#3673,#3674);
#3673 = CARTESIAN_POINT('',(5.904950778796,0.));
#3674 = VECTOR('',#3675,1.);
#3675 = DIRECTION('',(0.,-1.));
#3676 = ( GEOMETRIC_REPRESENTATION_CONTEXT(2) 
PARAMETRIC_REPRESENTATION_CONTEXT() REPRESENTATION_CONTEXT('2D SPACE',''
  ) );
#3677 = ORIENTED_EDGE('',*,*,#3355,.T.);
#3678 = ORIENTED_EDGE('',*,*,#3626,.T.);
#3679 = ADVANCED_FACE('',(#3680),#200,.T.);
#3680 = FACE_BOUND('',#3681,.T.);
#3681 = EDGE_LOOP('',(#3682,#3683,#3702,#3703));
#3682 = ORIENTED_EDGE('',*,*,#184,.F.);
#3683 = ORIENTED_EDGE('',*,*,#3684,.T.);
#3684 = EDGE_CURVE('',#185,#2131,#3685,.T.);
#3685 = SURFACE_CURVE('',#3686,(#3690,#3696),.PCURVE_S1.);
#3686 = LINE('',#3687,#3688);
#3687 = CARTESIAN_POINT('',(9.914041234323,27.380047235277,0.));
#3688 = VECTOR('',#3689,1.);
#3689 = DIRECTION('',(0.,0.,1.));
#3690 = PCURVE('',#200,#3691);
#3691 = DEFINITIONAL_REPRESENTATION('',(#3692),#3695);
#3692 = B_SPLINE_CURVE_WITH_KNOTS('',1,(#3693,#3694),.UNSPECIFIED.,.F.,
  .F.,(2,2),(0.,25.),.PIECEWISE_BEZIER_KNOTS.);
#3693 = CARTESIAN_POINT('',(9.516153917722,0.));
#3694 = CARTESIAN_POINT('',(9.516153917722,-25.));
#3695 = ( GEOMETRIC_REPRESENTATION_CONTEXT(2) 
PARAMETRIC_REPRESENTATION_CONTEXT() REPRESENTATION_CONTEXT('2D SPACE',''
  ) );
#3696 = PCURVE('',#228,#3697);
#3697 = DEFINITIONAL_REPRESENTATION('',(#3698),#3701);
#3698 = B_SPLINE_CURVE_WITH_KNOTS('',1,(#3699,#3700),.UNSPECIFIED.,.F.,
  .F.,(2,2),(0.,25.),.PIECEWISE_BEZIER_KNOTS.);
#3699 = CARTESIAN_POINT('',(0.724164912687,0.));
#3700 = CARTESIAN_POINT('',(0.724164912687,-25.));
#3701 = ( GEOMETRIC_REPRESENTATION_CONTEXT(2) 
PARAMETRIC_REPRESENTATION_CONTEXT() REPRESENTATION_CONTEXT('2D SPACE',''
  ) );
#3702 = ORIENTED_EDGE('',*,*,#2130,.T.);
#3703 = ORIENTED_EDGE('',*,*,#2057,.F.);
#3704 = ADVANCED_FACE('',(#3705),#1750,.F.);
#3705 = FACE_BOUND('',#3706,.F.);
#3706 = EDGE_LOOP('',(#3707,#3728,#3729,#3730));
#3707 = ORIENTED_EDGE('',*,*,#3708,.T.);
#3708 = EDGE_CURVE('',#1687,#3298,#3709,.T.);
#3709 = SURFACE_CURVE('',#3710,(#3714,#3721),.PCURVE_S1.);
#3710 = LINE('',#3711,#3712);
#3711 = CARTESIAN_POINT('',(25.3842,24.2025,0.));
#3712 = VECTOR('',#3713,1.);
#3713 = DIRECTION('',(0.,0.,1.));
#3714 = PCURVE('',#1750,#3715);
#3715 = DEFINITIONAL_REPRESENTATION('',(#3716),#3720);
#3716 = LINE('',#3717,#3718);
#3717 = CARTESIAN_POINT('',(0.,0.));
#3718 = VECTOR('',#3719,1.);
#3719 = DIRECTION('',(0.,-1.));
#3720 = ( GEOMETRIC_REPRESENTATION_CONTEXT(2) 
PARAMETRIC_REPRESENTATION_CONTEXT() REPRESENTATION_CONTEXT('2D SPACE',''
  ) );
#3721 = PCURVE('',#1714,#3722);
#3722 = DEFINITIONAL_REPRESENTATION('',(#3723),#3727);
#3723 = LINE('',#3724,#3725);
#3724 = CARTESIAN_POINT('',(3.743695079337,0.));
#3725 = VECTOR('',#3726,1.);
#3726 = DIRECTION('',(0.,-1.));
#3727 = ( GEOMETRIC_REPRESENTATION_CONTEXT(2) 
PARAMETRIC_REPRESENTATION_CONTEXT() REPRESENTATION_CONTEXT('2D SPACE',''
  ) );
#3728 = ORIENTED_EDGE('',*,*,#3332,.T.);
#3729 = ORIENTED_EDGE('',*,*,#3657,.F.);
#3730 = ORIENTED_EDGE('',*,*,#1734,.F.);
#3731 = ADVANCED_FACE('',(#3732),#228,.F.);
#3732 = FACE_BOUND('',#3733,.F.);
#3733 = EDGE_LOOP('',(#3734,#3735,#3736,#3737));
#3734 = ORIENTED_EDGE('',*,*,#212,.F.);
#3735 = ORIENTED_EDGE('',*,*,#3684,.T.);
#3736 = ORIENTED_EDGE('',*,*,#2153,.T.);
#3737 = ORIENTED_EDGE('',*,*,#3738,.F.);
#3738 = EDGE_CURVE('',#213,#2154,#3739,.T.);
#3739 = SURFACE_CURVE('',#3740,(#3744,#3751),.PCURVE_S1.);
#3740 = LINE('',#3741,#3742);
#3741 = CARTESIAN_POINT('',(4.727,27.795,0.));
#3742 = VECTOR('',#3743,1.);
#3743 = DIRECTION('',(0.,0.,1.));
#3744 = PCURVE('',#228,#3745);
#3745 = DEFINITIONAL_REPRESENTATION('',(#3746),#3750);
#3746 = LINE('',#3747,#3748);
#3747 = CARTESIAN_POINT('',(5.927777365927,0.));
#3748 = VECTOR('',#3749,1.);
#3749 = DIRECTION('',(0.,-1.));
#3750 = ( GEOMETRIC_REPRESENTATION_CONTEXT(2) 
PARAMETRIC_REPRESENTATION_CONTEXT() REPRESENTATION_CONTEXT('2D SPACE',''
  ) );
#3751 = PCURVE('',#268,#3752);
#3752 = DEFINITIONAL_REPRESENTATION('',(#3753),#3757);
#3753 = LINE('',#3754,#3755);
#3754 = CARTESIAN_POINT('',(0.,0.));
#3755 = VECTOR('',#3756,1.);
#3756 = DIRECTION('',(0.,-1.));
#3757 = ( GEOMETRIC_REPRESENTATION_CONTEXT(2) 
PARAMETRIC_REPRESENTATION_CONTEXT() REPRESENTATION_CONTEXT('2D SPACE',''
  ) );
#3758 = ADVANCED_FACE('',(#3759),#1714,.F.);
#3759 = FACE_BOUND('',#3760,.F.);
#3760 = EDGE_LOOP('',(#3761,#3762,#3789,#3790));
#3761 = ORIENTED_EDGE('',*,*,#1686,.F.);
#3762 = ORIENTED_EDGE('',*,*,#3763,.F.);
#3763 = EDGE_CURVE('',#3275,#1659,#3764,.T.);
#3764 = SURFACE_CURVE('',#3765,(#3771,#3780),.PCURVE_S1.);
#3765 = B_SPLINE_CURVE_WITH_KNOTS('',4,(#3766,#3767,#3768,#3769,#3770),
  .UNSPECIFIED.,.F.,.F.,(5,5),(0.,1.),.PIECEWISE_BEZIER_KNOTS.);
#3766 = CARTESIAN_POINT('',(25.39820983428,24.198858455292,25.));
#3767 = CARTESIAN_POINT('',(25.39820983428,24.198858455292,
    18.750000000625));
#3768 = CARTESIAN_POINT('',(25.39820983428,24.198858455292,
    12.499999999997));
#3769 = CARTESIAN_POINT('',(25.39820983428,24.198858455292,
    6.249999999375));
#3770 = CARTESIAN_POINT('',(25.39820983428,24.198858455292,0.));
#3771 = PCURVE('',#1714,#3772);
#3772 = DEFINITIONAL_REPRESENTATION('',(#3773),#3779);
#3773 = B_SPLINE_CURVE_WITH_KNOTS('',4,(#3774,#3775,#3776,#3777,#3778),
  .UNSPECIFIED.,.F.,.F.,(5,5),(0.,1.),.PIECEWISE_BEZIER_KNOTS.);
#3774 = CARTESIAN_POINT('',(3.729128121646,-24.9999999975));
#3775 = CARTESIAN_POINT('',(3.729128121646,-18.74999999812));
#3776 = CARTESIAN_POINT('',(3.729128121646,-12.5));
#3777 = CARTESIAN_POINT('',(3.729128121646,-6.250000001875));
#3778 = CARTESIAN_POINT('',(3.729128121646,-2.499938034362E-09));
#3779 = ( GEOMETRIC_REPRESENTATION_CONTEXT(2) 
PARAMETRIC_REPRESENTATION_CONTEXT() REPRESENTATION_CONTEXT('2D SPACE',''
  ) );
#3780 = PCURVE('',#1674,#3781);
#3781 = DEFINITIONAL_REPRESENTATION('',(#3782),#3788);
#3782 = B_SPLINE_CURVE_WITH_KNOTS('',4,(#3783,#3784,#3785,#3786,#3787),
  .UNSPECIFIED.,.F.,.F.,(5,5),(0.,1.),.PIECEWISE_BEZIER_KNOTS.);
#3783 = CARTESIAN_POINT('',(10.244391508029,-25.));
#3784 = CARTESIAN_POINT('',(10.244391508029,-18.75000000062));
#3785 = CARTESIAN_POINT('',(10.244391508029,-12.49999999999));
#3786 = CARTESIAN_POINT('',(10.244391508029,-6.249999999375));
#3787 = CARTESIAN_POINT('',(10.244391508029,0.));
#3788 = ( GEOMETRIC_REPRESENTATION_CONTEXT(2) 
PARAMETRIC_REPRESENTATION_CONTEXT() REPRESENTATION_CONTEXT('2D SPACE',''
  ) );
#3789 = ORIENTED_EDGE('',*,*,#3297,.T.);
#3790 = ORIENTED_EDGE('',*,*,#3708,.F.);
#3791 = ADVANCED_FACE('',(#3792),#268,.F.);
#3792 = FACE_BOUND('',#3793,.F.);
#3793 = EDGE_LOOP('',(#3794,#3795,#3796,#3797));
#3794 = ORIENTED_EDGE('',*,*,#240,.F.);
#3795 = ORIENTED_EDGE('',*,*,#3738,.T.);
#3796 = ORIENTED_EDGE('',*,*,#2176,.T.);
#3797 = ORIENTED_EDGE('',*,*,#3798,.T.);
#3798 = EDGE_CURVE('',#2177,#241,#3799,.T.);
#3799 = SURFACE_CURVE('',#3800,(#3806,#3815),.PCURVE_S1.);
#3800 = B_SPLINE_CURVE_WITH_KNOTS('',4,(#3801,#3802,#3803,#3804,#3805),
  .UNSPECIFIED.,.F.,.F.,(5,5),(0.,1.),.PIECEWISE_BEZIER_KNOTS.);
#3801 = CARTESIAN_POINT('',(4.668615301949,27.804282081549,25.));
#3802 = CARTESIAN_POINT('',(4.668615301949,27.804282081549,
    18.750000000625));
#3803 = CARTESIAN_POINT('',(4.668615301949,27.804282081549,
    12.499999999997));
#3804 = CARTESIAN_POINT('',(4.668615301949,27.804282081549,
    6.249999999375));
#3805 = CARTESIAN_POINT('',(4.668615301949,27.804282081549,0.));
#3806 = PCURVE('',#268,#3807);
#3807 = DEFINITIONAL_REPRESENTATION('',(#3808),#3814);
#3808 = B_SPLINE_CURVE_WITH_KNOTS('',4,(#3809,#3810,#3811,#3812,#3813),
  .UNSPECIFIED.,.F.,.F.,(5,5),(0.,1.),.PIECEWISE_BEZIER_KNOTS.);
#3809 = CARTESIAN_POINT('',(5.932465635782E-02,-24.9999999975));
#3810 = CARTESIAN_POINT('',(5.932465635782E-02,-18.74999999812));
#3811 = CARTESIAN_POINT('',(5.932465635782E-02,-12.5));
#3812 = CARTESIAN_POINT('',(5.932465635783E-02,-6.250000001875));
#3813 = CARTESIAN_POINT('',(5.932465635783E-02,-2.499938034362E-09));
#3814 = ( GEOMETRIC_REPRESENTATION_CONTEXT(2) 
PARAMETRIC_REPRESENTATION_CONTEXT() REPRESENTATION_CONTEXT('2D SPACE',''
  ) );
#3815 = PCURVE('',#304,#3816);
#3816 = DEFINITIONAL_REPRESENTATION('',(#3817),#3823);
#3817 = B_SPLINE_CURVE_WITH_KNOTS('',4,(#3818,#3819,#3820,#3821,#3822),
  .UNSPECIFIED.,.F.,.F.,(5,5),(0.,1.),.PIECEWISE_BEZIER_KNOTS.);
#3818 = CARTESIAN_POINT('',(4.25360050547,-25.));
#3819 = CARTESIAN_POINT('',(4.25360050547,-18.75000000062));
#3820 = CARTESIAN_POINT('',(4.25360050547,-12.49999999999));
#3821 = CARTESIAN_POINT('',(4.25360050547,-6.249999999375));
#3822 = CARTESIAN_POINT('',(4.25360050547,0.));
#3823 = ( GEOMETRIC_REPRESENTATION_CONTEXT(2) 
PARAMETRIC_REPRESENTATION_CONTEXT() REPRESENTATION_CONTEXT('2D SPACE',''
  ) );
#3824 = ADVANCED_FACE('',(#3825),#1674,.T.);
#3825 = FACE_BOUND('',#3826,.T.);
#3826 = EDGE_LOOP('',(#3827,#3828,#3829,#3830));
#3827 = ORIENTED_EDGE('',*,*,#1658,.F.);
#3828 = ORIENTED_EDGE('',*,*,#3763,.F.);
#3829 = ORIENTED_EDGE('',*,*,#3274,.T.);
#3830 = ORIENTED_EDGE('',*,*,#3831,.F.);
#3831 = EDGE_CURVE('',#1631,#3252,#3832,.T.);
#3832 = SURFACE_CURVE('',#3833,(#3837,#3844),.PCURVE_S1.);
#3833 = LINE('',#3834,#3835);
#3834 = CARTESIAN_POINT('',(29.544525921365,22.864921334844,0.));
#3835 = VECTOR('',#3836,1.);
#3836 = DIRECTION('',(0.,0.,1.));
#3837 = PCURVE('',#1674,#3838);
#3838 = DEFINITIONAL_REPRESENTATION('',(#3839),#3843);
#3839 = LINE('',#3840,#3841);
#3840 = CARTESIAN_POINT('',(14.6,0.));
#3841 = VECTOR('',#3842,1.);
#3842 = DIRECTION('',(0.,-1.));
#3843 = ( GEOMETRIC_REPRESENTATION_CONTEXT(2) 
PARAMETRIC_REPRESENTATION_CONTEXT() REPRESENTATION_CONTEXT('2D SPACE',''
  ) );
#3844 = PCURVE('',#1646,#3845);
#3845 = DEFINITIONAL_REPRESENTATION('',(#3846),#3850);
#3846 = LINE('',#3847,#3848);
#3847 = CARTESIAN_POINT('',(0.,0.));
#3848 = VECTOR('',#3849,1.);
#3849 = DIRECTION('',(0.,-1.));
#3850 = ( GEOMETRIC_REPRESENTATION_CONTEXT(2) 
PARAMETRIC_REPRESENTATION_CONTEXT() REPRESENTATION_CONTEXT('2D SPACE',''
  ) );
#3851 = ADVANCED_FACE('',(#3852),#304,.T.);
#3852 = FACE_BOUND('',#3853,.T.);
#3853 = EDGE_LOOP('',(#3854,#3855,#3876,#3877));
#3854 = ORIENTED_EDGE('',*,*,#288,.F.);
#3855 = ORIENTED_EDGE('',*,*,#3856,.T.);
#3856 = EDGE_CURVE('',#289,#2212,#3857,.T.);
#3857 = SURFACE_CURVE('',#3858,(#3862,#3869),.PCURVE_S1.);
#3858 = LINE('',#3859,#3860);
#3859 = CARTESIAN_POINT('',(0.4288585433,28.147181319843,0.));
#3860 = VECTOR('',#3861,1.);
#3861 = DIRECTION('',(0.,0.,1.));
#3862 = PCURVE('',#304,#3863);
#3863 = DEFINITIONAL_REPRESENTATION('',(#3864),#3868);
#3864 = LINE('',#3865,#3866);
#3865 = CARTESIAN_POINT('',(0.,0.));
#3866 = VECTOR('',#3867,1.);
#3867 = DIRECTION('',(0.,-1.));
#3868 = ( GEOMETRIC_REPRESENTATION_CONTEXT(2) 
PARAMETRIC_REPRESENTATION_CONTEXT() REPRESENTATION_CONTEXT('2D SPACE',''
  ) );
#3869 = PCURVE('',#332,#3870);
#3870 = DEFINITIONAL_REPRESENTATION('',(#3871),#3875);
#3871 = LINE('',#3872,#3873);
#3872 = CARTESIAN_POINT('',(24.677501725516,0.));
#3873 = VECTOR('',#3874,1.);
#3874 = DIRECTION('',(0.,-1.));
#3875 = ( GEOMETRIC_REPRESENTATION_CONTEXT(2) 
PARAMETRIC_REPRESENTATION_CONTEXT() REPRESENTATION_CONTEXT('2D SPACE',''
  ) );
#3876 = ORIENTED_EDGE('',*,*,#2211,.T.);
#3877 = ORIENTED_EDGE('',*,*,#3798,.T.);
#3878 = ADVANCED_FACE('',(#3879),#1646,.T.);
#3879 = FACE_BOUND('',#3880,.T.);
#3880 = EDGE_LOOP('',(#3881,#3882,#3883,#3884));
#3881 = ORIENTED_EDGE('',*,*,#1630,.F.);
#3882 = ORIENTED_EDGE('',*,*,#3831,.T.);
#3883 = ORIENTED_EDGE('',*,*,#3251,.T.);
#3884 = ORIENTED_EDGE('',*,*,#3885,.T.);
#3885 = EDGE_CURVE('',#3229,#1603,#3886,.T.);
#3886 = SURFACE_CURVE('',#3887,(#3891,#3897),.PCURVE_S1.);
#3887 = LINE('',#3888,#3889);
#3888 = CARTESIAN_POINT('',(32.439593340466,31.863744764379,0.));
#3889 = VECTOR('',#3890,1.);
#3890 = DIRECTION('',(-0.,0.,-1.));
#3891 = PCURVE('',#1646,#3892);
#3892 = DEFINITIONAL_REPRESENTATION('',(#3893),#3896);
#3893 = B_SPLINE_CURVE_WITH_KNOTS('',1,(#3894,#3895),.UNSPECIFIED.,.F.,
  .F.,(2,2),(-25.,0.),.PIECEWISE_BEZIER_KNOTS.);
#3894 = CARTESIAN_POINT('',(9.453054452243,-25.));
#3895 = CARTESIAN_POINT('',(9.453054452243,0.));
#3896 = ( GEOMETRIC_REPRESENTATION_CONTEXT(2) 
PARAMETRIC_REPRESENTATION_CONTEXT() REPRESENTATION_CONTEXT('2D SPACE',''
  ) );
#3897 = PCURVE('',#1618,#3898);
#3898 = DEFINITIONAL_REPRESENTATION('',(#3899),#3902);
#3899 = B_SPLINE_CURVE_WITH_KNOTS('',1,(#3900,#3901),.UNSPECIFIED.,.F.,
  .F.,(2,2),(-25.,0.),.PIECEWISE_BEZIER_KNOTS.);
#3900 = CARTESIAN_POINT('',(4.055828327806,-25.));
#3901 = CARTESIAN_POINT('',(4.055828327806,0.));
#3902 = ( GEOMETRIC_REPRESENTATION_CONTEXT(2) 
PARAMETRIC_REPRESENTATION_CONTEXT() REPRESENTATION_CONTEXT('2D SPACE',''
  ) );
#3903 = ADVANCED_FACE('',(#3904),#332,.T.);
#3904 = FACE_BOUND('',#3905,.T.);
#3905 = EDGE_LOOP('',(#3906,#3907,#3926,#3927));
#3906 = ORIENTED_EDGE('',*,*,#316,.F.);
#3907 = ORIENTED_EDGE('',*,*,#3908,.T.);
#3908 = EDGE_CURVE('',#317,#2235,#3909,.T.);
#3909 = SURFACE_CURVE('',#3910,(#3914,#3920),.PCURVE_S1.);
#3910 = LINE('',#3911,#3912);
#3911 = CARTESIAN_POINT('',(1.187128379839,37.522762555727,0.));
#3912 = VECTOR('',#3913,1.);
#3913 = DIRECTION('',(0.,0.,1.));
#3914 = PCURVE('',#332,#3915);
#3915 = DEFINITIONAL_REPRESENTATION('',(#3916),#3919);
#3916 = B_SPLINE_CURVE_WITH_KNOTS('',1,(#3917,#3918),.UNSPECIFIED.,.F.,
  .F.,(2,2),(0.,25.),.PIECEWISE_BEZIER_KNOTS.);
#3917 = CARTESIAN_POINT('',(15.271307136009,0.));
#3918 = CARTESIAN_POINT('',(15.271307136009,-25.));
#3919 = ( GEOMETRIC_REPRESENTATION_CONTEXT(2) 
PARAMETRIC_REPRESENTATION_CONTEXT() REPRESENTATION_CONTEXT('2D SPACE',''
  ) );
#3920 = PCURVE('',#360,#3921);
#3921 = DEFINITIONAL_REPRESENTATION('',(#3922),#3925);
#3922 = B_SPLINE_CURVE_WITH_KNOTS('',1,(#3923,#3924),.UNSPECIFIED.,.F.,
  .F.,(2,2),(0.,25.),.PIECEWISE_BEZIER_KNOTS.);
#3923 = CARTESIAN_POINT('',(1.272259794335,0.));
#3924 = CARTESIAN_POINT('',(1.272259794335,-25.));
#3925 = ( GEOMETRIC_REPRESENTATION_CONTEXT(2) 
PARAMETRIC_REPRESENTATION_CONTEXT() REPRESENTATION_CONTEXT('2D SPACE',''
  ) );
#3926 = ORIENTED_EDGE('',*,*,#2234,.T.);
#3927 = ORIENTED_EDGE('',*,*,#3856,.F.);
#3928 = ADVANCED_FACE('',(#3929),#1618,.F.);
#3929 = FACE_BOUND('',#3930,.F.);
#3930 = EDGE_LOOP('',(#3931,#3932,#3951,#3952));
#3931 = ORIENTED_EDGE('',*,*,#1602,.F.);
#3932 = ORIENTED_EDGE('',*,*,#3933,.T.);
#3933 = EDGE_CURVE('',#1575,#3206,#3934,.T.);
#3934 = SURFACE_CURVE('',#3935,(#3939,#3945),.PCURVE_S1.);
#3935 = LINE('',#3936,#3937);
#3936 = CARTESIAN_POINT('',(35.005056970963,30.753666809334,0.));
#3937 = VECTOR('',#3938,1.);
#3938 = DIRECTION('',(0.,0.,1.));
#3939 = PCURVE('',#1618,#3940);
#3940 = DEFINITIONAL_REPRESENTATION('',(#3941),#3944);
#3941 = B_SPLINE_CURVE_WITH_KNOTS('',1,(#3942,#3943),.UNSPECIFIED.,.F.,
  .F.,(2,2),(0.,25.),.PIECEWISE_BEZIER_KNOTS.);
#3942 = CARTESIAN_POINT('',(1.260497094181,0.));
#3943 = CARTESIAN_POINT('',(1.260497094181,-25.));
#3944 = ( GEOMETRIC_REPRESENTATION_CONTEXT(2) 
PARAMETRIC_REPRESENTATION_CONTEXT() REPRESENTATION_CONTEXT('2D SPACE',''
  ) );
#3945 = PCURVE('',#1590,#3946);
#3946 = DEFINITIONAL_REPRESENTATION('',(#3947),#3950);
#3947 = B_SPLINE_CURVE_WITH_KNOTS('',1,(#3948,#3949),.UNSPECIFIED.,.F.,
  .F.,(2,2),(0.,25.),.PIECEWISE_BEZIER_KNOTS.);
#3948 = CARTESIAN_POINT('',(14.682008324079,0.));
#3949 = CARTESIAN_POINT('',(14.682008324079,-25.));
#3950 = ( GEOMETRIC_REPRESENTATION_CONTEXT(2) 
PARAMETRIC_REPRESENTATION_CONTEXT() REPRESENTATION_CONTEXT('2D SPACE',''
  ) );
#3951 = ORIENTED_EDGE('',*,*,#3228,.T.);
#3952 = ORIENTED_EDGE('',*,*,#3885,.T.);
#3953 = ADVANCED_FACE('',(#3954),#360,.F.);
#3954 = FACE_BOUND('',#3955,.F.);
#3955 = EDGE_LOOP('',(#3956,#3957,#3958,#3959));
#3956 = ORIENTED_EDGE('',*,*,#344,.F.);
#3957 = ORIENTED_EDGE('',*,*,#3908,.T.);
#3958 = ORIENTED_EDGE('',*,*,#2257,.T.);
#3959 = ORIENTED_EDGE('',*,*,#3960,.T.);
#3960 = EDGE_CURVE('',#2258,#345,#3961,.T.);
#3961 = SURFACE_CURVE('',#3962,(#3966,#3972),.PCURVE_S1.);
#3962 = LINE('',#3963,#3964);
#3963 = CARTESIAN_POINT('',(-1.492584609456,37.402083289205,0.));
#3964 = VECTOR('',#3965,1.);
#3965 = DIRECTION('',(0.,-0.,-1.));
#3966 = PCURVE('',#360,#3967);
#3967 = DEFINITIONAL_REPRESENTATION('',(#3968),#3971);
#3968 = B_SPLINE_CURVE_WITH_KNOTS('',1,(#3969,#3970),.UNSPECIFIED.,.F.,
  .F.,(2,2),(-25.,0.),.PIECEWISE_BEZIER_KNOTS.);
#3969 = CARTESIAN_POINT('',(3.954688766435,-25.));
#3970 = CARTESIAN_POINT('',(3.954688766435,0.));
#3971 = ( GEOMETRIC_REPRESENTATION_CONTEXT(2) 
PARAMETRIC_REPRESENTATION_CONTEXT() REPRESENTATION_CONTEXT('2D SPACE',''
  ) );
#3972 = PCURVE('',#388,#3973);
#3973 = DEFINITIONAL_REPRESENTATION('',(#3974),#3977);
#3974 = B_SPLINE_CURVE_WITH_KNOTS('',1,(#3975,#3976),.UNSPECIFIED.,.F.,
  .F.,(2,2),(-25.,0.),.PIECEWISE_BEZIER_KNOTS.);
#3975 = CARTESIAN_POINT('',(9.904721729421,-25.));
#3976 = CARTESIAN_POINT('',(9.904721729421,0.));
#3977 = ( GEOMETRIC_REPRESENTATION_CONTEXT(2) 
PARAMETRIC_REPRESENTATION_CONTEXT() REPRESENTATION_CONTEXT('2D SPACE',''
  ) );
#3978 = ADVANCED_FACE('',(#3979),#1590,.T.);
#3979 = FACE_BOUND('',#3980,.T.);
#3980 = EDGE_LOOP('',(#3981,#3982,#3983,#3984));
#3981 = ORIENTED_EDGE('',*,*,#1574,.F.);
#3982 = ORIENTED_EDGE('',*,*,#3933,.T.);
#3983 = ORIENTED_EDGE('',*,*,#3205,.T.);
#3984 = ORIENTED_EDGE('',*,*,#3985,.F.);
#3985 = EDGE_CURVE('',#1547,#3183,#3986,.T.);
#3986 = SURFACE_CURVE('',#3987,(#3991,#3998),.PCURVE_S1.);
#3987 = LINE('',#3988,#3989);
#3988 = CARTESIAN_POINT('',(29.859015536609,22.198167009102,0.));
#3989 = VECTOR('',#3990,1.);
#3990 = DIRECTION('',(0.,0.,1.));
#3991 = PCURVE('',#1590,#3992);
#3992 = DEFINITIONAL_REPRESENTATION('',(#3993),#3997);
#3993 = LINE('',#3994,#3995);
#3994 = CARTESIAN_POINT('',(24.665911332215,0.));
#3995 = VECTOR('',#3996,1.);
#3996 = DIRECTION('',(0.,-1.));
#3997 = ( GEOMETRIC_REPRESENTATION_CONTEXT(2) 
PARAMETRIC_REPRESENTATION_CONTEXT() REPRESENTATION_CONTEXT('2D SPACE',''
  ) );
#3998 = PCURVE('',#1562,#3999);
#3999 = DEFINITIONAL_REPRESENTATION('',(#4000),#4004);
#4000 = LINE('',#4001,#4002);
#4001 = CARTESIAN_POINT('',(0.,0.));
#4002 = VECTOR('',#4003,1.);
#4003 = DIRECTION('',(0.,-1.));
#4004 = ( GEOMETRIC_REPRESENTATION_CONTEXT(2) 
PARAMETRIC_REPRESENTATION_CONTEXT() REPRESENTATION_CONTEXT('2D SPACE',''
  ) );
#4005 = ADVANCED_FACE('',(#4006),#388,.T.);
#4006 = FACE_BOUND('',#4007,.T.);
#4007 = EDGE_LOOP('',(#4008,#4009,#4030,#4031));
#4008 = ORIENTED_EDGE('',*,*,#372,.F.);
#4009 = ORIENTED_EDGE('',*,*,#4010,.T.);
#4010 = EDGE_CURVE('',#373,#2281,#4011,.T.);
#4011 = SURFACE_CURVE('',#4012,(#4016,#4023),.PCURVE_S1.);
#4012 = LINE('',#4013,#4014);
#4013 = CARTESIAN_POINT('',(-1.41778356996E-02,27.60831864283,0.));
#4014 = VECTOR('',#4015,1.);
#4015 = DIRECTION('',(0.,0.,1.));
#4016 = PCURVE('',#388,#4017);
#4017 = DEFINITIONAL_REPRESENTATION('',(#4018),#4022);
#4018 = LINE('',#4019,#4020);
#4019 = CARTESIAN_POINT('',(0.,0.));
#4020 = VECTOR('',#4021,1.);
#4021 = DIRECTION('',(0.,-1.));
#4022 = ( GEOMETRIC_REPRESENTATION_CONTEXT(2) 
PARAMETRIC_REPRESENTATION_CONTEXT() REPRESENTATION_CONTEXT('2D SPACE',''
  ) );
#4023 = PCURVE('',#416,#4024);
#4024 = DEFINITIONAL_REPRESENTATION('',(#4025),#4029);
#4025 = LINE('',#4026,#4027);
#4026 = CARTESIAN_POINT('',(14.6,0.));
#4027 = VECTOR('',#4028,1.);
#4028 = DIRECTION('',(0.,-1.));
#4029 = ( GEOMETRIC_REPRESENTATION_CONTEXT(2) 
PARAMETRIC_REPRESENTATION_CONTEXT() REPRESENTATION_CONTEXT('2D SPACE',''
  ) );
#4030 = ORIENTED_EDGE('',*,*,#2280,.T.);
#4031 = ORIENTED_EDGE('',*,*,#3960,.T.);
#4032 = ADVANCED_FACE('',(#4033),#1562,.T.);
#4033 = FACE_BOUND('',#4034,.T.);
#4034 = EDGE_LOOP('',(#4035,#4036,#4037,#4038));
#4035 = ORIENTED_EDGE('',*,*,#1546,.F.);
#4036 = ORIENTED_EDGE('',*,*,#3985,.T.);
#4037 = ORIENTED_EDGE('',*,*,#3182,.T.);
#4038 = ORIENTED_EDGE('',*,*,#4039,.T.);
#4039 = EDGE_CURVE('',#3148,#1499,#4040,.T.);
#4040 = SURFACE_CURVE('',#4041,(#4047,#4056),.PCURVE_S1.);
#4041 = B_SPLINE_CURVE_WITH_KNOTS('',4,(#4042,#4043,#4044,#4045,#4046),
  .UNSPECIFIED.,.F.,.F.,(5,5),(0.,1.),.PIECEWISE_BEZIER_KNOTS.);
#4042 = CARTESIAN_POINT('',(33.309189826268,20.122924151888,25.));
#4043 = CARTESIAN_POINT('',(33.309189826268,20.122924151888,
    18.750000000625));
#4044 = CARTESIAN_POINT('',(33.309189826268,20.122924151888,
    12.499999999997));
#4045 = CARTESIAN_POINT('',(33.309189826268,20.122924151887,
    6.249999999375));
#4046 = CARTESIAN_POINT('',(33.309189826268,20.122924151887,0.));
#4047 = PCURVE('',#1562,#4048);
#4048 = DEFINITIONAL_REPRESENTATION('',(#4049),#4055);
#4049 = B_SPLINE_CURVE_WITH_KNOTS('',4,(#4050,#4051,#4052,#4053,#4054),
  .UNSPECIFIED.,.F.,.F.,(5,5),(0.,1.),.PIECEWISE_BEZIER_KNOTS.);
#4050 = CARTESIAN_POINT('',(4.026206098233,-25.));
#4051 = CARTESIAN_POINT('',(4.026206098233,-18.75000000062));
#4052 = CARTESIAN_POINT('',(4.026206098232,-12.49999999999));
#4053 = CARTESIAN_POINT('',(4.026206098233,-6.249999999375));
#4054 = CARTESIAN_POINT('',(4.026206098233,0.));
#4055 = ( GEOMETRIC_REPRESENTATION_CONTEXT(2) 
PARAMETRIC_REPRESENTATION_CONTEXT() REPRESENTATION_CONTEXT('2D SPACE',''
  ) );
#4056 = PCURVE('',#1526,#4057);
#4057 = DEFINITIONAL_REPRESENTATION('',(#4058),#4064);
#4058 = B_SPLINE_CURVE_WITH_KNOTS('',4,(#4059,#4060,#4061,#4062,#4063),
  .UNSPECIFIED.,.F.,.F.,(5,5),(0.,1.),.PIECEWISE_BEZIER_KNOTS.);
#4059 = CARTESIAN_POINT('',(0.305774234498,-24.9999999975));
#4060 = CARTESIAN_POINT('',(0.305774234498,-18.74999999812));
#4061 = CARTESIAN_POINT('',(0.305774234498,-12.5));
#4062 = CARTESIAN_POINT('',(0.305774234498,-6.250000001875));
#4063 = CARTESIAN_POINT('',(0.305774234498,-2.499938034362E-09));
#4064 = ( GEOMETRIC_REPRESENTATION_CONTEXT(2) 
PARAMETRIC_REPRESENTATION_CONTEXT() REPRESENTATION_CONTEXT('2D SPACE',''
  ) );
#4065 = ADVANCED_FACE('',(#4066),#416,.T.);
#4066 = FACE_BOUND('',#4067,.T.);
#4067 = EDGE_LOOP('',(#4068,#4089,#4090,#4091));
#4068 = ORIENTED_EDGE('',*,*,#4069,.T.);
#4069 = EDGE_CURVE('',#401,#2304,#4070,.T.);
#4070 = SURFACE_CURVE('',#4071,(#4075,#4082),.PCURVE_S1.);
#4071 = LINE('',#4072,#4073);
#4072 = CARTESIAN_POINT('',(-14.4506221643,25.42908135717,0.));
#4073 = VECTOR('',#4074,1.);
#4074 = DIRECTION('',(0.,0.,1.));
#4075 = PCURVE('',#416,#4076);
#4076 = DEFINITIONAL_REPRESENTATION('',(#4077),#4081);
#4077 = LINE('',#4078,#4079);
#4078 = CARTESIAN_POINT('',(0.,0.));
#4079 = VECTOR('',#4080,1.);
#4080 = DIRECTION('',(0.,-1.));
#4081 = ( GEOMETRIC_REPRESENTATION_CONTEXT(2) 
PARAMETRIC_REPRESENTATION_CONTEXT() REPRESENTATION_CONTEXT('2D SPACE',''
  ) );
#4082 = PCURVE('',#444,#4083);
#4083 = DEFINITIONAL_REPRESENTATION('',(#4084),#4088);
#4084 = LINE('',#4085,#4086);
#4085 = CARTESIAN_POINT('',(25.204229053356,0.));
#4086 = VECTOR('',#4087,1.);
#4087 = DIRECTION('',(0.,-1.));
#4088 = ( GEOMETRIC_REPRESENTATION_CONTEXT(2) 
PARAMETRIC_REPRESENTATION_CONTEXT() REPRESENTATION_CONTEXT('2D SPACE',''
  ) );
#4089 = ORIENTED_EDGE('',*,*,#2303,.T.);
#4090 = ORIENTED_EDGE('',*,*,#4010,.F.);
#4091 = ORIENTED_EDGE('',*,*,#400,.F.);
#4092 = ADVANCED_FACE('',(#4093),#1526,.F.);
#4093 = FACE_BOUND('',#4094,.F.);
#4094 = EDGE_LOOP('',(#4095,#4096,#4117,#4118));
#4095 = ORIENTED_EDGE('',*,*,#1498,.F.);
#4096 = ORIENTED_EDGE('',*,*,#4097,.T.);
#4097 = EDGE_CURVE('',#1471,#3125,#4098,.T.);
#4098 = SURFACE_CURVE('',#4099,(#4103,#4110),.PCURVE_S1.);
#4099 = LINE('',#4100,#4101);
#4100 = CARTESIAN_POINT('',(33.562,19.9481,0.));
#4101 = VECTOR('',#4102,1.);
#4102 = DIRECTION('',(0.,0.,1.));
#4103 = PCURVE('',#1526,#4104);
#4104 = DEFINITIONAL_REPRESENTATION('',(#4105),#4109);
#4105 = LINE('',#4106,#4107);
#4106 = CARTESIAN_POINT('',(0.,0.));
#4107 = VECTOR('',#4108,1.);
#4108 = DIRECTION('',(0.,-1.));
#4109 = ( GEOMETRIC_REPRESENTATION_CONTEXT(2) 
PARAMETRIC_REPRESENTATION_CONTEXT() REPRESENTATION_CONTEXT('2D SPACE',''
  ) );
#4110 = PCURVE('',#1486,#4111);
#4111 = DEFINITIONAL_REPRESENTATION('',(#4112),#4116);
#4112 = LINE('',#4113,#4114);
#4113 = CARTESIAN_POINT('',(5.893708856908,0.));
#4114 = VECTOR('',#4115,1.);
#4115 = DIRECTION('',(0.,-1.));
#4116 = ( GEOMETRIC_REPRESENTATION_CONTEXT(2) 
PARAMETRIC_REPRESENTATION_CONTEXT() REPRESENTATION_CONTEXT('2D SPACE',''
  ) );
#4117 = ORIENTED_EDGE('',*,*,#3147,.T.);
#4118 = ORIENTED_EDGE('',*,*,#4039,.T.);
#4119 = ADVANCED_FACE('',(#4120),#444,.T.);
#4120 = FACE_BOUND('',#4121,.T.);
#4121 = EDGE_LOOP('',(#4122,#4123,#4142,#4143));
#4122 = ORIENTED_EDGE('',*,*,#428,.F.);
#4123 = ORIENTED_EDGE('',*,*,#4124,.T.);
#4124 = EDGE_CURVE('',#429,#2327,#4125,.T.);
#4125 = SURFACE_CURVE('',#4126,(#4130,#4136),.PCURVE_S1.);
#4126 = LINE('',#4127,#4128);
#4127 = CARTESIAN_POINT('',(-15.89101594873,34.971027439476,0.));
#4128 = VECTOR('',#4129,1.);
#4129 = DIRECTION('',(0.,0.,1.));
#4130 = PCURVE('',#444,#4131);
#4131 = DEFINITIONAL_REPRESENTATION('',(#4132),#4135);
#4132 = B_SPLINE_CURVE_WITH_KNOTS('',1,(#4133,#4134),.UNSPECIFIED.,.F.,
  .F.,(2,2),(0.,25.),.PIECEWISE_BEZIER_KNOTS.);
#4133 = CARTESIAN_POINT('',(15.554178831109,0.));
#4134 = CARTESIAN_POINT('',(15.554178831109,-25.));
#4135 = ( GEOMETRIC_REPRESENTATION_CONTEXT(2) 
PARAMETRIC_REPRESENTATION_CONTEXT() REPRESENTATION_CONTEXT('2D SPACE',''
  ) );
#4136 = PCURVE('',#472,#4137);
#4137 = DEFINITIONAL_REPRESENTATION('',(#4138),#4141);
#4138 = B_SPLINE_CURVE_WITH_KNOTS('',1,(#4139,#4140),.UNSPECIFIED.,.F.,
  .F.,(2,2),(0.,25.),.PIECEWISE_BEZIER_KNOTS.);
#4139 = CARTESIAN_POINT('',(1.237530325678,0.));
#4140 = CARTESIAN_POINT('',(1.237530325678,-25.));
#4141 = ( GEOMETRIC_REPRESENTATION_CONTEXT(2) 
PARAMETRIC_REPRESENTATION_CONTEXT() REPRESENTATION_CONTEXT('2D SPACE',''
  ) );
#4142 = ORIENTED_EDGE('',*,*,#2326,.T.);
#4143 = ORIENTED_EDGE('',*,*,#4069,.F.);
#4144 = ADVANCED_FACE('',(#4145),#1486,.F.);
#4145 = FACE_BOUND('',#4146,.F.);
#4146 = EDGE_LOOP('',(#4147,#4168,#4169,#4170));
#4147 = ORIENTED_EDGE('',*,*,#4148,.T.);
#4148 = EDGE_CURVE('',#1423,#3090,#4149,.T.);
#4149 = SURFACE_CURVE('',#4150,(#4154,#4161),.PCURVE_S1.);
#4150 = LINE('',#4151,#4152);
#4151 = CARTESIAN_POINT('',(38.62,16.9228,0.));
#4152 = VECTOR('',#4153,1.);
#4153 = DIRECTION('',(0.,0.,1.));
#4154 = PCURVE('',#1486,#4155);
#4155 = DEFINITIONAL_REPRESENTATION('',(#4156),#4160);
#4156 = LINE('',#4157,#4158);
#4157 = CARTESIAN_POINT('',(0.,0.));
#4158 = VECTOR('',#4159,1.);
#4159 = DIRECTION('',(0.,-1.));
#4160 = ( GEOMETRIC_REPRESENTATION_CONTEXT(2) 
PARAMETRIC_REPRESENTATION_CONTEXT() REPRESENTATION_CONTEXT('2D SPACE',''
  ) );
#4161 = PCURVE('',#1450,#4162);
#4162 = DEFINITIONAL_REPRESENTATION('',(#4163),#4167);
#4163 = LINE('',#4164,#4165);
#4164 = CARTESIAN_POINT('',(3.75551226285,0.));
#4165 = VECTOR('',#4166,1.);
#4166 = DIRECTION('',(0.,-1.));
#4167 = ( GEOMETRIC_REPRESENTATION_CONTEXT(2) 
PARAMETRIC_REPRESENTATION_CONTEXT() REPRESENTATION_CONTEXT('2D SPACE',''
  ) );
#4168 = ORIENTED_EDGE('',*,*,#3124,.T.);
#4169 = ORIENTED_EDGE('',*,*,#4097,.F.);
#4170 = ORIENTED_EDGE('',*,*,#1470,.F.);
#4171 = ADVANCED_FACE('',(#4172),#472,.F.);
#4172 = FACE_BOUND('',#4173,.F.);
#4173 = EDGE_LOOP('',(#4174,#4175,#4176,#4177));
#4174 = ORIENTED_EDGE('',*,*,#456,.F.);
#4175 = ORIENTED_EDGE('',*,*,#4124,.T.);
#4176 = ORIENTED_EDGE('',*,*,#2349,.T.);
#4177 = ORIENTED_EDGE('',*,*,#4178,.T.);
#4178 = EDGE_CURVE('',#2350,#457,#4179,.T.);
#4179 = SURFACE_CURVE('',#4180,(#4184,#4190),.PCURVE_S1.);
#4180 = LINE('',#4181,#4182);
#4181 = CARTESIAN_POINT('',(-18.43042551662,34.24548915761,0.));
#4182 = VECTOR('',#4183,1.);
#4183 = DIRECTION('',(0.,-0.,-1.));
#4184 = PCURVE('',#472,#4185);
#4185 = DEFINITIONAL_REPRESENTATION('',(#4186),#4189);
#4186 = B_SPLINE_CURVE_WITH_KNOTS('',1,(#4187,#4188),.UNSPECIFIED.,.F.,
  .F.,(2,2),(-25.,0.),.PIECEWISE_BEZIER_KNOTS.);
#4187 = CARTESIAN_POINT('',(3.878554133201,-25.));
#4188 = CARTESIAN_POINT('',(3.878554133201,0.));
#4189 = ( GEOMETRIC_REPRESENTATION_CONTEXT(2) 
PARAMETRIC_REPRESENTATION_CONTEXT() REPRESENTATION_CONTEXT('2D SPACE',''
  ) );
#4190 = PCURVE('',#500,#4191);
#4191 = DEFINITIONAL_REPRESENTATION('',(#4192),#4195);
#4192 = B_SPLINE_CURVE_WITH_KNOTS('',1,(#4193,#4194),.UNSPECIFIED.,.F.,
  .F.,(2,2),(-25.,0.),.PIECEWISE_BEZIER_KNOTS.);
#4193 = CARTESIAN_POINT('',(9.576118877338,-25.));
#4194 = CARTESIAN_POINT('',(9.576118877338,0.));
#4195 = ( GEOMETRIC_REPRESENTATION_CONTEXT(2) 
PARAMETRIC_REPRESENTATION_CONTEXT() REPRESENTATION_CONTEXT('2D SPACE',''
  ) );
#4196 = ADVANCED_FACE('',(#4197),#1450,.F.);
#4197 = FACE_BOUND('',#4198,.F.);
#4198 = EDGE_LOOP('',(#4199,#4200,#4227,#4228));
#4199 = ORIENTED_EDGE('',*,*,#1422,.F.);
#4200 = ORIENTED_EDGE('',*,*,#4201,.F.);
#4201 = EDGE_CURVE('',#3067,#1395,#4202,.T.);
#4202 = SURFACE_CURVE('',#4203,(#4209,#4218),.PCURVE_S1.);
#4203 = B_SPLINE_CURVE_WITH_KNOTS('',4,(#4204,#4205,#4206,#4207,#4208),
  .UNSPECIFIED.,.F.,.F.,(5,5),(0.,1.),.PIECEWISE_BEZIER_KNOTS.);
#4204 = CARTESIAN_POINT('',(38.723713531581,16.866146174513,25.));
#4205 = CARTESIAN_POINT('',(38.723713531581,16.866146174513,
    18.750000000625));
#4206 = CARTESIAN_POINT('',(38.723713531581,16.866146174513,
    12.499999999997));
#4207 = CARTESIAN_POINT('',(38.723713531581,16.866146174513,
    6.249999999375));
#4208 = CARTESIAN_POINT('',(38.723713531581,16.866146174513,0.));
#4209 = PCURVE('',#1450,#4210);
#4210 = DEFINITIONAL_REPRESENTATION('',(#4211),#4217);
#4211 = B_SPLINE_CURVE_WITH_KNOTS('',4,(#4212,#4213,#4214,#4215,#4216),
  .UNSPECIFIED.,.F.,.F.,(5,5),(0.,1.),.PIECEWISE_BEZIER_KNOTS.);
#4212 = CARTESIAN_POINT('',(3.638127971686,-24.9999999975));
#4213 = CARTESIAN_POINT('',(3.638127971686,-18.74999999812));
#4214 = CARTESIAN_POINT('',(3.638127971686,-12.5));
#4215 = CARTESIAN_POINT('',(3.638127971686,-6.250000001875));
#4216 = CARTESIAN_POINT('',(3.638127971686,-2.499938034362E-09));
#4217 = ( GEOMETRIC_REPRESENTATION_CONTEXT(2) 
PARAMETRIC_REPRESENTATION_CONTEXT() REPRESENTATION_CONTEXT('2D SPACE',''
  ) );
#4218 = PCURVE('',#1410,#4219);
#4219 = DEFINITIONAL_REPRESENTATION('',(#4220),#4226);
#4220 = B_SPLINE_CURVE_WITH_KNOTS('',4,(#4221,#4222,#4223,#4224,#4225),
  .UNSPECIFIED.,.F.,.F.,(5,5),(0.,1.),.PIECEWISE_BEZIER_KNOTS.);
#4221 = CARTESIAN_POINT('',(10.344724100843,-25.));
#4222 = CARTESIAN_POINT('',(10.344724100843,-18.75000000062));
#4223 = CARTESIAN_POINT('',(10.344724100843,-12.49999999999));
#4224 = CARTESIAN_POINT('',(10.344724100843,-6.249999999375));
#4225 = CARTESIAN_POINT('',(10.344724100843,0.));
#4226 = ( GEOMETRIC_REPRESENTATION_CONTEXT(2) 
PARAMETRIC_REPRESENTATION_CONTEXT() REPRESENTATION_CONTEXT('2D SPACE',''
  ) );
#4227 = ORIENTED_EDGE('',*,*,#3089,.T.);
#4228 = ORIENTED_EDGE('',*,*,#4148,.F.);
#4229 = ADVANCED_FACE('',(#4230),#500,.T.);
#4230 = FACE_BOUND('',#4231,.T.);
#4231 = EDGE_LOOP('',(#4232,#4233,#4254,#4255));
#4232 = ORIENTED_EDGE('',*,*,#484,.F.);
#4233 = ORIENTED_EDGE('',*,*,#4234,.T.);
#4234 = EDGE_CURVE('',#485,#2373,#4235,.T.);
#4235 = SURFACE_CURVE('',#4236,(#4240,#4247),.PCURVE_S1.);
#4236 = LINE('',#4237,#4238);
#4237 = CARTESIAN_POINT('',(-14.87246984719,25.354875893761,0.));
#4238 = VECTOR('',#4239,1.);
#4239 = DIRECTION('',(0.,0.,1.));
#4240 = PCURVE('',#500,#4241);
#4241 = DEFINITIONAL_REPRESENTATION('',(#4242),#4246);
#4242 = LINE('',#4243,#4244);
#4243 = CARTESIAN_POINT('',(0.,0.));
#4244 = VECTOR('',#4245,1.);
#4245 = DIRECTION('',(0.,-1.));
#4246 = ( GEOMETRIC_REPRESENTATION_CONTEXT(2) 
PARAMETRIC_REPRESENTATION_CONTEXT() REPRESENTATION_CONTEXT('2D SPACE',''
  ) );
#4247 = PCURVE('',#528,#4248);
#4248 = DEFINITIONAL_REPRESENTATION('',(#4249),#4253);
#4249 = LINE('',#4250,#4251);
#4250 = CARTESIAN_POINT('',(14.6,0.));
#4251 = VECTOR('',#4252,1.);
#4252 = DIRECTION('',(0.,-1.));
#4253 = ( GEOMETRIC_REPRESENTATION_CONTEXT(2) 
PARAMETRIC_REPRESENTATION_CONTEXT() REPRESENTATION_CONTEXT('2D SPACE',''
  ) );
#4254 = ORIENTED_EDGE('',*,*,#2372,.T.);
#4255 = ORIENTED_EDGE('',*,*,#4178,.T.);
#4256 = ADVANCED_FACE('',(#4257),#1410,.T.);
#4257 = FACE_BOUND('',#4258,.T.);
#4258 = EDGE_LOOP('',(#4259,#4260,#4261,#4262));
#4259 = ORIENTED_EDGE('',*,*,#1394,.F.);
#4260 = ORIENTED_EDGE('',*,*,#4201,.F.);
#4261 = ORIENTED_EDGE('',*,*,#3066,.T.);
#4262 = ORIENTED_EDGE('',*,*,#4263,.F.);
#4263 = EDGE_CURVE('',#1367,#3044,#4264,.T.);
#4264 = SURFACE_CURVE('',#4265,(#4269,#4276),.PCURVE_S1.);
#4265 = LINE('',#4266,#4267);
#4266 = CARTESIAN_POINT('',(42.370184463391,14.672832990898,0.));
#4267 = VECTOR('',#4268,1.);
#4268 = DIRECTION('',(0.,0.,1.));
#4269 = PCURVE('',#1410,#4270);
#4270 = DEFINITIONAL_REPRESENTATION('',(#4271),#4275);
#4271 = LINE('',#4272,#4273);
#4272 = CARTESIAN_POINT('',(14.6,0.));
#4273 = VECTOR('',#4274,1.);
#4274 = DIRECTION('',(0.,-1.));
#4275 = ( GEOMETRIC_REPRESENTATION_CONTEXT(2) 
PARAMETRIC_REPRESENTATION_CONTEXT() REPRESENTATION_CONTEXT('2D SPACE',''
  ) );
#4276 = PCURVE('',#1382,#4277);
#4277 = DEFINITIONAL_REPRESENTATION('',(#4278),#4282);
#4278 = LINE('',#4279,#4280);
#4279 = CARTESIAN_POINT('',(0.,0.));
#4280 = VECTOR('',#4281,1.);
#4281 = DIRECTION('',(0.,-1.));
#4282 = ( GEOMETRIC_REPRESENTATION_CONTEXT(2) 
PARAMETRIC_REPRESENTATION_CONTEXT() REPRESENTATION_CONTEXT('2D SPACE',''
  ) );
#4283 = ADVANCED_FACE('',(#4284),#528,.T.);
#4284 = FACE_BOUND('',#4285,.T.);
#4285 = EDGE_LOOP('',(#4286,#4287,#4314,#4315));
#4286 = ORIENTED_EDGE('',*,*,#512,.F.);
#4287 = ORIENTED_EDGE('',*,*,#4288,.F.);
#4288 = EDGE_CURVE('',#2396,#513,#4289,.T.);
#4289 = SURFACE_CURVE('',#4290,(#4296,#4305),.PCURVE_S1.);
#4290 = B_SPLINE_CURVE_WITH_KNOTS('',4,(#4291,#4292,#4293,#4294,#4295),
  .UNSPECIFIED.,.F.,.F.,(5,5),(0.,1.),.PIECEWISE_BEZIER_KNOTS.);
#4291 = CARTESIAN_POINT('',(-18.51748925324,23.896166907549,25.));
#4292 = CARTESIAN_POINT('',(-18.51748925324,23.896166907549,
    18.750000000625));
#4293 = CARTESIAN_POINT('',(-18.51748925324,23.896166907549,
    12.499999999997));
#4294 = CARTESIAN_POINT('',(-18.51748925324,23.896166907549,
    6.249999999375));
#4295 = CARTESIAN_POINT('',(-18.51748925324,23.896166907549,0.));
#4296 = PCURVE('',#528,#4297);
#4297 = DEFINITIONAL_REPRESENTATION('',(#4298),#4304);
#4298 = B_SPLINE_CURVE_WITH_KNOTS('',4,(#4299,#4300,#4301,#4302,#4303),
  .UNSPECIFIED.,.F.,.F.,(5,5),(0.,1.),.PIECEWISE_BEZIER_KNOTS.);
#4299 = CARTESIAN_POINT('',(10.673933472682,-25.));
#4300 = CARTESIAN_POINT('',(10.673933472682,-18.75000000062));
#4301 = CARTESIAN_POINT('',(10.673933472681,-12.49999999999));
#4302 = CARTESIAN_POINT('',(10.673933472682,-6.249999999375));
#4303 = CARTESIAN_POINT('',(10.673933472682,0.));
#4304 = ( GEOMETRIC_REPRESENTATION_CONTEXT(2) 
PARAMETRIC_REPRESENTATION_CONTEXT() REPRESENTATION_CONTEXT('2D SPACE',''
  ) );
#4305 = PCURVE('',#568,#4306);
#4306 = DEFINITIONAL_REPRESENTATION('',(#4307),#4313);
#4307 = B_SPLINE_CURVE_WITH_KNOTS('',4,(#4308,#4309,#4310,#4311,#4312),
  .UNSPECIFIED.,.F.,.F.,(5,5),(0.,1.),.PIECEWISE_BEZIER_KNOTS.);
#4308 = CARTESIAN_POINT('',(3.301913695423,-24.9999999975));
#4309 = CARTESIAN_POINT('',(3.301913695423,-18.74999999812));
#4310 = CARTESIAN_POINT('',(3.301913695423,-12.5));
#4311 = CARTESIAN_POINT('',(3.301913695423,-6.250000001875));
#4312 = CARTESIAN_POINT('',(3.301913695423,-2.499938034362E-09));
#4313 = ( GEOMETRIC_REPRESENTATION_CONTEXT(2) 
PARAMETRIC_REPRESENTATION_CONTEXT() REPRESENTATION_CONTEXT('2D SPACE',''
  ) );
#4314 = ORIENTED_EDGE('',*,*,#2395,.T.);
#4315 = ORIENTED_EDGE('',*,*,#4234,.F.);
#4316 = ADVANCED_FACE('',(#4317),#1382,.T.);
#4317 = FACE_BOUND('',#4318,.T.);
#4318 = EDGE_LOOP('',(#4319,#4320,#4321,#4322));
#4319 = ORIENTED_EDGE('',*,*,#1366,.F.);
#4320 = ORIENTED_EDGE('',*,*,#4263,.T.);
#4321 = ORIENTED_EDGE('',*,*,#3043,.T.);
#4322 = ORIENTED_EDGE('',*,*,#4323,.T.);
#4323 = EDGE_CURVE('',#3021,#1339,#4324,.T.);
#4324 = SURFACE_CURVE('',#4325,(#4329,#4335),.PCURVE_S1.);
#4325 = LINE('',#4326,#4327);
#4326 = CARTESIAN_POINT('',(47.62986086547,23.417255472006,0.));
#4327 = VECTOR('',#4328,1.);
#4328 = DIRECTION('',(-0.,0.,-1.));
#4329 = PCURVE('',#1382,#4330);
#4330 = DEFINITIONAL_REPRESENTATION('',(#4331),#4334);
#4331 = B_SPLINE_CURVE_WITH_KNOTS('',1,(#4332,#4333),.UNSPECIFIED.,.F.,
  .F.,(2,2),(-25.,0.),.PIECEWISE_BEZIER_KNOTS.);
#4332 = CARTESIAN_POINT('',(10.204367711068,-25.));
#4333 = CARTESIAN_POINT('',(10.204367711068,0.));
#4334 = ( GEOMETRIC_REPRESENTATION_CONTEXT(2) 
PARAMETRIC_REPRESENTATION_CONTEXT() REPRESENTATION_CONTEXT('2D SPACE',''
  ) );
#4335 = PCURVE('',#1354,#4336);
#4336 = DEFINITIONAL_REPRESENTATION('',(#4337),#4340);
#4337 = B_SPLINE_CURVE_WITH_KNOTS('',1,(#4338,#4339),.UNSPECIFIED.,.F.,
  .F.,(2,2),(-25.,0.),.PIECEWISE_BEZIER_KNOTS.);
#4338 = CARTESIAN_POINT('',(3.543151772857,-25.));
#4339 = CARTESIAN_POINT('',(3.543151772857,0.));
#4340 = ( GEOMETRIC_REPRESENTATION_CONTEXT(2) 
PARAMETRIC_REPRESENTATION_CONTEXT() REPRESENTATION_CONTEXT('2D SPACE',''
  ) );
#4341 = ADVANCED_FACE('',(#4342),#568,.F.);
#4342 = FACE_BOUND('',#4343,.F.);
#4343 = EDGE_LOOP('',(#4344,#4345,#4346,#4347));
#4344 = ORIENTED_EDGE('',*,*,#540,.F.);
#4345 = ORIENTED_EDGE('',*,*,#4288,.F.);
#4346 = ORIENTED_EDGE('',*,*,#2418,.T.);
#4347 = ORIENTED_EDGE('',*,*,#4348,.F.);
#4348 = EDGE_CURVE('',#541,#2419,#4349,.T.);
#4349 = SURFACE_CURVE('',#4350,(#4354,#4361),.PCURVE_S1.);
#4350 = LINE('',#4351,#4352);
#4351 = CARTESIAN_POINT('',(-18.9082,23.7298,0.));
#4352 = VECTOR('',#4353,1.);
#4353 = DIRECTION('',(0.,0.,1.));
#4354 = PCURVE('',#568,#4355);
#4355 = DEFINITIONAL_REPRESENTATION('',(#4356),#4360);
#4356 = LINE('',#4357,#4358);
#4357 = CARTESIAN_POINT('',(3.723807235507,0.));
#4358 = VECTOR('',#4359,1.);
#4359 = DIRECTION('',(0.,-1.));
#4360 = ( GEOMETRIC_REPRESENTATION_CONTEXT(2) 
PARAMETRIC_REPRESENTATION_CONTEXT() REPRESENTATION_CONTEXT('2D SPACE',''
  ) );
#4361 = PCURVE('',#604,#4362);
#4362 = DEFINITIONAL_REPRESENTATION('',(#4363),#4367);
#4363 = LINE('',#4364,#4365);
#4364 = CARTESIAN_POINT('',(0.,0.));
#4365 = VECTOR('',#4366,1.);
#4366 = DIRECTION('',(0.,-1.));
#4367 = ( GEOMETRIC_REPRESENTATION_CONTEXT(2) 
PARAMETRIC_REPRESENTATION_CONTEXT() REPRESENTATION_CONTEXT('2D SPACE',''
  ) );
#4368 = ADVANCED_FACE('',(#4369),#1354,.F.);
#4369 = FACE_BOUND('',#4370,.F.);
#4370 = EDGE_LOOP('',(#4371,#4372,#4393,#4394));
#4371 = ORIENTED_EDGE('',*,*,#1338,.F.);
#4372 = ORIENTED_EDGE('',*,*,#4373,.T.);
#4373 = EDGE_CURVE('',#1267,#2970,#4374,.T.);
#4374 = SURFACE_CURVE('',#4375,(#4379,#4386),.PCURVE_S1.);
#4375 = LINE('',#4376,#4377);
#4376 = CARTESIAN_POINT('',(50.4849,21.319,0.));
#4377 = VECTOR('',#4378,1.);
#4378 = DIRECTION('',(0.,0.,1.));
#4379 = PCURVE('',#1354,#4380);
#4380 = DEFINITIONAL_REPRESENTATION('',(#4381),#4385);
#4381 = LINE('',#4382,#4383);
#4382 = CARTESIAN_POINT('',(0.,0.));
#4383 = VECTOR('',#4384,1.);
#4384 = DIRECTION('',(0.,-1.));
#4385 = ( GEOMETRIC_REPRESENTATION_CONTEXT(2) 
PARAMETRIC_REPRESENTATION_CONTEXT() REPRESENTATION_CONTEXT('2D SPACE',''
  ) );
#4386 = PCURVE('',#1310,#4387);
#4387 = DEFINITIONAL_REPRESENTATION('',(#4388),#4392);
#4388 = LINE('',#4389,#4390);
#4389 = CARTESIAN_POINT('',(23.558614042916,0.));
#4390 = VECTOR('',#4391,1.);
#4391 = DIRECTION('',(0.,-1.));
#4392 = ( GEOMETRIC_REPRESENTATION_CONTEXT(2) 
PARAMETRIC_REPRESENTATION_CONTEXT() REPRESENTATION_CONTEXT('2D SPACE',''
  ) );
#4393 = ORIENTED_EDGE('',*,*,#3020,.T.);
#4394 = ORIENTED_EDGE('',*,*,#4323,.T.);
#4395 = ADVANCED_FACE('',(#4396),#604,.F.);
#4396 = FACE_BOUND('',#4397,.F.);
#4397 = EDGE_LOOP('',(#4398,#4399,#4400,#4421));
#4398 = ORIENTED_EDGE('',*,*,#4348,.T.);
#4399 = ORIENTED_EDGE('',*,*,#2453,.T.);
#4400 = ORIENTED_EDGE('',*,*,#4401,.F.);
#4401 = EDGE_CURVE('',#589,#2454,#4402,.T.);
#4402 = SURFACE_CURVE('',#4403,(#4407,#4414),.PCURVE_S1.);
#4403 = LINE('',#4404,#4405);
#4404 = CARTESIAN_POINT('',(-24.3916,21.5081,0.));
#4405 = VECTOR('',#4406,1.);
#4406 = DIRECTION('',(0.,0.,1.));
#4407 = PCURVE('',#604,#4408);
#4408 = DEFINITIONAL_REPRESENTATION('',(#4409),#4413);
#4409 = LINE('',#4410,#4411);
#4410 = CARTESIAN_POINT('',(5.916386266126,0.));
#4411 = VECTOR('',#4412,1.);
#4412 = DIRECTION('',(0.,-1.));
#4413 = ( GEOMETRIC_REPRESENTATION_CONTEXT(2) 
PARAMETRIC_REPRESENTATION_CONTEXT() REPRESENTATION_CONTEXT('2D SPACE',''
  ) );
#4414 = PCURVE('',#644,#4415);
#4415 = DEFINITIONAL_REPRESENTATION('',(#4416),#4420);
#4416 = LINE('',#4417,#4418);
#4417 = CARTESIAN_POINT('',(0.,0.));
#4418 = VECTOR('',#4419,1.);
#4419 = DIRECTION('',(0.,-1.));
#4420 = ( GEOMETRIC_REPRESENTATION_CONTEXT(2) 
PARAMETRIC_REPRESENTATION_CONTEXT() REPRESENTATION_CONTEXT('2D SPACE',''
  ) );
#4421 = ORIENTED_EDGE('',*,*,#588,.F.);
#4422 = ADVANCED_FACE('',(#4423),#1310,.F.);
#4423 = FACE_BOUND('',#4424,.F.);
#4424 = EDGE_LOOP('',(#4425,#4446,#4447,#4448));
#4425 = ORIENTED_EDGE('',*,*,#4426,.T.);
#4426 = EDGE_CURVE('',#1239,#2947,#4427,.T.);
#4427 = SURFACE_CURVE('',#4428,(#4432,#4439),.PCURVE_S1.);
#4428 = LINE('',#4429,#4430);
#4429 = CARTESIAN_POINT('',(44.6233,0.,0.));
#4430 = VECTOR('',#4431,1.);
#4431 = DIRECTION('',(0.,0.,1.));
#4432 = PCURVE('',#1310,#4433);
#4433 = DEFINITIONAL_REPRESENTATION('',(#4434),#4438);
#4434 = LINE('',#4435,#4436);
#4435 = CARTESIAN_POINT('',(0.,0.));
#4436 = VECTOR('',#4437,1.);
#4437 = DIRECTION('',(0.,-1.));
#4438 = ( GEOMETRIC_REPRESENTATION_CONTEXT(2) 
PARAMETRIC_REPRESENTATION_CONTEXT() REPRESENTATION_CONTEXT('2D SPACE',''
  ) );
#4439 = PCURVE('',#1254,#4440);
#4440 = DEFINITIONAL_REPRESENTATION('',(#4441),#4445);
#4441 = LINE('',#4442,#4443);
#4442 = CARTESIAN_POINT('',(12.9048,0.));
#4443 = VECTOR('',#4444,1.);
#4444 = DIRECTION('',(0.,-1.));
#4445 = ( GEOMETRIC_REPRESENTATION_CONTEXT(2) 
PARAMETRIC_REPRESENTATION_CONTEXT() REPRESENTATION_CONTEXT('2D SPACE',''
  ) );
#4446 = ORIENTED_EDGE('',*,*,#2969,.T.);
#4447 = ORIENTED_EDGE('',*,*,#4373,.F.);
#4448 = ORIENTED_EDGE('',*,*,#1266,.F.);
#4449 = ADVANCED_FACE('',(#4450),#644,.F.);
#4450 = FACE_BOUND('',#4451,.F.);
#4451 = EDGE_LOOP('',(#4452,#4453,#4454,#4455));
#4452 = ORIENTED_EDGE('',*,*,#616,.F.);
#4453 = ORIENTED_EDGE('',*,*,#4401,.T.);
#4454 = ORIENTED_EDGE('',*,*,#2476,.T.);
#4455 = ORIENTED_EDGE('',*,*,#4456,.T.);
#4456 = EDGE_CURVE('',#2477,#617,#4457,.T.);
#4457 = SURFACE_CURVE('',#4458,(#4464,#4473),.PCURVE_S1.);
#4458 = B_SPLINE_CURVE_WITH_KNOTS('',4,(#4459,#4460,#4461,#4462,#4463),
  .UNSPECIFIED.,.F.,.F.,(5,5),(0.,1.),.PIECEWISE_BEZIER_KNOTS.);
#4459 = CARTESIAN_POINT('',(-24.73521220966,21.407881568039,25.));
#4460 = CARTESIAN_POINT('',(-24.73521220966,21.407881568039,
    18.750000000625));
#4461 = CARTESIAN_POINT('',(-24.73521220966,21.407881568039,
    12.499999999997));
#4462 = CARTESIAN_POINT('',(-24.73521220966,21.407881568039,
    6.249999999375));
#4463 = CARTESIAN_POINT('',(-24.73521220966,21.407881568039,0.));
#4464 = PCURVE('',#644,#4465);
#4465 = DEFINITIONAL_REPRESENTATION('',(#4466),#4472);
#4466 = B_SPLINE_CURVE_WITH_KNOTS('',4,(#4467,#4468,#4469,#4470,#4471),
  .UNSPECIFIED.,.F.,.F.,(5,5),(0.,1.),.PIECEWISE_BEZIER_KNOTS.);
#4467 = CARTESIAN_POINT('',(0.358885435582,-24.9999999975));
#4468 = CARTESIAN_POINT('',(0.358885435582,-18.74999999812));
#4469 = CARTESIAN_POINT('',(0.358885435582,-12.5));
#4470 = CARTESIAN_POINT('',(0.358885435582,-6.250000001875));
#4471 = CARTESIAN_POINT('',(0.358885435582,-2.499938034362E-09));
#4472 = ( GEOMETRIC_REPRESENTATION_CONTEXT(2) 
PARAMETRIC_REPRESENTATION_CONTEXT() REPRESENTATION_CONTEXT('2D SPACE',''
  ) );
#4473 = PCURVE('',#680,#4474);
#4474 = DEFINITIONAL_REPRESENTATION('',(#4475),#4481);
#4475 = B_SPLINE_CURVE_WITH_KNOTS('',4,(#4476,#4477,#4478,#4479,#4480),
  .UNSPECIFIED.,.F.,.F.,(5,5),(0.,1.),.PIECEWISE_BEZIER_KNOTS.);
#4476 = CARTESIAN_POINT('',(3.976796569977,-25.));
#4477 = CARTESIAN_POINT('',(3.976796569977,-18.75000000062));
#4478 = CARTESIAN_POINT('',(3.976796569977,-12.49999999999));
#4479 = CARTESIAN_POINT('',(3.976796569977,-6.249999999375));
#4480 = CARTESIAN_POINT('',(3.976796569977,0.));
#4481 = ( GEOMETRIC_REPRESENTATION_CONTEXT(2) 
PARAMETRIC_REPRESENTATION_CONTEXT() REPRESENTATION_CONTEXT('2D SPACE',''
  ) );
#4482 = ADVANCED_FACE('',(#4483),#1254,.F.);
#4483 = FACE_BOUND('',#4484,.F.);
#4484 = EDGE_LOOP('',(#4485,#4506,#4507,#4508));
#4485 = ORIENTED_EDGE('',*,*,#4486,.T.);
#4486 = EDGE_CURVE('',#1065,#2828,#4487,.T.);
#4487 = SURFACE_CURVE('',#4488,(#4492,#4499),.PCURVE_S1.);
#4488 = LINE('',#4489,#4490);
#4489 = CARTESIAN_POINT('',(31.7185,0.,0.));
#4490 = VECTOR('',#4491,1.);
#4491 = DIRECTION('',(0.,0.,1.));
#4492 = PCURVE('',#1254,#4493);
#4493 = DEFINITIONAL_REPRESENTATION('',(#4494),#4498);
#4494 = LINE('',#4495,#4496);
#4495 = CARTESIAN_POINT('',(0.,0.));
#4496 = VECTOR('',#4497,1.);
#4497 = DIRECTION('',(0.,-1.));
#4498 = ( GEOMETRIC_REPRESENTATION_CONTEXT(2) 
PARAMETRIC_REPRESENTATION_CONTEXT() REPRESENTATION_CONTEXT('2D SPACE',''
  ) );
#4499 = PCURVE('',#1176,#4500);
#4500 = DEFINITIONAL_REPRESENTATION('',(#4501),#4505);
#4501 = LINE('',#4502,#4503);
#4502 = CARTESIAN_POINT('',(81.200745244019,0.));
#4503 = VECTOR('',#4504,1.);
#4504 = DIRECTION('',(0.,-1.));
#4505 = ( GEOMETRIC_REPRESENTATION_CONTEXT(2) 
PARAMETRIC_REPRESENTATION_CONTEXT() REPRESENTATION_CONTEXT('2D SPACE',''
  ) );
#4506 = ORIENTED_EDGE('',*,*,#2946,.T.);
#4507 = ORIENTED_EDGE('',*,*,#4426,.F.);
#4508 = ORIENTED_EDGE('',*,*,#1238,.F.);
#4509 = ADVANCED_FACE('',(#4510),#680,.T.);
#4510 = FACE_BOUND('',#4511,.T.);
#4511 = EDGE_LOOP('',(#4512,#4513,#4534,#4535));
#4512 = ORIENTED_EDGE('',*,*,#664,.F.);
#4513 = ORIENTED_EDGE('',*,*,#4514,.T.);
#4514 = EDGE_CURVE('',#665,#2512,#4515,.T.);
#4515 = SURFACE_CURVE('',#4516,(#4520,#4527),.PCURVE_S1.);
#4516 = LINE('',#4517,#4518);
#4517 = CARTESIAN_POINT('',(-28.4273301528,19.930324106239,0.));
#4518 = VECTOR('',#4519,1.);
#4519 = DIRECTION('',(0.,0.,1.));
#4520 = PCURVE('',#680,#4521);
#4521 = DEFINITIONAL_REPRESENTATION('',(#4522),#4526);
#4522 = LINE('',#4523,#4524);
#4523 = CARTESIAN_POINT('',(0.,0.));
#4524 = VECTOR('',#4525,1.);
#4525 = DIRECTION('',(0.,-1.));
#4526 = ( GEOMETRIC_REPRESENTATION_CONTEXT(2) 
PARAMETRIC_REPRESENTATION_CONTEXT() REPRESENTATION_CONTEXT('2D SPACE',''
  ) );
#4527 = PCURVE('',#708,#4528);
#4528 = DEFINITIONAL_REPRESENTATION('',(#4529),#4533);
#4529 = LINE('',#4530,#4531);
#4530 = CARTESIAN_POINT('',(25.164991730933,0.));
#4531 = VECTOR('',#4532,1.);
#4532 = DIRECTION('',(0.,-1.));
#4533 = ( GEOMETRIC_REPRESENTATION_CONTEXT(2) 
PARAMETRIC_REPRESENTATION_CONTEXT() REPRESENTATION_CONTEXT('2D SPACE',''
  ) );
#4534 = ORIENTED_EDGE('',*,*,#2511,.T.);
#4535 = ORIENTED_EDGE('',*,*,#4456,.T.);
#4536 = ADVANCED_FACE('',(#4537),#1176,.F.);
#4537 = FACE_BOUND('',#4538,.F.);
#4538 = EDGE_LOOP('',(#4539,#4560,#4561,#4562));
#4539 = ORIENTED_EDGE('',*,*,#4540,.T.);
#4540 = EDGE_CURVE('',#1037,#2805,#4541,.T.);
#4541 = SURFACE_CURVE('',#4542,(#4546,#4553),.PCURVE_S1.);
#4542 = LINE('',#4543,#4544);
#4543 = CARTESIAN_POINT('',(-29.7804,0.,0.));
#4544 = VECTOR('',#4545,1.);
#4545 = DIRECTION('',(0.,0.,1.));
#4546 = PCURVE('',#1176,#4547);
#4547 = DEFINITIONAL_REPRESENTATION('',(#4548),#4552);
#4548 = LINE('',#4549,#4550);
#4549 = CARTESIAN_POINT('',(0.,0.));
#4550 = VECTOR('',#4551,1.);
#4551 = DIRECTION('',(0.,-1.));
#4552 = ( GEOMETRIC_REPRESENTATION_CONTEXT(2) 
PARAMETRIC_REPRESENTATION_CONTEXT() REPRESENTATION_CONTEXT('2D SPACE',''
  ) );
#4553 = PCURVE('',#1052,#4554);
#4554 = DEFINITIONAL_REPRESENTATION('',(#4555),#4559);
#4555 = LINE('',#4556,#4557);
#4556 = CARTESIAN_POINT('',(12.6212,0.));
#4557 = VECTOR('',#4558,1.);
#4558 = DIRECTION('',(0.,-1.));
#4559 = ( GEOMETRIC_REPRESENTATION_CONTEXT(2) 
PARAMETRIC_REPRESENTATION_CONTEXT() REPRESENTATION_CONTEXT('2D SPACE',''
  ) );
#4560 = ORIENTED_EDGE('',*,*,#2827,.T.);
#4561 = ORIENTED_EDGE('',*,*,#4486,.F.);
#4562 = ORIENTED_EDGE('',*,*,#1064,.F.);
#4563 = ADVANCED_FACE('',(#4564),#708,.T.);
#4564 = FACE_BOUND('',#4565,.T.);
#4565 = EDGE_LOOP('',(#4566,#4567,#4586,#4587));
#4566 = ORIENTED_EDGE('',*,*,#692,.F.);
#4567 = ORIENTED_EDGE('',*,*,#4568,.T.);
#4568 = EDGE_CURVE('',#693,#2535,#4569,.T.);
#4569 = SURFACE_CURVE('',#4570,(#4574,#4580),.PCURVE_S1.);
#4570 = LINE('',#4571,#4572);
#4571 = CARTESIAN_POINT('',(-31.8923667936,28.588751467544,0.));
#4572 = VECTOR('',#4573,1.);
#4573 = DIRECTION('',(0.,0.,1.));
#4574 = PCURVE('',#708,#4575);
#4575 = DEFINITIONAL_REPRESENTATION('',(#4576),#4579);
#4576 = B_SPLINE_CURVE_WITH_KNOTS('',1,(#4577,#4578),.UNSPECIFIED.,.F.,
  .F.,(2,2),(0.,25.),.PIECEWISE_BEZIER_KNOTS.);
#4577 = CARTESIAN_POINT('',(15.838961316383,0.));
#4578 = CARTESIAN_POINT('',(15.838961316383,-25.));
#4579 = ( GEOMETRIC_REPRESENTATION_CONTEXT(2) 
PARAMETRIC_REPRESENTATION_CONTEXT() REPRESENTATION_CONTEXT('2D SPACE',''
  ) );
#4580 = PCURVE('',#736,#4581);
#4581 = DEFINITIONAL_REPRESENTATION('',(#4582),#4585);
#4582 = B_SPLINE_CURVE_WITH_KNOTS('',1,(#4583,#4584),.UNSPECIFIED.,.F.,
  .F.,(2,2),(0.,25.),.PIECEWISE_BEZIER_KNOTS.);
#4583 = CARTESIAN_POINT('',(1.281676294919,0.));
#4584 = CARTESIAN_POINT('',(1.281676294919,-25.));
#4585 = ( GEOMETRIC_REPRESENTATION_CONTEXT(2) 
PARAMETRIC_REPRESENTATION_CONTEXT() REPRESENTATION_CONTEXT('2D SPACE',''
  ) );
#4586 = ORIENTED_EDGE('',*,*,#2534,.T.);
#4587 = ORIENTED_EDGE('',*,*,#4514,.F.);
#4588 = ADVANCED_FACE('',(#4589),#1052,.F.);
#4589 = FACE_BOUND('',#4590,.F.);
#4590 = EDGE_LOOP('',(#4591,#4612,#4613,#4614));
#4591 = ORIENTED_EDGE('',*,*,#4592,.T.);
#4592 = EDGE_CURVE('',#965,#2754,#4593,.T.);
#4593 = SURFACE_CURVE('',#4594,(#4598,#4605),.PCURVE_S1.);
#4594 = LINE('',#4595,#4596);
#4595 = CARTESIAN_POINT('',(-42.4016,0.,0.));
#4596 = VECTOR('',#4597,1.);
#4597 = DIRECTION('',(0.,0.,1.));
#4598 = PCURVE('',#1052,#4599);
#4599 = DEFINITIONAL_REPRESENTATION('',(#4600),#4604);
#4600 = LINE('',#4601,#4602);
#4601 = CARTESIAN_POINT('',(0.,0.));
#4602 = VECTOR('',#4603,1.);
#4603 = DIRECTION('',(0.,-1.));
#4604 = ( GEOMETRIC_REPRESENTATION_CONTEXT(2) 
PARAMETRIC_REPRESENTATION_CONTEXT() REPRESENTATION_CONTEXT('2D SPACE',''
  ) );
#4605 = PCURVE('',#1008,#4606);
#4606 = DEFINITIONAL_REPRESENTATION('',(#4607),#4611);
#4607 = LINE('',#4608,#4609);
#4608 = CARTESIAN_POINT('',(19.285094898952,0.));
#4609 = VECTOR('',#4610,1.);
#4610 = DIRECTION('',(0.,-1.));
#4611 = ( GEOMETRIC_REPRESENTATION_CONTEXT(2) 
PARAMETRIC_REPRESENTATION_CONTEXT() REPRESENTATION_CONTEXT('2D SPACE',''
  ) );
#4612 = ORIENTED_EDGE('',*,*,#2804,.T.);
#4613 = ORIENTED_EDGE('',*,*,#4540,.F.);
#4614 = ORIENTED_EDGE('',*,*,#1036,.F.);
#4615 = ADVANCED_FACE('',(#4616),#736,.F.);
#4616 = FACE_BOUND('',#4617,.F.);
#4617 = EDGE_LOOP('',(#4618,#4619,#4620,#4621));
#4618 = ORIENTED_EDGE('',*,*,#720,.F.);
#4619 = ORIENTED_EDGE('',*,*,#4568,.T.);
#4620 = ORIENTED_EDGE('',*,*,#2557,.T.);
#4621 = ORIENTED_EDGE('',*,*,#4622,.T.);
#4622 = EDGE_CURVE('',#2558,#721,#4623,.T.);
#4623 = SURFACE_CURVE('',#4624,(#4628,#4634),.PCURVE_S1.);
#4624 = LINE('',#4625,#4626);
#4625 = CARTESIAN_POINT('',(-34.10634528182,27.353553902716,0.));
#4626 = VECTOR('',#4627,1.);
#4627 = DIRECTION('',(0.,-0.,-1.));
#4628 = PCURVE('',#736,#4629);
#4629 = DEFINITIONAL_REPRESENTATION('',(#4630),#4633);
#4630 = B_SPLINE_CURVE_WITH_KNOTS('',1,(#4631,#4632),.UNSPECIFIED.,.F.,
  .F.,(2,2),(-25.,0.),.PIECEWISE_BEZIER_KNOTS.);
#4631 = CARTESIAN_POINT('',(3.816910755561,-25.));
#4632 = CARTESIAN_POINT('',(3.816910755561,0.));
#4633 = ( GEOMETRIC_REPRESENTATION_CONTEXT(2) 
PARAMETRIC_REPRESENTATION_CONTEXT() REPRESENTATION_CONTEXT('2D SPACE',''
  ) );
#4634 = PCURVE('',#764,#4635);
#4635 = DEFINITIONAL_REPRESENTATION('',(#4636),#4639);
#4636 = B_SPLINE_CURVE_WITH_KNOTS('',1,(#4637,#4638),.UNSPECIFIED.,.F.,
  .F.,(2,2),(-25.,0.),.PIECEWISE_BEZIER_KNOTS.);
#4637 = CARTESIAN_POINT('',(9.06456416815,-25.));
#4638 = CARTESIAN_POINT('',(9.06456416815,0.));
#4639 = ( GEOMETRIC_REPRESENTATION_CONTEXT(2) 
PARAMETRIC_REPRESENTATION_CONTEXT() REPRESENTATION_CONTEXT('2D SPACE',''
  ) );
#4640 = ADVANCED_FACE('',(#4641),#1008,.F.);
#4641 = FACE_BOUND('',#4642,.F.);
#4642 = EDGE_LOOP('',(#4643,#4664,#4665,#4666));
#4643 = ORIENTED_EDGE('',*,*,#4644,.T.);
#4644 = EDGE_CURVE('',#937,#2731,#4645,.T.);
#4645 = SURFACE_CURVE('',#4646,(#4650,#4657),.PCURVE_S1.);
#4646 = LINE('',#4647,#4648);
#4647 = CARTESIAN_POINT('',(-47.885,17.1119,0.));
#4648 = VECTOR('',#4649,1.);
#4649 = DIRECTION('',(0.,0.,1.));
#4650 = PCURVE('',#1008,#4651);
#4651 = DEFINITIONAL_REPRESENTATION('',(#4652),#4656);
#4652 = LINE('',#4653,#4654);
#4653 = CARTESIAN_POINT('',(0.,0.));
#4654 = VECTOR('',#4655,1.);
#4655 = DIRECTION('',(0.,-1.));
#4656 = ( GEOMETRIC_REPRESENTATION_CONTEXT(2) 
PARAMETRIC_REPRESENTATION_CONTEXT() REPRESENTATION_CONTEXT('2D SPACE',''
  ) );
#4657 = PCURVE('',#952,#4658);
#4658 = DEFINITIONAL_REPRESENTATION('',(#4659),#4663);
#4659 = LINE('',#4660,#4661);
#4660 = CARTESIAN_POINT('',(3.851017918681,0.));
#4661 = VECTOR('',#4662,1.);
#4662 = DIRECTION('',(0.,-1.));
#4663 = ( GEOMETRIC_REPRESENTATION_CONTEXT(2) 
PARAMETRIC_REPRESENTATION_CONTEXT() REPRESENTATION_CONTEXT('2D SPACE',''
  ) );
#4664 = ORIENTED_EDGE('',*,*,#2753,.T.);
#4665 = ORIENTED_EDGE('',*,*,#4592,.F.);
#4666 = ORIENTED_EDGE('',*,*,#964,.F.);
#4667 = ADVANCED_FACE('',(#4668),#764,.T.);
#4668 = FACE_BOUND('',#4669,.T.);
#4669 = EDGE_LOOP('',(#4670,#4671,#4692,#4693));
#4670 = ORIENTED_EDGE('',*,*,#748,.F.);
#4671 = ORIENTED_EDGE('',*,*,#4672,.T.);
#4672 = EDGE_CURVE('',#749,#2581,#4673,.T.);
#4673 = SURFACE_CURVE('',#4674,(#4678,#4685),.PCURVE_S1.);
#4674 = LINE('',#4675,#4676);
#4675 = CARTESIAN_POINT('',(-28.9062714048,19.928895309075,0.));
#4676 = VECTOR('',#4677,1.);
#4677 = DIRECTION('',(0.,0.,1.));
#4678 = PCURVE('',#764,#4679);
#4679 = DEFINITIONAL_REPRESENTATION('',(#4680),#4684);
#4680 = LINE('',#4681,#4682);
#4681 = CARTESIAN_POINT('',(0.,0.));
#4682 = VECTOR('',#4683,1.);
#4683 = DIRECTION('',(0.,-1.));
#4684 = ( GEOMETRIC_REPRESENTATION_CONTEXT(2) 
PARAMETRIC_REPRESENTATION_CONTEXT() REPRESENTATION_CONTEXT('2D SPACE',''
  ) );
#4685 = PCURVE('',#792,#4686);
#4686 = DEFINITIONAL_REPRESENTATION('',(#4687),#4691);
#4687 = LINE('',#4688,#4689);
#4688 = CARTESIAN_POINT('',(14.6,0.));
#4689 = VECTOR('',#4690,1.);
#4690 = DIRECTION('',(0.,-1.));
#4691 = ( GEOMETRIC_REPRESENTATION_CONTEXT(2) 
PARAMETRIC_REPRESENTATION_CONTEXT() REPRESENTATION_CONTEXT('2D SPACE',''
  ) );
#4692 = ORIENTED_EDGE('',*,*,#2580,.T.);
#4693 = ORIENTED_EDGE('',*,*,#4622,.T.);
#4694 = ADVANCED_FACE('',(#4695),#952,.F.);
#4695 = FACE_BOUND('',#4696,.F.);
#4696 = EDGE_LOOP('',(#4697,#4698,#4717,#4718));
#4697 = ORIENTED_EDGE('',*,*,#936,.F.);
#4698 = ORIENTED_EDGE('',*,*,#4699,.T.);
#4699 = EDGE_CURVE('',#909,#2708,#4700,.T.);
#4700 = SURFACE_CURVE('',#4701,(#4705,#4711),.PCURVE_S1.);
#4701 = LINE('',#4702,#4703);
#4702 = CARTESIAN_POINT('',(-45.95479174643,18.820604556289,0.));
#4703 = VECTOR('',#4704,1.);
#4704 = DIRECTION('',(0.,0.,1.));
#4705 = PCURVE('',#952,#4706);
#4706 = DEFINITIONAL_REPRESENTATION('',(#4707),#4710);
#4707 = B_SPLINE_CURVE_WITH_KNOTS('',1,(#4708,#4709),.UNSPECIFIED.,.F.,
  .F.,(2,2),(0.,25.),.PIECEWISE_BEZIER_KNOTS.);
#4708 = CARTESIAN_POINT('',(1.273155400464,0.));
#4709 = CARTESIAN_POINT('',(1.273155400464,-25.));
#4710 = ( GEOMETRIC_REPRESENTATION_CONTEXT(2) 
PARAMETRIC_REPRESENTATION_CONTEXT() REPRESENTATION_CONTEXT('2D SPACE',''
  ) );
#4711 = PCURVE('',#924,#4712);
#4712 = DEFINITIONAL_REPRESENTATION('',(#4713),#4716);
#4713 = B_SPLINE_CURVE_WITH_KNOTS('',1,(#4714,#4715),.UNSPECIFIED.,.F.,
  .F.,(2,2),(0.,25.),.PIECEWISE_BEZIER_KNOTS.);
#4714 = CARTESIAN_POINT('',(16.064428141211,0.));
#4715 = CARTESIAN_POINT('',(16.064428141211,-25.));
#4716 = ( GEOMETRIC_REPRESENTATION_CONTEXT(2) 
PARAMETRIC_REPRESENTATION_CONTEXT() REPRESENTATION_CONTEXT('2D SPACE',''
  ) );
#4717 = ORIENTED_EDGE('',*,*,#2730,.T.);
#4718 = ORIENTED_EDGE('',*,*,#4644,.F.);
#4719 = ADVANCED_FACE('',(#4720),#792,.T.);
#4720 = FACE_BOUND('',#4721,.T.);
#4721 = EDGE_LOOP('',(#4722,#4723,#4742,#4743));
#4722 = ORIENTED_EDGE('',*,*,#776,.F.);
#4723 = ORIENTED_EDGE('',*,*,#4724,.T.);
#4724 = EDGE_CURVE('',#777,#2604,#4725,.T.);
#4725 = SURFACE_CURVE('',#4726,(#4730,#4736),.PCURVE_S1.);
#4726 = LINE('',#4727,#4728);
#4727 = CARTESIAN_POINT('',(-34.87652090845,15.747458803729,0.));
#4728 = VECTOR('',#4729,1.);
#4729 = DIRECTION('',(-0.,-0.,1.));
#4730 = PCURVE('',#792,#4731);
#4731 = DEFINITIONAL_REPRESENTATION('',(#4732),#4735);
#4732 = B_SPLINE_CURVE_WITH_KNOTS('',1,(#4733,#4734),.UNSPECIFIED.,.F.,
  .F.,(2,2),(0.,25.),.PIECEWISE_BEZIER_KNOTS.);
#4733 = CARTESIAN_POINT('',(7.311084416453,0.));
#4734 = CARTESIAN_POINT('',(7.311084416453,-25.));
#4735 = ( GEOMETRIC_REPRESENTATION_CONTEXT(2) 
PARAMETRIC_REPRESENTATION_CONTEXT() REPRESENTATION_CONTEXT('2D SPACE',''
  ) );
#4736 = PCURVE('',#820,#4737);
#4737 = DEFINITIONAL_REPRESENTATION('',(#4738),#4741);
#4738 = B_SPLINE_CURVE_WITH_KNOTS('',1,(#4739,#4740),.UNSPECIFIED.,.F.,
  .F.,(2,2),(0.,25.),.PIECEWISE_BEZIER_KNOTS.);
#4739 = CARTESIAN_POINT('',(2.939803580836,0.));
#4740 = CARTESIAN_POINT('',(2.939803580836,-25.));
#4741 = ( GEOMETRIC_REPRESENTATION_CONTEXT(2) 
PARAMETRIC_REPRESENTATION_CONTEXT() REPRESENTATION_CONTEXT('2D SPACE',''
  ) );
#4742 = ORIENTED_EDGE('',*,*,#2603,.T.);
#4743 = ORIENTED_EDGE('',*,*,#4672,.F.);
#4744 = ADVANCED_FACE('',(#4745),#924,.T.);
#4745 = FACE_BOUND('',#4746,.T.);
#4746 = EDGE_LOOP('',(#4747,#4748,#4749,#4750));
#4747 = ORIENTED_EDGE('',*,*,#908,.F.);
#4748 = ORIENTED_EDGE('',*,*,#4699,.T.);
#4749 = ORIENTED_EDGE('',*,*,#2707,.T.);
#4750 = ORIENTED_EDGE('',*,*,#4751,.F.);
#4751 = EDGE_CURVE('',#881,#2685,#4752,.T.);
#4752 = SURFACE_CURVE('',#4753,(#4757,#4764),.PCURVE_S1.);
#4753 = LINE('',#4754,#4755);
#4754 = CARTESIAN_POINT('',(-40.86492859519,11.553304690925,0.));
#4755 = VECTOR('',#4756,1.);
#4756 = DIRECTION('',(0.,0.,1.));
#4757 = PCURVE('',#924,#4758);
#4758 = DEFINITIONAL_REPRESENTATION('',(#4759),#4763);
#4759 = LINE('',#4760,#4761);
#4760 = CARTESIAN_POINT('',(24.936877308801,0.));
#4761 = VECTOR('',#4762,1.);
#4762 = DIRECTION('',(0.,-1.));
#4763 = ( GEOMETRIC_REPRESENTATION_CONTEXT(2) 
PARAMETRIC_REPRESENTATION_CONTEXT() REPRESENTATION_CONTEXT('2D SPACE',''
  ) );
#4764 = PCURVE('',#896,#4765);
#4765 = DEFINITIONAL_REPRESENTATION('',(#4766),#4770);
#4766 = LINE('',#4767,#4768);
#4767 = CARTESIAN_POINT('',(0.,0.));
#4768 = VECTOR('',#4769,1.);
#4769 = DIRECTION('',(0.,-1.));
#4770 = ( GEOMETRIC_REPRESENTATION_CONTEXT(2) 
PARAMETRIC_REPRESENTATION_CONTEXT() REPRESENTATION_CONTEXT('2D SPACE',''
  ) );
#4771 = ADVANCED_FACE('',(#4772),#820,.F.);
#4772 = FACE_BOUND('',#4773,.F.);
#4773 = EDGE_LOOP('',(#4774,#4775,#4776,#4777));
#4774 = ORIENTED_EDGE('',*,*,#804,.F.);
#4775 = ORIENTED_EDGE('',*,*,#4724,.T.);
#4776 = ORIENTED_EDGE('',*,*,#2626,.T.);
#4777 = ORIENTED_EDGE('',*,*,#4778,.F.);
#4778 = EDGE_CURVE('',#805,#2627,#4779,.T.);
#4779 = SURFACE_CURVE('',#4780,(#4784,#4791),.PCURVE_S1.);
#4780 = LINE('',#4781,#4782);
#4781 = CARTESIAN_POINT('',(-37.2964,14.0393,0.));
#4782 = VECTOR('',#4783,1.);
#4783 = DIRECTION('',(0.,0.,1.));
#4784 = PCURVE('',#820,#4785);
#4785 = DEFINITIONAL_REPRESENTATION('',(#4786),#4790);
#4786 = LINE('',#4787,#4788);
#4787 = CARTESIAN_POINT('',(5.901833512562,0.));
#4788 = VECTOR('',#4789,1.);
#4789 = DIRECTION('',(0.,-1.));
#4790 = ( GEOMETRIC_REPRESENTATION_CONTEXT(2) 
PARAMETRIC_REPRESENTATION_CONTEXT() REPRESENTATION_CONTEXT('2D SPACE',''
  ) );
#4791 = PCURVE('',#860,#4792);
#4792 = DEFINITIONAL_REPRESENTATION('',(#4793),#4797);
#4793 = LINE('',#4794,#4795);
#4794 = CARTESIAN_POINT('',(0.,0.));
#4795 = VECTOR('',#4796,1.);
#4796 = DIRECTION('',(0.,-1.));
#4797 = ( GEOMETRIC_REPRESENTATION_CONTEXT(2) 
PARAMETRIC_REPRESENTATION_CONTEXT() REPRESENTATION_CONTEXT('2D SPACE',''
  ) );
#4798 = ADVANCED_FACE('',(#4799),#896,.T.);
#4799 = FACE_BOUND('',#4800,.T.);
#4800 = EDGE_LOOP('',(#4801,#4802,#4803,#4804));
#4801 = ORIENTED_EDGE('',*,*,#880,.F.);
#4802 = ORIENTED_EDGE('',*,*,#4751,.T.);
#4803 = ORIENTED_EDGE('',*,*,#2684,.T.);
#4804 = ORIENTED_EDGE('',*,*,#4805,.T.);
#4805 = EDGE_CURVE('',#2650,#833,#4806,.T.);
#4806 = SURFACE_CURVE('',#4807,(#4813,#4822),.PCURVE_S1.);
#4807 = B_SPLINE_CURVE_WITH_KNOTS('',4,(#4808,#4809,#4810,#4811,#4812),
  .UNSPECIFIED.,.F.,.F.,(5,5),(0.,1.),.PIECEWISE_BEZIER_KNOTS.);
#4808 = CARTESIAN_POINT('',(-37.43035694323,13.958806048436,25.));
#4809 = CARTESIAN_POINT('',(-37.43035694323,13.958806048436,
    18.750000000625));
#4810 = CARTESIAN_POINT('',(-37.43035694323,13.958806048435,
    12.499999999997));
#4811 = CARTESIAN_POINT('',(-37.43035694323,13.958806048436,
    6.249999999375));
#4812 = CARTESIAN_POINT('',(-37.43035694323,13.958806048436,0.));
#4813 = PCURVE('',#896,#4814);
#4814 = DEFINITIONAL_REPRESENTATION('',(#4815),#4821);
#4815 = B_SPLINE_CURVE_WITH_KNOTS('',4,(#4816,#4817,#4818,#4819,#4820),
  .UNSPECIFIED.,.F.,.F.,(5,5),(0.,1.),.PIECEWISE_BEZIER_KNOTS.);
#4816 = CARTESIAN_POINT('',(4.193175313935,-25.));
#4817 = CARTESIAN_POINT('',(4.193175313935,-18.75000000062));
#4818 = CARTESIAN_POINT('',(4.193175313935,-12.49999999999));
#4819 = CARTESIAN_POINT('',(4.193175313935,-6.249999999375));
#4820 = CARTESIAN_POINT('',(4.193175313935,0.));
#4821 = ( GEOMETRIC_REPRESENTATION_CONTEXT(2) 
PARAMETRIC_REPRESENTATION_CONTEXT() REPRESENTATION_CONTEXT('2D SPACE',''
  ) );
#4822 = PCURVE('',#860,#4823);
#4823 = DEFINITIONAL_REPRESENTATION('',(#4824),#4830);
#4824 = B_SPLINE_CURVE_WITH_KNOTS('',4,(#4825,#4826,#4827,#4828,#4829),
  .UNSPECIFIED.,.F.,.F.,(5,5),(0.,1.),.PIECEWISE_BEZIER_KNOTS.);
#4825 = CARTESIAN_POINT('',(0.157292568129,-24.9999999975));
#4826 = CARTESIAN_POINT('',(0.157292568129,-18.74999999812));
#4827 = CARTESIAN_POINT('',(0.157292568129,-12.5));
#4828 = CARTESIAN_POINT('',(0.157292568129,-6.250000001875));
#4829 = CARTESIAN_POINT('',(0.157292568129,-2.499938034362E-09));
#4830 = ( GEOMETRIC_REPRESENTATION_CONTEXT(2) 
PARAMETRIC_REPRESENTATION_CONTEXT() REPRESENTATION_CONTEXT('2D SPACE',''
  ) );
#4831 = ADVANCED_FACE('',(#4832),#860,.F.);
#4832 = FACE_BOUND('',#4833,.F.);
#4833 = EDGE_LOOP('',(#4834,#4835,#4836,#4837));
#4834 = ORIENTED_EDGE('',*,*,#832,.F.);
#4835 = ORIENTED_EDGE('',*,*,#4778,.T.);
#4836 = ORIENTED_EDGE('',*,*,#2649,.T.);
#4837 = ORIENTED_EDGE('',*,*,#4805,.T.);
#4838 = ADVANCED_FACE('',(#4839),#1855,.F.);
#4839 = FACE_BOUND('',#4840,.T.);
#4840 = EDGE_LOOP('',(#4841,#4862,#4863,#4864));
#4841 = ORIENTED_EDGE('',*,*,#4842,.T.);
#4842 = EDGE_CURVE('',#1839,#3414,#4843,.T.);
#4843 = SEAM_CURVE('',#4844,(#4848,#4855),.PCURVE_S1.);
#4844 = LINE('',#4845,#4846);
#4845 = CARTESIAN_POINT('',(-37.0483,8.5323,0.));
#4846 = VECTOR('',#4847,1.);
#4847 = DIRECTION('',(0.,0.,1.));
#4848 = PCURVE('',#1855,#4849);
#4849 = DEFINITIONAL_REPRESENTATION('',(#4850),#4854);
#4850 = LINE('',#4851,#4852);
#4851 = CARTESIAN_POINT('',(-0.,0.));
#4852 = VECTOR('',#4853,1.);
#4853 = DIRECTION('',(-0.,-1.));
#4854 = ( GEOMETRIC_REPRESENTATION_CONTEXT(2) 
PARAMETRIC_REPRESENTATION_CONTEXT() REPRESENTATION_CONTEXT('2D SPACE',''
  ) );
#4855 = PCURVE('',#1855,#4856);
#4856 = DEFINITIONAL_REPRESENTATION('',(#4857),#4861);
#4857 = LINE('',#4858,#4859);
#4858 = CARTESIAN_POINT('',(-6.28318530718,0.));
#4859 = VECTOR('',#4860,1.);
#4860 = DIRECTION('',(-0.,-1.));
#4861 = ( GEOMETRIC_REPRESENTATION_CONTEXT(2) 
PARAMETRIC_REPRESENTATION_CONTEXT() REPRESENTATION_CONTEXT('2D SPACE',''
  ) );
#4862 = ORIENTED_EDGE('',*,*,#3413,.T.);
#4863 = ORIENTED_EDGE('',*,*,#4842,.F.);
#4864 = ORIENTED_EDGE('',*,*,#1838,.F.);
#4865 = ADVANCED_FACE('',(#4866),#1886,.F.);
#4866 = FACE_BOUND('',#4867,.T.);
#4867 = EDGE_LOOP('',(#4868,#4889,#4890,#4891));
#4868 = ORIENTED_EDGE('',*,*,#4869,.T.);
#4869 = EDGE_CURVE('',#1870,#3440,#4870,.T.);
#4870 = SEAM_CURVE('',#4871,(#4875,#4882),.PCURVE_S1.);
#4871 = LINE('',#4872,#4873);
#4872 = CARTESIAN_POINT('',(41.4207,11.3213,0.));
#4873 = VECTOR('',#4874,1.);
#4874 = DIRECTION('',(0.,0.,1.));
#4875 = PCURVE('',#1886,#4876);
#4876 = DEFINITIONAL_REPRESENTATION('',(#4877),#4881);
#4877 = LINE('',#4878,#4879);
#4878 = CARTESIAN_POINT('',(-0.,0.));
#4879 = VECTOR('',#4880,1.);
#4880 = DIRECTION('',(-0.,-1.));
#4881 = ( GEOMETRIC_REPRESENTATION_CONTEXT(2) 
PARAMETRIC_REPRESENTATION_CONTEXT() REPRESENTATION_CONTEXT('2D SPACE',''
  ) );
#4882 = PCURVE('',#1886,#4883);
#4883 = DEFINITIONAL_REPRESENTATION('',(#4884),#4888);
#4884 = LINE('',#4885,#4886);
#4885 = CARTESIAN_POINT('',(-6.28318530718,0.));
#4886 = VECTOR('',#4887,1.);
#4887 = DIRECTION('',(-0.,-1.));
#4888 = ( GEOMETRIC_REPRESENTATION_CONTEXT(2) 
PARAMETRIC_REPRESENTATION_CONTEXT() REPRESENTATION_CONTEXT('2D SPACE',''
  ) );
#4889 = ORIENTED_EDGE('',*,*,#3439,.T.);
#4890 = ORIENTED_EDGE('',*,*,#4869,.F.);
#4891 = ORIENTED_EDGE('',*,*,#1869,.F.);
#4892 = ADVANCED_FACE('',(#4893),#1917,.F.);
#4893 = FACE_BOUND('',#4894,.T.);
#4894 = EDGE_LOOP('',(#4895,#4916,#4917,#4918));
#4895 = ORIENTED_EDGE('',*,*,#4896,.T.);
#4896 = EDGE_CURVE('',#1901,#3466,#4897,.T.);
#4897 = SEAM_CURVE('',#4898,(#4902,#4909),.PCURVE_S1.);
#4898 = LINE('',#4899,#4900);
#4899 = CARTESIAN_POINT('',(-25.2898,16.7574,0.));
#4900 = VECTOR('',#4901,1.);
#4901 = DIRECTION('',(0.,0.,1.));
#4902 = PCURVE('',#1917,#4903);
#4903 = DEFINITIONAL_REPRESENTATION('',(#4904),#4908);
#4904 = LINE('',#4905,#4906);
#4905 = CARTESIAN_POINT('',(-0.,0.));
#4906 = VECTOR('',#4907,1.);
#4907 = DIRECTION('',(-0.,-1.));
#4908 = ( GEOMETRIC_REPRESENTATION_CONTEXT(2) 
PARAMETRIC_REPRESENTATION_CONTEXT() REPRESENTATION_CONTEXT('2D SPACE',''
  ) );
#4909 = PCURVE('',#1917,#4910);
#4910 = DEFINITIONAL_REPRESENTATION('',(#4911),#4915);
#4911 = LINE('',#4912,#4913);
#4912 = CARTESIAN_POINT('',(-6.28318530718,0.));
#4913 = VECTOR('',#4914,1.);
#4914 = DIRECTION('',(-0.,-1.));
#4915 = ( GEOMETRIC_REPRESENTATION_CONTEXT(2) 
PARAMETRIC_REPRESENTATION_CONTEXT() REPRESENTATION_CONTEXT('2D SPACE',''
  ) );
#4916 = ORIENTED_EDGE('',*,*,#3465,.T.);
#4917 = ORIENTED_EDGE('',*,*,#4896,.F.);
#4918 = ORIENTED_EDGE('',*,*,#1900,.F.);
#4919 = ADVANCED_FACE('',(#4920),#1948,.F.);
#4920 = FACE_BOUND('',#4921,.T.);
#4921 = EDGE_LOOP('',(#4922,#4943,#4944,#4945));
#4922 = ORIENTED_EDGE('',*,*,#4923,.T.);
#4923 = EDGE_CURVE('',#1932,#3492,#4924,.T.);
#4924 = SEAM_CURVE('',#4925,(#4929,#4936),.PCURVE_S1.);
#4925 = LINE('',#4926,#4927);
#4926 = CARTESIAN_POINT('',(-12.1013,21.9808,0.));
#4927 = VECTOR('',#4928,1.);
#4928 = DIRECTION('',(0.,0.,1.));
#4929 = PCURVE('',#1948,#4930);
#4930 = DEFINITIONAL_REPRESENTATION('',(#4931),#4935);
#4931 = LINE('',#4932,#4933);
#4932 = CARTESIAN_POINT('',(-0.,0.));
#4933 = VECTOR('',#4934,1.);
#4934 = DIRECTION('',(-0.,-1.));
#4935 = ( GEOMETRIC_REPRESENTATION_CONTEXT(2) 
PARAMETRIC_REPRESENTATION_CONTEXT() REPRESENTATION_CONTEXT('2D SPACE',''
  ) );
#4936 = PCURVE('',#1948,#4937);
#4937 = DEFINITIONAL_REPRESENTATION('',(#4938),#4942);
#4938 = LINE('',#4939,#4940);
#4939 = CARTESIAN_POINT('',(-6.28318530718,0.));
#4940 = VECTOR('',#4941,1.);
#4941 = DIRECTION('',(-0.,-1.));
#4942 = ( GEOMETRIC_REPRESENTATION_CONTEXT(2) 
PARAMETRIC_REPRESENTATION_CONTEXT() REPRESENTATION_CONTEXT('2D SPACE',''
  ) );
#4943 = ORIENTED_EDGE('',*,*,#3491,.T.);
#4944 = ORIENTED_EDGE('',*,*,#4923,.F.);
#4945 = ORIENTED_EDGE('',*,*,#1931,.F.);
#4946 = ADVANCED_FACE('',(#4947),#1979,.F.);
#4947 = FACE_BOUND('',#4948,.T.);
#4948 = EDGE_LOOP('',(#4949,#4970,#4971,#4972));
#4949 = ORIENTED_EDGE('',*,*,#4950,.T.);
#4950 = EDGE_CURVE('',#1963,#3518,#4951,.T.);
#4951 = SEAM_CURVE('',#4952,(#4956,#4963),.PCURVE_S1.);
#4952 = LINE('',#4953,#4954);
#4953 = CARTESIAN_POINT('',(1.749,24.037,0.));
#4954 = VECTOR('',#4955,1.);
#4955 = DIRECTION('',(0.,0.,1.));
#4956 = PCURVE('',#1979,#4957);
#4957 = DEFINITIONAL_REPRESENTATION('',(#4958),#4962);
#4958 = LINE('',#4959,#4960);
#4959 = CARTESIAN_POINT('',(-0.,0.));
#4960 = VECTOR('',#4961,1.);
#4961 = DIRECTION('',(-0.,-1.));
#4962 = ( GEOMETRIC_REPRESENTATION_CONTEXT(2) 
PARAMETRIC_REPRESENTATION_CONTEXT() REPRESENTATION_CONTEXT('2D SPACE',''
  ) );
#4963 = PCURVE('',#1979,#4964);
#4964 = DEFINITIONAL_REPRESENTATION('',(#4965),#4969);
#4965 = LINE('',#4966,#4967);
#4966 = CARTESIAN_POINT('',(-6.28318530718,0.));
#4967 = VECTOR('',#4968,1.);
#4968 = DIRECTION('',(-0.,-1.));
#4969 = ( GEOMETRIC_REPRESENTATION_CONTEXT(2) 
PARAMETRIC_REPRESENTATION_CONTEXT() REPRESENTATION_CONTEXT('2D SPACE',''
  ) );
#4970 = ORIENTED_EDGE('',*,*,#3517,.T.);
#4971 = ORIENTED_EDGE('',*,*,#4950,.F.);
#4972 = ORIENTED_EDGE('',*,*,#1962,.F.);
#4973 = ADVANCED_FACE('',(#4974),#2010,.F.);
#4974 = FACE_BOUND('',#4975,.T.);
#4975 = EDGE_LOOP('',(#4976,#4997,#4998,#4999));
#4976 = ORIENTED_EDGE('',*,*,#4977,.T.);
#4977 = EDGE_CURVE('',#1994,#3544,#4978,.T.);
#4978 = SEAM_CURVE('',#4979,(#4983,#4990),.PCURVE_S1.);
#4979 = LINE('',#4980,#4981);
#4980 = CARTESIAN_POINT('',(29.3431,18.5773,0.));
#4981 = VECTOR('',#4982,1.);
#4982 = DIRECTION('',(0.,0.,1.));
#4983 = PCURVE('',#2010,#4984);
#4984 = DEFINITIONAL_REPRESENTATION('',(#4985),#4989);
#4985 = LINE('',#4986,#4987);
#4986 = CARTESIAN_POINT('',(-0.,0.));
#4987 = VECTOR('',#4988,1.);
#4988 = DIRECTION('',(-0.,-1.));
#4989 = ( GEOMETRIC_REPRESENTATION_CONTEXT(2) 
PARAMETRIC_REPRESENTATION_CONTEXT() REPRESENTATION_CONTEXT('2D SPACE',''
  ) );
#4990 = PCURVE('',#2010,#4991);
#4991 = DEFINITIONAL_REPRESENTATION('',(#4992),#4996);
#4992 = LINE('',#4993,#4994);
#4993 = CARTESIAN_POINT('',(-6.28318530718,0.));
#4994 = VECTOR('',#4995,1.);
#4995 = DIRECTION('',(-0.,-1.));
#4996 = ( GEOMETRIC_REPRESENTATION_CONTEXT(2) 
PARAMETRIC_REPRESENTATION_CONTEXT() REPRESENTATION_CONTEXT('2D SPACE',''
  ) );
#4997 = ORIENTED_EDGE('',*,*,#3543,.T.);
#4998 = ORIENTED_EDGE('',*,*,#4977,.F.);
#4999 = ORIENTED_EDGE('',*,*,#1993,.F.);
#5000 = ADVANCED_FACE('',(#5001),#2041,.F.);
#5001 = FACE_BOUND('',#5002,.T.);
#5002 = EDGE_LOOP('',(#5003,#5024,#5025,#5026));
#5003 = ORIENTED_EDGE('',*,*,#5004,.T.);
#5004 = EDGE_CURVE('',#2025,#3570,#5005,.T.);
#5005 = SEAM_CURVE('',#5006,(#5010,#5017),.PCURVE_S1.);
#5006 = LINE('',#5007,#5008);
#5007 = CARTESIAN_POINT('',(15.8828,22.9025,0.));
#5008 = VECTOR('',#5009,1.);
#5009 = DIRECTION('',(0.,0.,1.));
#5010 = PCURVE('',#2041,#5011);
#5011 = DEFINITIONAL_REPRESENTATION('',(#5012),#5016);
#5012 = LINE('',#5013,#5014);
#5013 = CARTESIAN_POINT('',(-0.,0.));
#5014 = VECTOR('',#5015,1.);
#5015 = DIRECTION('',(-0.,-1.));
#5016 = ( GEOMETRIC_REPRESENTATION_CONTEXT(2) 
PARAMETRIC_REPRESENTATION_CONTEXT() REPRESENTATION_CONTEXT('2D SPACE',''
  ) );
#5017 = PCURVE('',#2041,#5018);
#5018 = DEFINITIONAL_REPRESENTATION('',(#5019),#5023);
#5019 = LINE('',#5020,#5021);
#5020 = CARTESIAN_POINT('',(-6.28318530718,0.));
#5021 = VECTOR('',#5022,1.);
#5022 = DIRECTION('',(-0.,-1.));
#5023 = ( GEOMETRIC_REPRESENTATION_CONTEXT(2) 
PARAMETRIC_REPRESENTATION_CONTEXT() REPRESENTATION_CONTEXT('2D SPACE',''
  ) );
#5024 = ORIENTED_EDGE('',*,*,#3569,.T.);
#5025 = ORIENTED_EDGE('',*,*,#5004,.F.);
#5026 = ORIENTED_EDGE('',*,*,#2024,.F.);
#5027 = ( GEOMETRIC_REPRESENTATION_CONTEXT(3) 
GLOBAL_UNCERTAINTY_ASSIGNED_CONTEXT((#5031)) 
GLOBAL_UNIT_ASSIGNED_CONTEXT((#5028,#5029,#5030)) REPRESENTATION_CONTEXT
('Context #1','3D Context with UNIT and UNCERTAINTY') );
#5028 = ( LENGTH_UNIT() NAMED_UNIT(*) SI_UNIT(.MILLI.,.METRE.) );
#5029 = ( NAMED_UNIT(*) PLANE_ANGLE_UNIT() SI_UNIT($,.RADIAN.) );
#5030 = ( NAMED_UNIT(*) SI_UNIT($,.STERADIAN.) SOLID_ANGLE_UNIT() );
#5031 = UNCERTAINTY_MEASURE_WITH_UNIT(LENGTH_MEASURE(5.E-07),#5028,
  'distance_accuracy_value','confusion accuracy');
#5032 = PRODUCT_RELATED_PRODUCT_CATEGORY('part',$,(#7));
ENDSEC;
END-ISO-10303-21;
