ISO-10303-21;
HEADER;
FILE_DESCRIPTION(('Open CASCADE Model'),'2;1');
FILE_NAME('Open CASCADE Shape Model','2026-07-30T07:20:25',('Author'),(
    'Open CASCADE'),'Open CASCADE STEP processor 7.9','Open CASCADE 7.9'
  ,'Unknown');
FILE_SCHEMA(('AUTOMOTIVE_DESIGN { 1 0 10303 214 1 1 1 1 }'));
ENDSEC;
DATA;
#1 = APPLICATION_PROTOCOL_DEFINITION('international standard',
  'automotive_design',2000,#2);
#2 = APPLICATION_CONTEXT(
  'core data for automotive mechanical design processes');
#3 = SHAPE_DEFINITION_REPRESENTATION(#4,#10);
#4 = PRODUCT_DEFINITION_SHAPE('','',#5);
#5 = PRODUCT_DEFINITION('design','',#6,#9);
#6 = PRODUCT_DEFINITION_FORMATION('','',#7);
#7 = PRODUCT('violet_bridge','violet_bridge','',(#8));
#8 = PRODUCT_CONTEXT('',#2,'mechanical');
#9 = PRODUCT_DEFINITION_CONTEXT('part definition',#2,'design');
#10 = SHAPE_REPRESENTATION('',(#11,#15,#19),#23);
#11 = AXIS2_PLACEMENT_3D('',#12,#13,#14);
#12 = CARTESIAN_POINT('',(0.,0.,0.));
#13 = DIRECTION('',(0.,0.,1.));
#14 = DIRECTION('',(1.,0.,-0.));
#15 = AXIS2_PLACEMENT_3D('',#16,#17,#18);
#16 = CARTESIAN_POINT('',(0.,0.,0.));
#17 = DIRECTION('',(0.,0.,1.));
#18 = DIRECTION('',(1.,0.,-0.));
#19 = AXIS2_PLACEMENT_3D('',#20,#21,#22);
#20 = CARTESIAN_POINT('',(0.,0.,0.));
#21 = DIRECTION('',(0.,0.,1.));
#22 = DIRECTION('',(1.,0.,-0.));
#23 = ( GEOMETRIC_REPRESENTATION_CONTEXT(3) 
GLOBAL_UNCERTAINTY_ASSIGNED_CONTEXT((#27)) GLOBAL_UNIT_ASSIGNED_CONTEXT(
(#24,#25,#26)) REPRESENTATION_CONTEXT('Context #1',
  '3D Context with UNIT and UNCERTAINTY') );
#24 = ( LENGTH_UNIT() NAMED_UNIT(*) SI_UNIT(.MILLI.,.METRE.) );
#25 = ( NAMED_UNIT(*) PLANE_ANGLE_UNIT() SI_UNIT($,.RADIAN.) );
#26 = ( NAMED_UNIT(*) SI_UNIT($,.STERADIAN.) SOLID_ANGLE_UNIT() );
#27 = UNCERTAINTY_MEASURE_WITH_UNIT(LENGTH_MEASURE(1.E-07),#24,
  'distance_accuracy_value','confusion accuracy');
#28 = PRODUCT_RELATED_PRODUCT_CATEGORY('part',$,(#7));
#29 = SHAPE_DEFINITION_REPRESENTATION(#30,#36);
#30 = PRODUCT_DEFINITION_SHAPE('','',#31);
#31 = PRODUCT_DEFINITION('design','',#32,#35);
#32 = PRODUCT_DEFINITION_FORMATION('','',#33);
#33 = PRODUCT('bridge_body','bridge_body','',(#34));
#34 = PRODUCT_CONTEXT('',#2,'mechanical');
#35 = PRODUCT_DEFINITION_CONTEXT('part definition',#2,'design');
#36 = ADVANCED_BREP_SHAPE_REPRESENTATION('',(#11,#37),#2260);
#37 = MANIFOLD_SOLID_BREP('',#38);
#38 = CLOSED_SHELL('',(#39,#1119,#1434,#1483,#1532,#1758,#1813,#1863,
    #1918,#1972,#2027,#2052,#2079,#2109,#2134,#2159,#2186,#2216,#2241,
    #2248,#2252,#2256));
#39 = ADVANCED_FACE('',(#40,#165,#339,#555,#729,#945),#55,.T.);
#40 = FACE_BOUND('',#41,.F.);
#41 = EDGE_LOOP('',(#42,#78,#106,#139));
#42 = ORIENTED_EDGE('',*,*,#43,.F.);
#43 = EDGE_CURVE('',#44,#46,#48,.T.);
#44 = VERTEX_POINT('',#45);
#45 = CARTESIAN_POINT('',(45.299746087455,32.575779742319,0.));
#46 = VERTEX_POINT('',#47);
#47 = CARTESIAN_POINT('',(-45.29974608745,32.575779742319,0.));
#48 = SURFACE_CURVE('',#49,(#54,#66),.PCURVE_S1.);
#49 = CIRCLE('',#50,60.);
#50 = AXIS2_PLACEMENT_3D('',#51,#52,#53);
#51 = CARTESIAN_POINT('',(0.,-6.768,0.));
#52 = DIRECTION('',(0.,0.,1.));
#53 = DIRECTION('',(0.754995768124,0.655729662372,-0.));
#54 = PCURVE('',#55,#60);
#55 = CYLINDRICAL_SURFACE('',#56,60.);
#56 = AXIS2_PLACEMENT_3D('',#57,#58,#59);
#57 = CARTESIAN_POINT('',(0.,-6.768,0.));
#58 = DIRECTION('',(-0.,-0.,-1.));
#59 = DIRECTION('',(0.754995768124,0.655729662372,-0.));
#60 = DEFINITIONAL_REPRESENTATION('',(#61),#65);
#61 = LINE('',#62,#63);
#62 = CARTESIAN_POINT('',(-0.,0.));
#63 = VECTOR('',#64,1.);
#64 = DIRECTION('',(-1.,0.));
#65 = ( GEOMETRIC_REPRESENTATION_CONTEXT(2) 
PARAMETRIC_REPRESENTATION_CONTEXT() REPRESENTATION_CONTEXT('2D SPACE',''
  ) );
#66 = PCURVE('',#67,#72);
#67 = PLANE('',#68);
#68 = AXIS2_PLACEMENT_3D('',#69,#70,#71);
#69 = CARTESIAN_POINT('',(-5.526809780689E-16,39.707969609307,0.));
#70 = DIRECTION('',(0.,0.,1.));
#71 = DIRECTION('',(1.,0.,-0.));
#72 = DEFINITIONAL_REPRESENTATION('',(#73),#77);
#73 = CIRCLE('',#74,60.);
#74 = AXIS2_PLACEMENT_2D('',#75,#76);
#75 = CARTESIAN_POINT('',(5.526809780689E-16,-46.4759696093));
#76 = DIRECTION('',(0.754995768124,0.655729662372));
#77 = ( GEOMETRIC_REPRESENTATION_CONTEXT(2) 
PARAMETRIC_REPRESENTATION_CONTEXT() REPRESENTATION_CONTEXT('2D SPACE',''
  ) );
#78 = ORIENTED_EDGE('',*,*,#79,.T.);
#79 = EDGE_CURVE('',#44,#80,#82,.T.);
#80 = VERTEX_POINT('',#81);
#81 = CARTESIAN_POINT('',(45.299746087455,32.575779742319,25.));
#82 = SURFACE_CURVE('',#83,(#87,#94),.PCURVE_S1.);
#83 = LINE('',#84,#85);
#84 = CARTESIAN_POINT('',(45.299746087455,32.575779742319,0.));
#85 = VECTOR('',#86,1.);
#86 = DIRECTION('',(0.,0.,1.));
#87 = PCURVE('',#55,#88);
#88 = DEFINITIONAL_REPRESENTATION('',(#89),#93);
#89 = LINE('',#90,#91);
#90 = CARTESIAN_POINT('',(-0.,0.));
#91 = VECTOR('',#92,1.);
#92 = DIRECTION('',(-0.,-1.));
#93 = ( GEOMETRIC_REPRESENTATION_CONTEXT(2) 
PARAMETRIC_REPRESENTATION_CONTEXT() REPRESENTATION_CONTEXT('2D SPACE',''
  ) );
#94 = PCURVE('',#95,#100);
#95 = PLANE('',#96);
#96 = AXIS2_PLACEMENT_3D('',#97,#98,#99);
#97 = CARTESIAN_POINT('',(37.749788406212,26.018483118599,0.));
#98 = DIRECTION('',(-0.655729662372,0.754995768124,0.));
#99 = DIRECTION('',(0.754995768124,0.655729662372,0.));
#100 = DEFINITIONAL_REPRESENTATION('',(#101),#105);
#101 = LINE('',#102,#103);
#102 = CARTESIAN_POINT('',(10.,0.));
#103 = VECTOR('',#104,1.);
#104 = DIRECTION('',(0.,-1.));
#105 = ( GEOMETRIC_REPRESENTATION_CONTEXT(2) 
PARAMETRIC_REPRESENTATION_CONTEXT() REPRESENTATION_CONTEXT('2D SPACE',''
  ) );
#106 = ORIENTED_EDGE('',*,*,#107,.F.);
#107 = EDGE_CURVE('',#108,#80,#110,.T.);
#108 = VERTEX_POINT('',#109);
#109 = CARTESIAN_POINT('',(-45.29974608745,32.575779742319,25.));
#110 = SURFACE_CURVE('',#111,(#116,#123),.PCURVE_S1.);
#111 = CIRCLE('',#112,60.);
#112 = AXIS2_PLACEMENT_3D('',#113,#114,#115);
#113 = CARTESIAN_POINT('',(0.,-6.768,25.));
#114 = DIRECTION('',(0.,0.,-1.));
#115 = DIRECTION('',(-0.754995768124,0.655729662372,0.));
#116 = PCURVE('',#55,#117);
#117 = DEFINITIONAL_REPRESENTATION('',(#118),#122);
#118 = LINE('',#119,#120);
#119 = CARTESIAN_POINT('',(-1.71129533158,-25.));
#120 = VECTOR('',#121,1.);
#121 = DIRECTION('',(1.,-0.));
#122 = ( GEOMETRIC_REPRESENTATION_CONTEXT(2) 
PARAMETRIC_REPRESENTATION_CONTEXT() REPRESENTATION_CONTEXT('2D SPACE',''
  ) );
#123 = PCURVE('',#124,#129);
#124 = PLANE('',#125);
#125 = AXIS2_PLACEMENT_3D('',#126,#127,#128);
#126 = CARTESIAN_POINT('',(-5.526809780689E-16,39.707969609307,25.));
#127 = DIRECTION('',(0.,0.,1.));
#128 = DIRECTION('',(1.,0.,-0.));
#129 = DEFINITIONAL_REPRESENTATION('',(#130),#138);
#130 = ( BOUNDED_CURVE() B_SPLINE_CURVE(2,(#131,#132,#133,#134,#135,#136
,#137),.UNSPECIFIED.,.T.,.F.) B_SPLINE_CURVE_WITH_KNOTS((1,2,2,2,2,1),(
    -2.094395102393,0.,2.094395102393,4.188790204786,6.28318530718,
8.377580409573),.UNSPECIFIED.) CURVE() GEOMETRIC_REPRESENTATION_ITEM() 
RATIONAL_B_SPLINE_CURVE((1.,0.5,1.,0.5,1.,0.5,1.)) REPRESENTATION_ITEM(
  '') );
#131 = CARTESIAN_POINT('',(-45.29974608745,-7.132189866988));
#132 = CARTESIAN_POINT('',(22.845679388041,71.329271926453));
#133 = CARTESIAN_POINT('',(56.722585781475,-26.91712858374));
#134 = CARTESIAN_POINT('',(90.59949217491,-125.1635290939));
#135 = CARTESIAN_POINT('',(-11.42283969402,-105.3785903771));
#136 = CARTESIAN_POINT('',(-113.4451715629,-85.59365166042));
#137 = CARTESIAN_POINT('',(-45.29974608745,-7.132189866988));
#138 = ( GEOMETRIC_REPRESENTATION_CONTEXT(2) 
PARAMETRIC_REPRESENTATION_CONTEXT() REPRESENTATION_CONTEXT('2D SPACE',''
  ) );
#139 = ORIENTED_EDGE('',*,*,#140,.F.);
#140 = EDGE_CURVE('',#46,#108,#141,.T.);
#141 = SURFACE_CURVE('',#142,(#146,#153),.PCURVE_S1.);
#142 = LINE('',#143,#144);
#143 = CARTESIAN_POINT('',(-45.29974608745,32.575779742319,0.));
#144 = VECTOR('',#145,1.);
#145 = DIRECTION('',(0.,0.,1.));
#146 = PCURVE('',#55,#147);
#147 = DEFINITIONAL_REPRESENTATION('',(#148),#152);
#148 = LINE('',#149,#150);
#149 = CARTESIAN_POINT('',(-1.71129533158,0.));
#150 = VECTOR('',#151,1.);
#151 = DIRECTION('',(-0.,-1.));
#152 = ( GEOMETRIC_REPRESENTATION_CONTEXT(2) 
PARAMETRIC_REPRESENTATION_CONTEXT() REPRESENTATION_CONTEXT('2D SPACE',''
  ) );
#153 = PCURVE('',#154,#159);
#154 = PLANE('',#155);
#155 = AXIS2_PLACEMENT_3D('',#156,#157,#158);
#156 = CARTESIAN_POINT('',(-45.29974608745,32.575779742319,0.));
#157 = DIRECTION('',(0.655729662372,0.754995768124,-0.));
#158 = DIRECTION('',(0.754995768124,-0.655729662372,0.));
#159 = DEFINITIONAL_REPRESENTATION('',(#160),#164);
#160 = LINE('',#161,#162);
#161 = CARTESIAN_POINT('',(0.,0.));
#162 = VECTOR('',#163,1.);
#163 = DIRECTION('',(0.,-1.));
#164 = ( GEOMETRIC_REPRESENTATION_CONTEXT(2) 
PARAMETRIC_REPRESENTATION_CONTEXT() REPRESENTATION_CONTEXT('2D SPACE',''
  ) );
#165 = FACE_BOUND('',#166,.F.);
#166 = EDGE_LOOP('',(#167));
#167 = ORIENTED_EDGE('',*,*,#168,.F.);
#168 = EDGE_CURVE('',#169,#169,#171,.T.);
#169 = VERTEX_POINT('',#170);
#170 = CARTESIAN_POINT('',(37.519613005718,40.053775274985,12.5));
#171 = SURFACE_CURVE('',#172,(#224,#279),.PCURVE_S1.);
#172 = B_SPLINE_CURVE_WITH_KNOTS('',8,(#173,#174,#175,#176,#177,#178,
    #179,#180,#181,#182,#183,#184,#185,#186,#187,#188,#189,#190,#191,
    #192,#193,#194,#195,#196,#197,#198,#199,#200,#201,#202,#203,#204,
    #205,#206,#207,#208,#209,#210,#211,#212,#213,#214,#215,#216,#217,
    #218,#219,#220,#221,#222,#223),.UNSPECIFIED.,.T.,.F.,(9,7,7,7,7,7,7,
    9),(0.,0.154897705634,0.286324958544,0.411357041437,0.569154377927,
    0.707511542666,0.82770736883,1.),.UNSPECIFIED.);
#173 = CARTESIAN_POINT('',(37.519613005718,40.053775274985,12.5));
#174 = CARTESIAN_POINT('',(37.519613005718,40.053775274985,
    12.239634053018));
#175 = CARTESIAN_POINT('',(37.543817584384,40.034379343651,
    11.979660396068));
#176 = CARTESIAN_POINT('',(37.592097776035,39.995691511306,
    11.721957604341));
#177 = CARTESIAN_POINT('',(37.664973858976,39.937178132709,
    11.468619005966));
#178 = CARTESIAN_POINT('',(37.763384901886,39.857861494664,
    11.222456089653));
#179 = CARTESIAN_POINT('',(37.88850859967,39.75642061762,10.987313203294
    ));
#180 = CARTESIAN_POINT('',(38.041506580195,39.631345458111,
    10.768508600618));
#181 = CARTESIAN_POINT('',(38.377123189067,39.353972615055,
    10.40844046815));
#182 = CARTESIAN_POINT('',(38.557553304685,39.203867872028,
    10.254214681318));
#183 = CARTESIAN_POINT('',(38.761428749632,39.032796683688,
    10.12453521882));
#184 = CARTESIAN_POINT('',(38.98346697874,38.84447241087,10.029554385041
    ));
#185 = CARTESIAN_POINT('',(39.216540545707,38.644273116407,
    9.976060551417));
#186 = CARTESIAN_POINT('',(39.452777784925,38.438679294185,
    9.967317129781));
#187 = CARTESIAN_POINT('',(39.684366806803,38.234642390638,
    10.002904934116));
#188 = CARTESIAN_POINT('',(40.113668127866,37.852311287889,
    10.15049880199));
#189 = CARTESIAN_POINT('',(40.306039562558,37.678983794324,
    10.256486387987));
#190 = CARTESIAN_POINT('',(40.479834306393,37.520730994668,
    10.390016283403));
#191 = CARTESIAN_POINT('',(40.634347687451,37.378758967941,
    10.545490145539));
#192 = CARTESIAN_POINT('',(40.769461390037,37.253687729203,
    10.717968806269));
#193 = CARTESIAN_POINT('',(40.88545173032,37.145681781829,
    10.903040673518));
#194 = CARTESIAN_POINT('',(40.982903381344,37.054523864041,
    11.096758798026));
#195 = CARTESIAN_POINT('',(41.163332312796,36.885168663169,
    11.54658426104));
#196 = CARTESIAN_POINT('',(41.236920540412,36.815598936473,
    11.808472493881));
#197 = CARTESIAN_POINT('',(41.285002170359,36.769936795538,
    12.076889307089));
#198 = CARTESIAN_POINT('',(41.308634628247,36.747444067281,
    12.348748293618));
#199 = CARTESIAN_POINT('',(41.30832706915,36.747747215816,
    12.621538209087));
#200 = CARTESIAN_POINT('',(41.284019201246,36.770885813412,
    12.89291800129));
#201 = CARTESIAN_POINT('',(41.235050863061,36.817332300823,
    13.160328327548));
#202 = CARTESIAN_POINT('',(41.094381745947,36.949959088072,
    13.64826528166));
#203 = CARTESIAN_POINT('',(41.008337719249,37.030870027933,
    13.871724865471));
#204 = CARTESIAN_POINT('',(40.900932749084,37.131478216533,
    14.087466007011));
#205 = CARTESIAN_POINT('',(40.771123221042,37.252418369952,
    14.291552370848));
#206 = CARTESIAN_POINT('',(40.618034397553,37.394037382451,
    14.47915370333));
#207 = CARTESIAN_POINT('',(40.441084138637,37.556249658172,
    14.644420355732));
#208 = CARTESIAN_POINT('',(40.240275212132,37.738293286843,
    14.780232349144));
#209 = CARTESIAN_POINT('',(39.822806666664,38.111972262858,
    14.962263928335));
#210 = CARTESIAN_POINT('',(39.61467090248,38.296540942128,
    15.016602051869));
#211 = CARTESIAN_POINT('',(39.398040100684,38.48657068403,
    15.034685213857));
#212 = CARTESIAN_POINT('',(39.17950867981,38.67598100861,15.014019273502
    ));
#213 = CARTESIAN_POINT('',(38.966145281871,38.858710363362,
    14.955496638821));
#214 = CARTESIAN_POINT('',(38.764709238889,39.029368153594,
    14.863306652902));
#215 = CARTESIAN_POINT('',(38.580858096956,39.183735859148,
    14.744869850826));
#216 = CARTESIAN_POINT('',(38.185938517154,39.512944487068,
    14.41866810323));
#217 = CARTESIAN_POINT('',(37.989651544797,39.674296510167,
    14.187858481858));
#218 = CARTESIAN_POINT('',(37.829530153725,39.80450866162,
    13.931621621632));
#219 = CARTESIAN_POINT('',(37.704054464374,39.905793382393,
    13.658716786922));
#220 = CARTESIAN_POINT('',(37.611472719977,39.98016508127,
    13.375324706481));
#221 = CARTESIAN_POINT('',(37.550288439667,40.02919426441,
    13.085770733076));
#222 = CARTESIAN_POINT('',(37.519613005718,40.053775274985,
    12.793109603407));
#223 = CARTESIAN_POINT('',(37.519613005718,40.053775274985,12.5));
#224 = PCURVE('',#55,#225);
#225 = DEFINITIONAL_REPRESENTATION('',(#226),#278);
#226 = B_SPLINE_CURVE_WITH_KNOTS('',8,(#227,#228,#229,#230,#231,#232,
    #233,#234,#235,#236,#237,#238,#239,#240,#241,#242,#243,#244,#245,
    #246,#247,#248,#249,#250,#251,#252,#253,#254,#255,#256,#257,#258,
    #259,#260,#261,#262,#263,#264,#265,#266,#267,#268,#269,#270,#271,
    #272,#273,#274,#275,#276,#277),.UNSPECIFIED.,.T.,.F.,(9,7,7,7,7,7,7,
    9),(0.,0.154897705634,0.286324958544,0.411357041437,0.569154377927,
    0.707511542666,0.82770736883,1.),.UNSPECIFIED.);
#227 = CARTESIAN_POINT('',(-0.180097316702,-12.5));
#228 = CARTESIAN_POINT('',(-0.180097316702,-12.23963405301));
#229 = CARTESIAN_POINT('',(-0.179580364156,-11.97966039606));
#230 = CARTESIAN_POINT('',(-0.178549220556,-11.72195760434));
#231 = CARTESIAN_POINT('',(-0.176991557754,-11.46861900596));
#232 = CARTESIAN_POINT('',(-0.174884971235,-11.22245608965));
#233 = CARTESIAN_POINT('',(-0.172200361133,-10.98731320329));
#234 = CARTESIAN_POINT('',(-0.168906804286,-10.76850860061));
#235 = CARTESIAN_POINT('',(-0.161650117672,-10.40844046815));
#236 = CARTESIAN_POINT('',(-0.157738387498,-10.25421468131));
#237 = CARTESIAN_POINT('',(-0.153302785919,-10.12453521882));
#238 = CARTESIAN_POINT('',(-0.148450468605,-10.02955438504));
#239 = CARTESIAN_POINT('',(-0.1433298343,-9.976060551417));
#240 = CARTESIAN_POINT('',(-0.138110457075,-9.967317129781));
#241 = CARTESIAN_POINT('',(-0.132966372155,-10.00290493411));
#242 = CARTESIAN_POINT('',(-0.12338518839,-10.15049880199));
#243 = CARTESIAN_POINT('',(-0.119069617572,-10.25648638798));
#244 = CARTESIAN_POINT('',(-0.115152197986,-10.3900162834));
#245 = CARTESIAN_POINT('',(-0.111655015872,-10.54549014553));
#246 = CARTESIAN_POINT('',(-0.108586451557,-10.71796880626));
#247 = CARTESIAN_POINT('',(-0.105944965837,-10.90304067351));
#248 = CARTESIAN_POINT('',(-0.103720946646,-11.09675879802));
#249 = CARTESIAN_POINT('',(-9.959663581601E-02,-11.54658426104));
#250 = CARTESIAN_POINT('',(-9.790884930059E-02,-11.80847249388));
#251 = CARTESIAN_POINT('',(-9.680370134213E-02,-12.07688930708));
#252 = CARTESIAN_POINT('',(-9.625994280801E-02,-12.34874829361));
#253 = CARTESIAN_POINT('',(-9.626714039839E-02,-12.62153820908));
#254 = CARTESIAN_POINT('',(-9.682647285484E-02,-12.89291800129));
#255 = CARTESIAN_POINT('',(-9.795133514617E-02,-13.16032832754));
#256 = CARTESIAN_POINT('',(-0.101173552516,-13.64826528166));
#257 = CARTESIAN_POINT('',(-0.103142064015,-13.87172486547));
#258 = CARTESIAN_POINT('',(-0.10559482191,-14.08746600701));
#259 = CARTESIAN_POINT('',(-0.108551762218,-14.29155237084));
#260 = CARTESIAN_POINT('',(-0.11202750389,-14.47915370332));
#261 = CARTESIAN_POINT('',(-0.11602825452,-14.64442035573));
#262 = CARTESIAN_POINT('',(-0.120545541232,-14.78023234914));
#263 = CARTESIAN_POINT('',(-0.12988357522,-14.96226392833));
#264 = CARTESIAN_POINT('',(-0.134519918425,-15.01660205186));
#265 = CARTESIAN_POINT('',(-0.139322582419,-15.03468521385));
#266 = CARTESIAN_POINT('',(-0.144142289167,-15.0140192735));
#267 = CARTESIAN_POINT('',(-0.148824082802,-14.95549663882));
#268 = CARTESIAN_POINT('',(-0.153224156114,-14.8633066529));
#269 = CARTESIAN_POINT('',(-0.157225193868,-14.74486985082));
#270 = CARTESIAN_POINT('',(-0.165794191528,-14.41866810323));
#271 = CARTESIAN_POINT('',(-0.170028968028,-14.18785848185));
#272 = CARTESIAN_POINT('',(-0.173468632013,-13.93162162163));
#273 = CARTESIAN_POINT('',(-0.176156178935,-13.65871678692));
#274 = CARTESIAN_POINT('',(-0.17813541046,-13.37532470648));
#275 = CARTESIAN_POINT('',(-0.179442164497,-13.08577073307));
#276 = CARTESIAN_POINT('',(-0.180097316702,-12.7931096034));
#277 = CARTESIAN_POINT('',(-0.180097316702,-12.5));
#278 = ( GEOMETRIC_REPRESENTATION_CONTEXT(2) 
PARAMETRIC_REPRESENTATION_CONTEXT() REPRESENTATION_CONTEXT('2D SPACE',''
  ) );
#279 = PCURVE('',#280,#285);
#280 = CYLINDRICAL_SURFACE('',#281,2.5);
#281 = AXIS2_PLACEMENT_3D('',#282,#283,#284);
#282 = CARTESIAN_POINT('',(40.095236003017,39.203426450159,12.5));
#283 = DIRECTION('',(-0.657298950869,-0.753629941806,0.));
#284 = DIRECTION('',(-0.753629941806,0.657298950869,0.));
#285 = DEFINITIONAL_REPRESENTATION('',(#286),#338);
#286 = B_SPLINE_CURVE_WITH_KNOTS('',8,(#287,#288,#289,#290,#291,#292,
    #293,#294,#295,#296,#297,#298,#299,#300,#301,#302,#303,#304,#305,
    #306,#307,#308,#309,#310,#311,#312,#313,#314,#315,#316,#317,#318,
    #319,#320,#321,#322,#323,#324,#325,#326,#327,#328,#329,#330,#331,
    #332,#333,#334,#335,#336,#337),.UNSPECIFIED.,.F.,.F.,(9,7,7,7,7,7,7,
    9),(0.,0.154897705634,0.286324958544,0.411357041437,0.569154377927,
    0.707511542666,0.82770736883,1.),.UNSPECIFIED.);
#287 = CARTESIAN_POINT('',(0.,1.052105958591));
#288 = CARTESIAN_POINT('',(0.104146378793,1.052105958591));
#289 = CARTESIAN_POINT('',(0.208135370689,1.05081366903));
#290 = CARTESIAN_POINT('',(0.312939533741,1.048235458549));
#291 = CARTESIAN_POINT('',(0.419414972262,1.044431519795));
#292 = CARTESIAN_POINT('',(0.528397694661,1.039521437851));
#293 = CARTESIAN_POINT('',(0.64074444304,1.033726644832));
#294 = CARTESIAN_POINT('',(0.757409120613,1.02742161793));
#295 = CARTESIAN_POINT('',(0.983361164,1.015857652595));
#296 = CARTESIAN_POINT('',(1.095001928819,1.010384555645));
#297 = CARTESIAN_POINT('',(1.211775697981,1.005301809288));
#298 = CARTESIAN_POINT('',(1.331914349076,1.001283125006));
#299 = CARTESIAN_POINT('',(1.454140971108,0.998960296599));
#300 = CARTESIAN_POINT('',(1.577346743474,0.998623467382));
#301 = CARTESIAN_POINT('',(1.700466740602,1.000168566015));
#302 = CARTESIAN_POINT('',(1.937860982171,1.006125424788));
#303 = CARTESIAN_POINT('',(2.04871297464,1.010304671477));
#304 = CARTESIAN_POINT('',(2.155401723305,1.015333616883));
#305 = CARTESIAN_POINT('',(2.258391614366,1.020766503859));
#306 = CARTESIAN_POINT('',(2.358028117962,1.026213839273));
#307 = CARTESIAN_POINT('',(2.454566415524,1.031370026129));
#308 = CARTESIAN_POINT('',(2.548167316249,1.036014494427));
#309 = CARTESIAN_POINT('',(2.753495187534,1.045049897255));
#310 = CARTESIAN_POINT('',(2.864791914048,1.049110261528));
#311 = CARTESIAN_POINT('',(2.973934261325,1.051918613224));
#312 = CARTESIAN_POINT('',(3.081835899812,1.053336216935));
#313 = CARTESIAN_POINT('',(3.189356207574,1.053309913393));
#314 = CARTESIAN_POINT('',(3.297353905585,1.051849509505));
#315 = CARTESIAN_POINT('',(3.406736222374,1.049032883215));
#316 = CARTESIAN_POINT('',(3.616652029675,1.041543028358));
#317 = CARTESIAN_POINT('',(3.717137894196,1.037122769936));
#318 = CARTESIAN_POINT('',(3.820470834323,1.031898600823));
#319 = CARTESIAN_POINT('',(3.927088303076,1.026078146636));
#320 = CARTESIAN_POINT('',(4.037490175544,1.019974941556));
#321 = CARTESIAN_POINT('',(4.152260875326,1.014036133185));
#322 = CARTESIAN_POINT('',(4.27214093238,1.008834100622));
#323 = CARTESIAN_POINT('',(4.507767558106,1.001620072631));
#324 = CARTESIAN_POINT('',(4.620307472017,0.999331009049));
#325 = CARTESIAN_POINT('',(4.734171466902,0.998510104465));
#326 = CARTESIAN_POINT('',(4.848100072395,0.999405286247));
#327 = CARTESIAN_POINT('',(4.960920516082,1.001938510878));
#328 = CARTESIAN_POINT('',(5.071357846254,1.005729390075));
#329 = CARTESIAN_POINT('',(5.177805980047,1.01023842783));
#330 = CARTESIAN_POINT('',(5.42131880968,1.021717174211));
#331 = CARTESIAN_POINT('',(5.556567309888,1.029136679433));
#332 = CARTESIAN_POINT('',(5.685641467805,1.036252525674));
#333 = CARTESIAN_POINT('',(5.809900962213,1.042396366421));
#334 = CARTESIAN_POINT('',(5.930602042459,1.047201510787));
#335 = CARTESIAN_POINT('',(6.04887647625,1.050468013608));
#336 = CARTESIAN_POINT('',(6.165941465817,1.052105958591));
#337 = CARTESIAN_POINT('',(6.28318530718,1.052105958591));
#338 = ( GEOMETRIC_REPRESENTATION_CONTEXT(2) 
PARAMETRIC_REPRESENTATION_CONTEXT() REPRESENTATION_CONTEXT('2D SPACE',''
  ) );
#339 = FACE_BOUND('',#340,.F.);
#340 = EDGE_LOOP('',(#341));
#341 = ORIENTED_EDGE('',*,*,#342,.T.);
#342 = EDGE_CURVE('',#343,#343,#345,.T.);
#343 = VERTEX_POINT('',#344);
#344 = CARTESIAN_POINT('',(25.332724506711,47.621825050896,16.5));
#345 = SURFACE_CURVE('',#346,(#412,#481),.PCURVE_S1.);
#346 = B_SPLINE_CURVE_WITH_KNOTS('',8,(#347,#348,#349,#350,#351,#352,
    #353,#354,#355,#356,#357,#358,#359,#360,#361,#362,#363,#364,#365,
    #366,#367,#368,#369,#370,#371,#372,#373,#374,#375,#376,#377,#378,
    #379,#380,#381,#382,#383,#384,#385,#386,#387,#388,#389,#390,#391,
    #392,#393,#394,#395,#396,#397,#398,#399,#400,#401,#402,#403,#404,
    #405,#406,#407,#408,#409,#410,#411),.UNSPECIFIED.,.T.,.F.,(9,7,7,7,7
    ,7,7,7,7,9),(0.,7.988048348025E-02,0.156358247523,0.250114301241,
    0.430107902857,0.586323256794,0.752610637371,0.845489125227,
    0.919447029188,1.),.UNSPECIFIED.);
#347 = CARTESIAN_POINT('',(25.332724506711,47.621825050896,16.5));
#348 = CARTESIAN_POINT('',(25.60600862365,47.4945396397,16.5));
#349 = CARTESIAN_POINT('',(25.877388111549,47.36623172098,
    16.478661866584));
#350 = CARTESIAN_POINT('',(26.144746599496,47.237915228686,
    16.436505137076));
#351 = CARTESIAN_POINT('',(26.40605064759,47.110649534885,
    16.374334769147));
#352 = CARTESIAN_POINT('',(26.659394241055,46.985511673474,
    16.293229136568));
#353 = CARTESIAN_POINT('',(26.903039930816,46.863563195189,
    16.19452816793));
#354 = CARTESIAN_POINT('',(27.135456620551,46.745811653927,
    16.079821628311));
#355 = CARTESIAN_POINT('',(27.565884272241,46.525320202041,
    15.827543616306));
#356 = CARTESIAN_POINT('',(27.765341397993,46.421948539777,
    15.690918818807));
#357 = CARTESIAN_POINT('',(27.953115167834,46.323575076254,
    15.54223017758));
#358 = CARTESIAN_POINT('',(28.128691340587,46.230681242628,
    15.382611907669));
#359 = CARTESIAN_POINT('',(28.291642043962,46.143701966979,
    15.213168654601));
#360 = CARTESIAN_POINT('',(28.441617492275,46.063022028436,
    15.034978497021));
#361 = CARTESIAN_POINT('',(28.578339021492,45.988973360984,
    14.84909571038));
#362 = CARTESIAN_POINT('',(28.852694198445,45.839524591586,
    14.420510598971));
#363 = CARTESIAN_POINT('',(28.983636922559,45.76755433262,
    14.174332033414));
#364 = CARTESIAN_POINT('',(29.094075073722,45.706407175245,
    13.919770043802));
#365 = CARTESIAN_POINT('',(29.18374761107,45.656477736518,13.65850706252
    ));
#366 = CARTESIAN_POINT('',(29.252467093088,45.618067065623,
    13.392171582994));
#367 = CARTESIAN_POINT('',(29.3001101557,45.591381132637,13.122353920672
    ));
#368 = CARTESIAN_POINT('',(29.326610368431,45.57653134581,
    12.850621657491));
#369 = CARTESIAN_POINT('',(29.342211194003,45.567788715862,
    12.056180245334));
#370 = CARTESIAN_POINT('',(29.274494687553,45.605733619865,
    11.532304370248));
#371 = CARTESIAN_POINT('',(29.128595249596,45.68756959651,
    11.018034298065));
#372 = CARTESIAN_POINT('',(28.905069349108,45.812209655907,
    10.524639276362));
#373 = CARTESIAN_POINT('',(28.605467275393,45.977141037603,
    10.06394000324));
#374 = CARTESIAN_POINT('',(28.232553161703,46.178440428518,
    9.648513256935));
#375 = CARTESIAN_POINT('',(27.790770775829,46.41087510098,9.292023851528
    ));
#376 = CARTESIAN_POINT('',(26.850171675288,46.89119389793,8.765263045139
    ));
#377 = CARTESIAN_POINT('',(26.359998295817,47.136351512343,
    8.572915083995));
#378 = CARTESIAN_POINT('',(25.829613278839,47.394788259236,8.45213613602
    ));
#379 = CARTESIAN_POINT('',(25.27698242721,47.655783384614,8.414832823851
    ));
#380 = CARTESIAN_POINT('',(24.722497073745,47.908908663025,
    8.465767768143));
#381 = CARTESIAN_POINT('',(24.186888861205,48.14567487904,8.602627815836
    ));
#382 = CARTESIAN_POINT('',(23.688931204234,48.359749685114,
    8.816007044841));
#383 = CARTESIAN_POINT('',(22.767760365705,48.746813472805,
    9.380501260703));
#384 = CARTESIAN_POINT('',(22.356818816643,48.914001673493,
    9.736309447459));
#385 = CARTESIAN_POINT('',(22.013492779067,49.049961787642,
    10.141110431935));
#386 = CARTESIAN_POINT('',(21.739363526761,49.156343144701,
    10.582138238981));
#387 = CARTESIAN_POINT('',(21.534875639365,49.234641715444,
    11.048182038779));
#388 = CARTESIAN_POINT('',(21.399659886318,49.286078277487,
    11.529179685875));
#389 = CARTESIAN_POINT('',(21.332724506711,49.311540521663,
    12.015983702305));
#390 = CARTESIAN_POINT('',(21.332724506711,49.311540521663,
    12.770343435995));
#391 = CARTESIAN_POINT('',(21.353606308356,49.303597088343,
    13.040770342551));
#392 = CARTESIAN_POINT('',(21.395391622331,49.287701829141,
    13.310007279989));
#393 = CARTESIAN_POINT('',(21.458163686058,49.263773463101,
    13.576760978357));
#394 = CARTESIAN_POINT('',(21.542053998681,49.231661898961,
    13.83967613238));
#395 = CARTESIAN_POINT('',(21.647227951311,49.19115146182,
    14.097292261381));
#396 = CARTESIAN_POINT('',(21.773869352553,49.141963268405,
    14.347999634164));
#397 = CARTESIAN_POINT('',(22.040248783718,49.037407675604,
    14.782691358328));
#398 = CARTESIAN_POINT('',(22.172198509874,48.985287286599,
    14.97008371934));
#399 = CARTESIAN_POINT('',(22.317939804642,48.927287958378,
    15.150876406146));
#400 = CARTESIAN_POINT('',(22.477279746267,48.863326734397,
    15.323775098832));
#401 = CARTESIAN_POINT('',(22.649908178719,48.793347508564,
    15.487486339213));
#402 = CARTESIAN_POINT('',(22.835400681395,48.717324924255,
    15.640717126836));
#403 = CARTESIAN_POINT('',(23.033222044179,48.635269990903,
    15.782173865087));
#404 = CARTESIAN_POINT('',(23.470920979482,48.451354694542,
    16.050396117609));
#405 = CARTESIAN_POINT('',(23.713062874325,48.348343877173,
    16.174780167872));
#406 = CARTESIAN_POINT('',(23.967270340146,48.238718695505,
    16.28135598896));
#407 = CARTESIAN_POINT('',(24.2312864664,48.123176586632,16.368257818216
    ));
#408 = CARTESIAN_POINT('',(24.502583107432,48.002596396319,
    16.434128329407));
#409 = CARTESIAN_POINT('',(24.778454416518,47.878026665914,
    16.478137076302));
#410 = CARTESIAN_POINT('',(25.056103830742,47.750664505162,16.5));
#411 = CARTESIAN_POINT('',(25.332724506711,47.621825050896,16.5));
#412 = PCURVE('',#55,#413);
#413 = DEFINITIONAL_REPRESENTATION('',(#414),#480);
#414 = B_SPLINE_CURVE_WITH_KNOTS('',8,(#415,#416,#417,#418,#419,#420,
    #421,#422,#423,#424,#425,#426,#427,#428,#429,#430,#431,#432,#433,
    #434,#435,#436,#437,#438,#439,#440,#441,#442,#443,#444,#445,#446,
    #447,#448,#449,#450,#451,#452,#453,#454,#455,#456,#457,#458,#459,
    #460,#461,#462,#463,#464,#465,#466,#467,#468,#469,#470,#471,#472,
    #473,#474,#475,#476,#477,#478,#479),.UNSPECIFIED.,.T.,.F.,(9,7,7,7,7
    ,7,7,7,7,9),(0.,7.988048348025E-02,0.156358247523,0.250114301241,
    0.430107902857,0.586323256794,0.752610637371,0.845489125227,
    0.919447029188,1.),.UNSPECIFIED.);
#415 = CARTESIAN_POINT('',(-0.419763483342,-16.5));
#416 = CARTESIAN_POINT('',(-0.414738938463,-16.5));
#417 = CARTESIAN_POINT('',(-0.409735973791,-16.47866186658));
#418 = CARTESIAN_POINT('',(-0.404793506751,-16.43650513707));
#419 = CARTESIAN_POINT('',(-0.399949525451,-16.37433476914));
#420 = CARTESIAN_POINT('',(-0.395240259064,-16.29322913656));
#421 = CARTESIAN_POINT('',(-0.390699345433,-16.19452816793));
#422 = CARTESIAN_POINT('',(-0.386356995908,-16.07982162831));
#423 = CARTESIAN_POINT('',(-0.378296729099,-15.8275436163));
#424 = CARTESIAN_POINT('',(-0.37455255929,-15.6909188188));
#425 = CARTESIAN_POINT('',(-0.371019582537,-15.54223017758));
#426 = CARTESIAN_POINT('',(-0.367709031963,-15.38261190766));
#427 = CARTESIAN_POINT('',(-0.364630542244,-15.2131686546));
#428 = CARTESIAN_POINT('',(-0.361792238021,-15.03497849702));
#429 = CARTESIAN_POINT('',(-0.35920080774,-14.84909571038));
#430 = CARTESIAN_POINT('',(-0.35399382264,-14.42051059897));
#431 = CARTESIAN_POINT('',(-0.351503541806,-14.17433203341));
#432 = CARTESIAN_POINT('',(-0.34939961982,-13.9197700438));
#433 = CARTESIAN_POINT('',(-0.34768902824,-13.65850706252));
#434 = CARTESIAN_POINT('',(-0.346376932906,-13.39217158299));
#435 = CARTESIAN_POINT('',(-0.345466804425,-13.12235392067));
#436 = CARTESIAN_POINT('',(-0.344960516988,-12.85062165749));
#437 = CARTESIAN_POINT('',(-0.344662458764,-12.05618024533));
#438 = CARTESIAN_POINT('',(-0.345956178891,-11.53230437024));
#439 = CARTESIAN_POINT('',(-0.348744227589,-11.01803429806));
#440 = CARTESIAN_POINT('',(-0.353009697254,-10.52463927636));
#441 = CARTESIAN_POINT('',(-0.358709490157,-10.06394000324));
#442 = CARTESIAN_POINT('',(-0.365771870096,-9.648513256935));
#443 = CARTESIAN_POINT('',(-0.374091197354,-9.292023851528));
#444 = CARTESIAN_POINT('',(-0.391693539485,-8.765263045139));
#445 = CARTESIAN_POINT('',(-0.400827587696,-8.572915083996));
#446 = CARTESIAN_POINT('',(-0.410660012887,-8.452136136016));
#447 = CARTESIAN_POINT('',(-0.420844463776,-8.414832823857));
#448 = CARTESIAN_POINT('',(-0.431001744145,-8.465767768139));
#449 = CARTESIAN_POINT('',(-0.440760998257,-8.602627815837));
#450 = CARTESIAN_POINT('',(-0.449794420769,-8.816007044841));
#451 = CARTESIAN_POINT('',(-0.46644753267,-9.380501260703));
#452 = CARTESIAN_POINT('',(-0.47384121015,-9.736309447459));
#453 = CARTESIAN_POINT('',(-0.479995299788,-10.14111043193));
#454 = CARTESIAN_POINT('',(-0.484895985798,-10.58213823898));
#455 = CARTESIAN_POINT('',(-0.488545401761,-11.04818203878));
#456 = CARTESIAN_POINT('',(-0.490956547075,-11.52917968587));
#457 = CARTESIAN_POINT('',(-0.492150125884,-12.0159837023));
#458 = CARTESIAN_POINT('',(-0.492150125884,-12.77034343599));
#459 = CARTESIAN_POINT('',(-0.491777765577,-13.04077034255));
#460 = CARTESIAN_POINT('',(-0.491032657263,-13.31000727998));
#461 = CARTESIAN_POINT('',(-0.489913022281,-13.57676097835));
#462 = CARTESIAN_POINT('',(-0.488415922892,-13.83967613238));
#463 = CARTESIAN_POINT('',(-0.486537498298,-14.09729226138));
#464 = CARTESIAN_POINT('',(-0.484273204799,-14.34799963416));
#465 = CARTESIAN_POINT('',(-0.479503803679,-14.78269135832));
#466 = CARTESIAN_POINT('',(-0.477139299403,-14.97008371934));
#467 = CARTESIAN_POINT('',(-0.474525013075,-15.15087640614));
#468 = CARTESIAN_POINT('',(-0.47166340454,-15.32377509883));
#469 = CARTESIAN_POINT('',(-0.468558893328,-15.48748633921));
#470 = CARTESIAN_POINT('',(-0.465217828546,-15.64071712683));
#471 = CARTESIAN_POINT('',(-0.461648462994,-15.78217386508));
#472 = CARTESIAN_POINT('',(-0.45373565351,-16.0503961176));
#473 = CARTESIAN_POINT('',(-0.449349989472,-16.17478016787));
#474 = CARTESIAN_POINT('',(-0.444736123783,-16.28135598896));
#475 = CARTESIAN_POINT('',(-0.439933071224,-16.36825781821));
#476 = CARTESIAN_POINT('',(-0.434985133332,-16.4341283294));
#477 = CARTESIAN_POINT('',(-0.429940411028,-16.4781370763));
#478 = CARTESIAN_POINT('',(-0.424849373501,-16.5));
#479 = CARTESIAN_POINT('',(-0.419763483342,-16.5));
#480 = ( GEOMETRIC_REPRESENTATION_CONTEXT(2) 
PARAMETRIC_REPRESENTATION_CONTEXT() REPRESENTATION_CONTEXT('2D SPACE',''
  ) );
#481 = PCURVE('',#482,#487);
#482 = CYLINDRICAL_SURFACE('',#483,4.);
#483 = AXIS2_PLACEMENT_3D('',#484,#485,#486);
#484 = CARTESIAN_POINT('',(25.332724506711,-1.,12.5));
#485 = DIRECTION('',(0.,1.,0.));
#486 = DIRECTION('',(0.,-0.,1.));
#487 = DEFINITIONAL_REPRESENTATION('',(#488),#554);
#488 = B_SPLINE_CURVE_WITH_KNOTS('',8,(#489,#490,#491,#492,#493,#494,
    #495,#496,#497,#498,#499,#500,#501,#502,#503,#504,#505,#506,#507,
    #508,#509,#510,#511,#512,#513,#514,#515,#516,#517,#518,#519,#520,
    #521,#522,#523,#524,#525,#526,#527,#528,#529,#530,#531,#532,#533,
    #534,#535,#536,#537,#538,#539,#540,#541,#542,#543,#544,#545,#546,
    #547,#548,#549,#550,#551,#552,#553),.UNSPECIFIED.,.F.,.F.,(9,7,7,7,7
    ,7,7,7,7,9),(0.,7.988048348025E-02,0.156358247523,0.250114301241,
    0.430107902857,0.586323256794,0.752610637371,0.845489125227,
    0.919447029188,1.),.UNSPECIFIED.);
#489 = CARTESIAN_POINT('',(0.,48.621825050896));
#490 = CARTESIAN_POINT('',(6.832102923493E-02,48.4945396397));
#491 = CARTESIAN_POINT('',(0.136165860001,48.36623172098));
#492 = CARTESIAN_POINT('',(0.203491534017,48.237915228686));
#493 = CARTESIAN_POINT('',(0.270246918966,48.110649534885));
#494 = CARTESIAN_POINT('',(0.33637178957,47.985511673474));
#495 = CARTESIAN_POINT('',(0.401793708299,47.863563195189));
#496 = CARTESIAN_POINT('',(0.466422705689,47.745811653927));
#497 = CARTESIAN_POINT('',(0.591150448864,47.525320202041));
#498 = CARTESIAN_POINT('',(0.651441431783,47.421948539777));
#499 = CARTESIAN_POINT('',(0.711083466173,47.323575076254));
#500 = CARTESIAN_POINT('',(0.770134330486,47.230681242628));
#501 = CARTESIAN_POINT('',(0.828645311046,47.143701966979));
#502 = CARTESIAN_POINT('',(0.886662831787,47.063022028436));
#503 = CARTESIAN_POINT('',(0.944229227178,46.988973360984));
#504 = CARTESIAN_POINT('',(1.07144851641,46.839524591586));
#505 = CARTESIAN_POINT('',(1.140931578361,46.76755433262));
#506 = CARTESIAN_POINT('',(1.209940082685,46.706407175245));
#507 = CARTESIAN_POINT('',(1.278572513259,46.656477736518));
#508 = CARTESIAN_POINT('',(1.346921421093,46.618067065623));
#509 = CARTESIAN_POINT('',(1.415076445753,46.591381132637));
#510 = CARTESIAN_POINT('',(1.483126536436,46.57653134581));
#511 = CARTESIAN_POINT('',(1.681775180892,46.567788715862));
#512 = CARTESIAN_POINT('',(1.812385926697,46.605733619865));
#513 = CARTESIAN_POINT('',(1.943610216187,46.68756959651));
#514 = CARTESIAN_POINT('',(2.076020692999,46.812209655907));
#515 = CARTESIAN_POINT('',(2.210223814134,46.977141037603));
#516 = CARTESIAN_POINT('',(2.346884918335,47.178440428518));
#517 = CARTESIAN_POINT('',(2.48679628072,47.41087510098));
#518 = CARTESIAN_POINT('',(2.756310150387,47.89119389793));
#519 = CARTESIAN_POINT('',(2.886725120871,48.136351512343));
#520 = CARTESIAN_POINT('',(3.020160462053,48.394788259235));
#521 = CARTESIAN_POINT('',(3.155280494464,48.655783384615));
#522 = CARTESIAN_POINT('',(3.291065823064,48.908908663025));
#523 = CARTESIAN_POINT('',(3.426524725322,49.145674879041));
#524 = CARTESIAN_POINT('',(3.560542157991,49.359749685114));
#525 = CARTESIAN_POINT('',(3.830635826176,49.746813472805));
#526 = CARTESIAN_POINT('',(3.964709668334,49.914001673492));
#527 = CARTESIAN_POINT('',(4.094884397997,50.049961787644));
#528 = CARTESIAN_POINT('',(4.221991088469,50.156343144699));
#529 = CARTESIAN_POINT('',(4.346735886344,50.234641715445));
#530 = CARTESIAN_POINT('',(4.469683635514,50.286078277486));
#531 = CARTESIAN_POINT('',(4.591384905961,50.311540521663));
#532 = CARTESIAN_POINT('',(4.779974839383,50.311540521663));
#533 = CARTESIAN_POINT('',(4.847581701597,50.303597088343));
#534 = CARTESIAN_POINT('',(4.915361037883,50.287701829141));
#535 = CARTESIAN_POINT('',(4.983462133253,50.263773463101));
#536 = CARTESIAN_POINT('',(5.052034024087,50.231661898961));
#537 = CARTESIAN_POINT('',(5.121229789264,50.19115146182));
#538 = CARTESIAN_POINT('',(5.191213195193,50.141963268405));
#539 = CARTESIAN_POINT('',(5.31866781859,50.037407675604));
#540 = CARTESIAN_POINT('',(5.375848294018,49.985287286599));
#541 = CARTESIAN_POINT('',(5.433698256505,49.927287958378));
#542 = CARTESIAN_POINT('',(5.49221939203,49.863326734397));
#543 = CARTESIAN_POINT('',(5.551423493845,49.793347508564));
#544 = CARTESIAN_POINT('',(5.611331975024,49.717324924255));
#545 = CARTESIAN_POINT('',(5.671977336819,49.635269990903));
#546 = CARTESIAN_POINT('',(5.800313695345,49.451354694542));
#547 = CARTESIAN_POINT('',(5.868176159314,49.348343877173));
#548 = CARTESIAN_POINT('',(5.936741188166,49.238718695505));
#549 = CARTESIAN_POINT('',(6.005794226154,49.123176586632));
#550 = CARTESIAN_POINT('',(6.075145787982,49.002596396319));
#551 = CARTESIAN_POINT('',(6.144617897893,48.878026665914));
#552 = CARTESIAN_POINT('',(6.214030138188,48.750664505162));
#553 = CARTESIAN_POINT('',(6.28318530718,48.621825050896));
#554 = ( GEOMETRIC_REPRESENTATION_CONTEXT(2) 
PARAMETRIC_REPRESENTATION_CONTEXT() REPRESENTATION_CONTEXT('2D SPACE',''
  ) );
#555 = FACE_BOUND('',#556,.F.);
#556 = EDGE_LOOP('',(#557));
#557 = ORIENTED_EDGE('',*,*,#558,.F.);
#558 = EDGE_CURVE('',#559,#559,#561,.T.);
#559 = VERTEX_POINT('',#560);
#560 = CARTESIAN_POINT('',(-4.590628397968,53.056126662341,12.5));
#561 = SURFACE_CURVE('',#562,(#614,#669),.PCURVE_S1.);
#562 = B_SPLINE_CURVE_WITH_KNOTS('',8,(#563,#564,#565,#566,#567,#568,
    #569,#570,#571,#572,#573,#574,#575,#576,#577,#578,#579,#580,#581,
    #582,#583,#584,#585,#586,#587,#588,#589,#590,#591,#592,#593,#594,
    #595,#596,#597,#598,#599,#600,#601,#602,#603,#604,#605,#606,#607,
    #608,#609,#610,#611,#612,#613),.UNSPECIFIED.,.T.,.F.,(9,7,7,7,7,7,7,
    9),(0.,0.154897705646,0.286324958567,0.411357041464,0.569154377946,
    0.707511542679,0.827707368838,1.),.UNSPECIFIED.);
#563 = CARTESIAN_POINT('',(-4.590628397968,53.056126662341,12.5));
#564 = CARTESIAN_POINT('',(-4.590628397968,53.056126662341,
    12.239634053018));
#565 = CARTESIAN_POINT('',(-4.5597021561,53.058499707773,11.979660396068
    ));
#566 = CARTESIAN_POINT('',(-4.498014920659,53.063233655517,
    11.721957604341));
#567 = CARTESIAN_POINT('',(-4.404822181721,53.070294275094,
    11.468619005966));
#568 = CARTESIAN_POINT('',(-4.278770228296,53.079609181161,
    11.222456089653));
#569 = CARTESIAN_POINT('',(-4.1180965775,53.091018353886,10.987313203294
    ));
#570 = CARTESIAN_POINT('',(-3.920921310666,53.104212736024,
    10.768508600618));
#571 = CARTESIAN_POINT('',(-3.48634242416,53.130959579229,
    10.408440468148));
#572 = CARTESIAN_POINT('',(-3.252035141945,53.144618202866,
    10.25421468132));
#573 = CARTESIAN_POINT('',(-2.986283070685,53.158984314206,
    10.12453521882));
#574 = CARTESIAN_POINT('',(-2.695480658563,53.173160492054,
    10.02955438504));
#575 = CARTESIAN_POINT('',(-2.388506882696,53.186204496795,
    9.976060551416));
#576 = CARTESIAN_POINT('',(-2.075537353335,53.197470668118,
    9.967317129783));
#577 = CARTESIAN_POINT('',(-1.76702578505,53.20669808904,10.002904934116
    ));
#578 = CARTESIAN_POINT('',(-1.192327908454,53.220806491374,
    10.150498801986));
#579 = CARTESIAN_POINT('',(-0.93343491987,53.225665439627,
    10.256486387981));
#580 = CARTESIAN_POINT('',(-0.698406243735,53.228840811078,
    10.390016283404));
#581 = CARTESIAN_POINT('',(-0.48858044666,53.23073189081,10.545490145548
    ));
#582 = CARTESIAN_POINT('',(-0.304467520682,53.231710600052,
    10.717968806279));
#583 = CARTESIAN_POINT('',(-0.145978079722,53.232085843507,
    10.903040673516));
#584 = CARTESIAN_POINT('',(-1.253674390683E-02,53.232098418328,
    11.096758798012));
#585 = CARTESIAN_POINT('',(0.234921583474,53.231698943231,11.54658426104
    ));
#586 = CARTESIAN_POINT('',(0.336188048189,53.231172406858,
    11.808472493882));
#587 = CARTESIAN_POINT('',(0.402495134195,53.230677837814,
    12.076889307089));
#588 = CARTESIAN_POINT('',(0.435119326665,53.230398631916,
    12.348748293617));
#589 = CARTESIAN_POINT('',(0.434687626307,53.230409876181,
    12.621538209087));
#590 = CARTESIAN_POINT('',(0.401128970368,53.230699276162,
    12.892918001291));
#591 = CARTESIAN_POINT('',(0.333638516729,53.231160800736,
    13.160328327547));
#592 = CARTESIAN_POINT('',(0.140306902756,53.231903932265,13.64826528166
    ));
#593 = CARTESIAN_POINT('',(2.219650673249E-02,53.232202379115,
    13.87172486547));
#594 = CARTESIAN_POINT('',(-0.124969479316,53.232290583115,
    14.087466007012));
#595 = CARTESIAN_POINT('',(-0.302386773379,53.231919036698,
    14.291552370848));
#596 = CARTESIAN_POINT('',(-0.510931134446,53.230743432389,
    14.479153703329));
#597 = CARTESIAN_POINT('',(-0.750969180361,53.228303547456,
    14.644420355733));
#598 = CARTESIAN_POINT('',(-1.02197835298,53.224044902042,
    14.780232349144));
#599 = CARTESIAN_POINT('',(-1.582124433063,53.211702595158,
    14.962263928335));
#600 = CARTESIAN_POINT('',(-1.860209007152,53.204282126714,
    15.016602051868));
#601 = CARTESIAN_POINT('',(-2.148227922022,53.195045689541,
    15.034685213857));
#602 = CARTESIAN_POINT('',(-2.437211542895,53.184058431695,
    15.014019273502));
#603 = CARTESIAN_POINT('',(-2.717856873324,53.171723312058,
    14.95549663882));
#604 = CARTESIAN_POINT('',(-2.981545183026,53.158721923471,
    14.863306652902));
#605 = CARTESIAN_POINT('',(-3.221263061596,53.145839004477,
    14.744869850827));
#606 = CARTESIAN_POINT('',(-3.734561042775,53.116428500811,
    14.41866810323));
#607 = CARTESIAN_POINT('',(-3.988131640488,53.100149592679,
    14.187858481859));
#608 = CARTESIAN_POINT('',(-4.194018237839,53.085839690607,
    13.93162162163));
#609 = CARTESIAN_POINT('',(-4.354842238005,53.074076007078,
    13.658716786924));
#610 = CARTESIAN_POINT('',(-4.473259072649,53.065132726777,
    13.375324706479));
#611 = CARTESIAN_POINT('',(-4.551434488727,53.059134287194,
    13.085770733077));
#612 = CARTESIAN_POINT('',(-4.590628397968,53.056126662341,
    12.793109603406));
#613 = CARTESIAN_POINT('',(-4.590628397968,53.056126662341,12.5));
#614 = PCURVE('',#55,#615);
#615 = DEFINITIONAL_REPRESENTATION('',(#616),#668);
#616 = B_SPLINE_CURVE_WITH_KNOTS('',8,(#617,#618,#619,#620,#621,#622,
    #623,#624,#625,#626,#627,#628,#629,#630,#631,#632,#633,#634,#635,
    #636,#637,#638,#639,#640,#641,#642,#643,#644,#645,#646,#647,#648,
    #649,#650,#651,#652,#653,#654,#655,#656,#657,#658,#659,#660,#661,
    #662,#663,#664,#665,#666,#667),.UNSPECIFIED.,.T.,.F.,(9,7,7,7,7,7,7,
    9),(0.,0.154897705646,0.286324958567,0.411357041464,0.569154377946,
    0.707511542679,0.827707368838,1.),.UNSPECIFIED.);
#617 = CARTESIAN_POINT('',(-0.932232983253,-12.5));
#618 = CARTESIAN_POINT('',(-0.932232983253,-12.23963405301));
#619 = CARTESIAN_POINT('',(-0.931716030706,-11.97966039606));
#620 = CARTESIAN_POINT('',(-0.930684887106,-11.72195760434));
#621 = CARTESIAN_POINT('',(-0.929127224304,-11.46861900596));
#622 = CARTESIAN_POINT('',(-0.927020637785,-11.22245608965));
#623 = CARTESIAN_POINT('',(-0.924336027684,-10.98731320329));
#624 = CARTESIAN_POINT('',(-0.921042470836,-10.76850860061));
#625 = CARTESIAN_POINT('',(-0.913785784222,-10.40844046814));
#626 = CARTESIAN_POINT('',(-0.909874054049,-10.25421468132));
#627 = CARTESIAN_POINT('',(-0.90543845247,-10.12453521882));
#628 = CARTESIAN_POINT('',(-0.900586135155,-10.02955438504));
#629 = CARTESIAN_POINT('',(-0.89546550085,-9.976060551416));
#630 = CARTESIAN_POINT('',(-0.890246123625,-9.967317129783));
#631 = CARTESIAN_POINT('',(-0.885102038705,-10.00290493411));
#632 = CARTESIAN_POINT('',(-0.875520854941,-10.15049880198));
#633 = CARTESIAN_POINT('',(-0.871205284123,-10.25648638798));
#634 = CARTESIAN_POINT('',(-0.867287864536,-10.3900162834));
#635 = CARTESIAN_POINT('',(-0.863790682422,-10.54549014554));
#636 = CARTESIAN_POINT('',(-0.860722118107,-10.71796880627));
#637 = CARTESIAN_POINT('',(-0.858080632387,-10.90304067351));
#638 = CARTESIAN_POINT('',(-0.855856613197,-11.09675879801));
#639 = CARTESIAN_POINT('',(-0.851732302366,-11.54658426104));
#640 = CARTESIAN_POINT('',(-0.850044515851,-11.80847249388));
#641 = CARTESIAN_POINT('',(-0.848939367892,-12.07688930708));
#642 = CARTESIAN_POINT('',(-0.848395609358,-12.34874829361));
#643 = CARTESIAN_POINT('',(-0.848402806949,-12.62153820908));
#644 = CARTESIAN_POINT('',(-0.848962139405,-12.89291800129));
#645 = CARTESIAN_POINT('',(-0.850087001696,-13.16032832754));
#646 = CARTESIAN_POINT('',(-0.853309219066,-13.64826528166));
#647 = CARTESIAN_POINT('',(-0.855277730565,-13.87172486547));
#648 = CARTESIAN_POINT('',(-0.85773048846,-14.08746600701));
#649 = CARTESIAN_POINT('',(-0.860687428768,-14.29155237084));
#650 = CARTESIAN_POINT('',(-0.86416317044,-14.47915370332));
#651 = CARTESIAN_POINT('',(-0.86816392107,-14.64442035573));
#652 = CARTESIAN_POINT('',(-0.872681207782,-14.78023234914));
#653 = CARTESIAN_POINT('',(-0.882019241771,-14.96226392833));
#654 = CARTESIAN_POINT('',(-0.886655584975,-15.01660205186));
#655 = CARTESIAN_POINT('',(-0.89145824897,-15.03468521385));
#656 = CARTESIAN_POINT('',(-0.896277955717,-15.0140192735));
#657 = CARTESIAN_POINT('',(-0.900959749352,-14.95549663882));
#658 = CARTESIAN_POINT('',(-0.905359822665,-14.8633066529));
#659 = CARTESIAN_POINT('',(-0.909360860418,-14.74486985082));
#660 = CARTESIAN_POINT('',(-0.917929858078,-14.41866810323));
#661 = CARTESIAN_POINT('',(-0.922164634578,-14.18785848185));
#662 = CARTESIAN_POINT('',(-0.925604298563,-13.93162162163));
#663 = CARTESIAN_POINT('',(-0.928291845485,-13.65871678692));
#664 = CARTESIAN_POINT('',(-0.93027107701,-13.37532470648));
#665 = CARTESIAN_POINT('',(-0.931577831047,-13.08577073307));
#666 = CARTESIAN_POINT('',(-0.932232983253,-12.7931096034));
#667 = CARTESIAN_POINT('',(-0.932232983253,-12.5));
#668 = ( GEOMETRIC_REPRESENTATION_CONTEXT(2) 
PARAMETRIC_REPRESENTATION_CONTEXT() REPRESENTATION_CONTEXT('2D SPACE',''
  ) );
#669 = PCURVE('',#670,#675);
#670 = CYLINDRICAL_SURFACE('',#671,2.5);
#671 = AXIS2_PLACEMENT_3D('',#672,#673,#674);
#672 = CARTESIAN_POINT('',(-2.128869298853,54.194840448165,12.5));
#673 = DIRECTION('',(3.48994967025E-02,-0.999390827019,0.));
#674 = DIRECTION('',(-0.999390827019,-3.48994967025E-02,0.));
#675 = DEFINITIONAL_REPRESENTATION('',(#676),#728);
#676 = B_SPLINE_CURVE_WITH_KNOTS('',8,(#677,#678,#679,#680,#681,#682,
    #683,#684,#685,#686,#687,#688,#689,#690,#691,#692,#693,#694,#695,
    #696,#697,#698,#699,#700,#701,#702,#703,#704,#705,#706,#707,#708,
    #709,#710,#711,#712,#713,#714,#715,#716,#717,#718,#719,#720,#721,
    #722,#723,#724,#725,#726,#727),.UNSPECIFIED.,.F.,.F.,(9,7,7,7,7,7,7,
    9),(0.,0.154897705646,0.286324958567,0.411357041464,0.569154377946,
    0.707511542679,0.827707368838,1.),.UNSPECIFIED.);
#677 = CARTESIAN_POINT('',(0.,1.052105958591));
#678 = CARTESIAN_POINT('',(0.104146378793,1.052105958591));
#679 = CARTESIAN_POINT('',(0.208135370689,1.05081366903));
#680 = CARTESIAN_POINT('',(0.312939533741,1.048235458549));
#681 = CARTESIAN_POINT('',(0.419414972262,1.044431519795));
#682 = CARTESIAN_POINT('',(0.528397694661,1.039521437851));
#683 = CARTESIAN_POINT('',(0.64074444304,1.033726644832));
#684 = CARTESIAN_POINT('',(0.757409120613,1.02742161793));
#685 = CARTESIAN_POINT('',(0.983361164001,1.015857652595));
#686 = CARTESIAN_POINT('',(1.095001928818,1.010384555646));
#687 = CARTESIAN_POINT('',(1.211775697981,1.005301809287));
#688 = CARTESIAN_POINT('',(1.331914349074,1.001283125006));
#689 = CARTESIAN_POINT('',(1.454140971111,0.998960296599));
#690 = CARTESIAN_POINT('',(1.577346743474,0.998623467382));
#691 = CARTESIAN_POINT('',(1.700466740601,1.000168566015));
#692 = CARTESIAN_POINT('',(1.937860982165,1.006125424788));
#693 = CARTESIAN_POINT('',(2.048712974637,1.010304671477));
#694 = CARTESIAN_POINT('',(2.155401723308,1.015333616883));
#695 = CARTESIAN_POINT('',(2.258391614372,1.02076650386));
#696 = CARTESIAN_POINT('',(2.358028117966,1.026213839273));
#697 = CARTESIAN_POINT('',(2.454566415522,1.031370026128));
#698 = CARTESIAN_POINT('',(2.548167316243,1.036014494427));
#699 = CARTESIAN_POINT('',(2.753495187534,1.045049897255));
#700 = CARTESIAN_POINT('',(2.864791914049,1.049110261528));
#701 = CARTESIAN_POINT('',(2.973934261325,1.051918613224));
#702 = CARTESIAN_POINT('',(3.081835899812,1.053336216935));
#703 = CARTESIAN_POINT('',(3.189356207574,1.053309913394));
#704 = CARTESIAN_POINT('',(3.297353905585,1.051849509505));
#705 = CARTESIAN_POINT('',(3.406736222374,1.049032883215));
#706 = CARTESIAN_POINT('',(3.616652029675,1.041543028358));
#707 = CARTESIAN_POINT('',(3.717137894196,1.037122769936));
#708 = CARTESIAN_POINT('',(3.820470834323,1.031898600823));
#709 = CARTESIAN_POINT('',(3.927088303076,1.026078146636));
#710 = CARTESIAN_POINT('',(4.037490175544,1.019974941556));
#711 = CARTESIAN_POINT('',(4.152260875326,1.014036133185));
#712 = CARTESIAN_POINT('',(4.27214093238,1.008834100622));
#713 = CARTESIAN_POINT('',(4.507767558106,1.001620072631));
#714 = CARTESIAN_POINT('',(4.620307472017,0.999331009049));
#715 = CARTESIAN_POINT('',(4.734171466901,0.998510104465));
#716 = CARTESIAN_POINT('',(4.848100072395,0.999405286247));
#717 = CARTESIAN_POINT('',(4.960920516083,1.001938510878));
#718 = CARTESIAN_POINT('',(5.071357846254,1.005729390075));
#719 = CARTESIAN_POINT('',(5.177805980047,1.01023842783));
#720 = CARTESIAN_POINT('',(5.421318809681,1.021717174211));
#721 = CARTESIAN_POINT('',(5.556567309887,1.029136679433));
#722 = CARTESIAN_POINT('',(5.685641467808,1.036252525675));
#723 = CARTESIAN_POINT('',(5.809900962209,1.042396366421));
#724 = CARTESIAN_POINT('',(5.930602042462,1.047201510787));
#725 = CARTESIAN_POINT('',(6.048876476249,1.050468013608));
#726 = CARTESIAN_POINT('',(6.165941465817,1.052105958591));
#727 = CARTESIAN_POINT('',(6.28318530718,1.052105958591));
#728 = ( GEOMETRIC_REPRESENTATION_CONTEXT(2) 
PARAMETRIC_REPRESENTATION_CONTEXT() REPRESENTATION_CONTEXT('2D SPACE',''
  ) );
#729 = FACE_BOUND('',#730,.F.);
#730 = EDGE_LOOP('',(#731));
#731 = ORIENTED_EDGE('',*,*,#732,.T.);
#732 = EDGE_CURVE('',#733,#733,#735,.T.);
#733 = VERTEX_POINT('',#734);
#734 = CARTESIAN_POINT('',(-25.33272450671,47.621825050896,16.5));
#735 = SURFACE_CURVE('',#736,(#802,#871),.PCURVE_S1.);
#736 = B_SPLINE_CURVE_WITH_KNOTS('',8,(#737,#738,#739,#740,#741,#742,
    #743,#744,#745,#746,#747,#748,#749,#750,#751,#752,#753,#754,#755,
    #756,#757,#758,#759,#760,#761,#762,#763,#764,#765,#766,#767,#768,
    #769,#770,#771,#772,#773,#774,#775,#776,#777,#778,#779,#780,#781,
    #782,#783,#784,#785,#786,#787,#788,#789,#790,#791,#792,#793,#794,
    #795,#796,#797,#798,#799,#800,#801),.UNSPECIFIED.,.T.,.F.,(9,7,7,7,7
    ,7,7,7,7,9),(0.,8.089249892358E-02,0.155162133061,0.248432100814,
    0.432515184593,0.5710944173,0.750584865246,0.844078834428,
    0.920342813452,1.),.UNSPECIFIED.);
#737 = CARTESIAN_POINT('',(-25.33272450671,47.621825050896,16.5));
#738 = CARTESIAN_POINT('',(-25.05610383075,47.750664505155,16.5));
#739 = CARTESIAN_POINT('',(-24.7784544165,47.878026665918,
    16.478137076304));
#740 = CARTESIAN_POINT('',(-24.50258310741,48.002596396325,
    16.434128329403));
#741 = CARTESIAN_POINT('',(-24.2312864664,48.123176586631,
    16.368257818212));
#742 = CARTESIAN_POINT('',(-23.96727034015,48.238718695499,
    16.281355988964));
#743 = CARTESIAN_POINT('',(-23.71306287433,48.348343877171,
    16.174780167878));
#744 = CARTESIAN_POINT('',(-23.47092097947,48.451354694547,
    16.050396117601));
#745 = CARTESIAN_POINT('',(-23.03322204403,48.635269990962,
    15.782173864999));
#746 = CARTESIAN_POINT('',(-22.83540068135,48.717324924272,
    15.640717126783));
#747 = CARTESIAN_POINT('',(-22.64990817879,48.793347508533,
    15.487486339253));
#748 = CARTESIAN_POINT('',(-22.47727974637,48.863326734354,
    15.323775098939));
#749 = CARTESIAN_POINT('',(-22.31793980469,48.92728795836,
    15.150876406228));
#750 = CARTESIAN_POINT('',(-22.17219850982,48.985287286618,
    14.970083719305));
#751 = CARTESIAN_POINT('',(-22.04024878363,49.037407675638,
    14.782691358184));
#752 = CARTESIAN_POINT('',(-21.77386935255,49.141963268405,
    14.347999634164));
#753 = CARTESIAN_POINT('',(-21.64722795131,49.19115146182,
    14.097292261381));
#754 = CARTESIAN_POINT('',(-21.54205399868,49.231661898961,
    13.83967613238));
#755 = CARTESIAN_POINT('',(-21.45816368605,49.263773463101,
    13.576760978357));
#756 = CARTESIAN_POINT('',(-21.39539162233,49.287701829141,
    13.31000727999));
#757 = CARTESIAN_POINT('',(-21.35360630835,49.303597088343,
    13.040770342551));
#758 = CARTESIAN_POINT('',(-21.33272450671,49.311540521663,
    12.770343435995));
#759 = CARTESIAN_POINT('',(-21.33272450671,49.311540521663,
    11.966434324188));
#760 = CARTESIAN_POINT('',(-21.41406479321,49.280598759803,
    11.427558298627));
#761 = CARTESIAN_POINT('',(-21.57958242355,49.217634615517,
    10.895868037155));
#762 = CARTESIAN_POINT('',(-21.83072713074,49.121345559836,
    10.384921833149));
#763 = CARTESIAN_POINT('',(-22.16739723273,48.990112937484,
    9.909344009829));
#764 = CARTESIAN_POINT('',(-22.58756359066,48.82219102215,9.485305322109
    ));
#765 = CARTESIAN_POINT('',(-23.08712221012,48.615849651452,
    9.130645012715));
#766 = CARTESIAN_POINT('',(-24.08791137667,48.186447385591,
    8.669274887524));
#767 = CARTESIAN_POINT('',(-24.54998930679,47.983652316103,
    8.526732463137));
#768 = CARTESIAN_POINT('',(-25.03280724979,47.76617249816,8.448235678323
    ));
#769 = CARTESIAN_POINT('',(-25.52282860342,47.539079018917,
    8.437873583243));
#770 = CARTESIAN_POINT('',(-26.00588148678,47.308651548374,
    8.495436408991));
#771 = CARTESIAN_POINT('',(-26.4683728866,47.082084403137,8.616466858001
    ));
#772 = CARTESIAN_POINT('',(-26.8984247819,46.866553353299,8.792286083259
    ));
#773 = CARTESIAN_POINT('',(-27.79077077075,46.410875103572,
    9.292023848686));
#774 = CARTESIAN_POINT('',(-28.23255317379,46.178440422285,
    9.648513268232));
#775 = CARTESIAN_POINT('',(-28.60546726642,45.977141042277,
    10.063939988455));
#776 = CARTESIAN_POINT('',(-28.90506934541,45.812209657801,
    10.524639277903));
#777 = CARTESIAN_POINT('',(-29.12859525872,45.687569591758,
    11.018034312775));
#778 = CARTESIAN_POINT('',(-29.27449468353,45.605733621959,
    11.532304355574));
#779 = CARTESIAN_POINT('',(-29.3422111939,45.567788715918,
    12.056180250364));
#780 = CARTESIAN_POINT('',(-29.32661036843,45.57653134581,
    12.850621657502));
#781 = CARTESIAN_POINT('',(-29.30011015569,45.591381132638,
    13.122353920665));
#782 = CARTESIAN_POINT('',(-29.25246709309,45.618067065621,
    13.392171582984));
#783 = CARTESIAN_POINT('',(-29.18374761107,45.656477736516,
    13.658507062521));
#784 = CARTESIAN_POINT('',(-29.09407507371,45.706407175247,
    13.919770043813));
#785 = CARTESIAN_POINT('',(-28.98363692255,45.767554332623,
    14.17433203342));
#786 = CARTESIAN_POINT('',(-28.85269419845,45.839524591583,
    14.420510598961));
#787 = CARTESIAN_POINT('',(-28.57833902149,45.988973360984,
    14.84909571038));
#788 = CARTESIAN_POINT('',(-28.44161749227,46.063022028436,
    15.034978497021));
#789 = CARTESIAN_POINT('',(-28.29164204396,46.14370196698,
    15.213168654601));
#790 = CARTESIAN_POINT('',(-28.12869134058,46.230681242629,
    15.382611907669));
#791 = CARTESIAN_POINT('',(-27.95311516783,46.323575076254,
    15.54223017758));
#792 = CARTESIAN_POINT('',(-27.76534139799,46.421948539777,
    15.690918818807));
#793 = CARTESIAN_POINT('',(-27.56588427224,46.525320202041,
    15.827543616307));
#794 = CARTESIAN_POINT('',(-27.13545662053,46.745811653936,
    16.079821628322));
#795 = CARTESIAN_POINT('',(-26.90303993082,46.863563195184,
    16.19452816792));
#796 = CARTESIAN_POINT('',(-26.65939424107,46.985511673464,
    16.293229136562));
#797 = CARTESIAN_POINT('',(-26.40605064759,47.110649534884,
    16.374334769152));
#798 = CARTESIAN_POINT('',(-26.14474659947,47.237915228696,
    16.436505137081));
#799 = CARTESIAN_POINT('',(-25.87738811153,47.366231720986,
    16.47866186658));
#800 = CARTESIAN_POINT('',(-25.60600862367,47.49453963969,16.5));
#801 = CARTESIAN_POINT('',(-25.33272450671,47.621825050896,16.5));
#802 = PCURVE('',#55,#803);
#803 = DEFINITIONAL_REPRESENTATION('',(#804),#870);
#804 = B_SPLINE_CURVE_WITH_KNOTS('',8,(#805,#806,#807,#808,#809,#810,
    #811,#812,#813,#814,#815,#816,#817,#818,#819,#820,#821,#822,#823,
    #824,#825,#826,#827,#828,#829,#830,#831,#832,#833,#834,#835,#836,
    #837,#838,#839,#840,#841,#842,#843,#844,#845,#846,#847,#848,#849,
    #850,#851,#852,#853,#854,#855,#856,#857,#858,#859,#860,#861,#862,
    #863,#864,#865,#866,#867,#868,#869),.UNSPECIFIED.,.T.,.F.,(9,7,7,7,7
    ,7,7,7,7,9),(0.,8.089249892358E-02,0.155162133061,0.248432100814,
    0.432515184593,0.5710944173,0.750584865246,0.844078834428,
    0.920342813452,1.),.UNSPECIFIED.);
#805 = CARTESIAN_POINT('',(-1.291531848239,-16.5));
#806 = CARTESIAN_POINT('',(-1.28644595808,-16.5));
#807 = CARTESIAN_POINT('',(-1.281354920552,-16.4781370763));
#808 = CARTESIAN_POINT('',(-1.276310198249,-16.4341283294));
#809 = CARTESIAN_POINT('',(-1.271362260357,-16.36825781821));
#810 = CARTESIAN_POINT('',(-1.266559207797,-16.28135598896));
#811 = CARTESIAN_POINT('',(-1.261945342108,-16.17478016787));
#812 = CARTESIAN_POINT('',(-1.257559678071,-16.0503961176));
#813 = CARTESIAN_POINT('',(-1.249646868583,-15.78217386499));
#814 = CARTESIAN_POINT('',(-1.246077503034,-15.64071712678));
#815 = CARTESIAN_POINT('',(-1.242736438254,-15.48748633925));
#816 = CARTESIAN_POINT('',(-1.239631927043,-15.32377509893));
#817 = CARTESIAN_POINT('',(-1.236770318506,-15.15087640622));
#818 = CARTESIAN_POINT('',(-1.234156032177,-14.9700837193));
#819 = CARTESIAN_POINT('',(-1.2317915279,-14.78269135818));
#820 = CARTESIAN_POINT('',(-1.227022126782,-14.34799963416));
#821 = CARTESIAN_POINT('',(-1.224757833282,-14.09729226138));
#822 = CARTESIAN_POINT('',(-1.222879408689,-13.83967613238));
#823 = CARTESIAN_POINT('',(-1.2213823093,-13.57676097835));
#824 = CARTESIAN_POINT('',(-1.220262674317,-13.31000727999));
#825 = CARTESIAN_POINT('',(-1.219517566003,-13.04077034255));
#826 = CARTESIAN_POINT('',(-1.219145205697,-12.77034343599));
#827 = CARTESIAN_POINT('',(-1.219145205697,-11.96643432418));
#828 = CARTESIAN_POINT('',(-1.220595649155,-11.42755829862));
#829 = CARTESIAN_POINT('',(-1.22354713753,-10.89586803715));
#830 = CARTESIAN_POINT('',(-1.228029960433,-10.38492183314));
#831 = CARTESIAN_POINT('',(-1.234052156304,-9.909344009831));
#832 = CARTESIAN_POINT('',(-1.241592797746,-9.485305322109));
#833 = CARTESIAN_POINT('',(-1.250600225018,-9.130645012715));
#834 = CARTESIAN_POINT('',(-1.268750563719,-8.669274887524));
#835 = CARTESIAN_POINT('',(-1.277160617963,-8.526732463136));
#836 = CARTESIAN_POINT('',(-1.285985564344,-8.448235678325));
#837 = CARTESIAN_POINT('',(-1.294985921988,-8.437873583239));
#838 = CARTESIAN_POINT('',(-1.30390487892,-8.495436408994));
#839 = CARTESIAN_POINT('',(-1.312487715951,-8.616466858));
#840 = CARTESIAN_POINT('',(-1.320504799222,-8.792286083259));
#841 = CARTESIAN_POINT('',(-1.337204134132,-9.292023848686));
#842 = CARTESIAN_POINT('',(-1.345523461711,-9.648513268232));
#843 = CARTESIAN_POINT('',(-1.352585841255,-10.06393998845));
#844 = CARTESIAN_POINT('',(-1.358285634257,-10.5246392779));
#845 = CARTESIAN_POINT('',(-1.362551104163,-11.01803431277));
#846 = CARTESIAN_POINT('',(-1.365339152614,-11.53230435557));
#847 = CARTESIAN_POINT('',(-1.366632872815,-12.05618025036));
#848 = CARTESIAN_POINT('',(-1.366334814593,-12.8506216575));
#849 = CARTESIAN_POINT('',(-1.365828527156,-13.12235392066));
#850 = CARTESIAN_POINT('',(-1.364918398674,-13.39217158298));
#851 = CARTESIAN_POINT('',(-1.36360630334,-13.65850706252));
#852 = CARTESIAN_POINT('',(-1.36189571176,-13.91977004381));
#853 = CARTESIAN_POINT('',(-1.359791789775,-14.17433203342));
#854 = CARTESIAN_POINT('',(-1.357301508941,-14.42051059896));
#855 = CARTESIAN_POINT('',(-1.352094523841,-14.84909571038));
#856 = CARTESIAN_POINT('',(-1.349503093559,-15.03497849702));
#857 = CARTESIAN_POINT('',(-1.346664789337,-15.2131686546));
#858 = CARTESIAN_POINT('',(-1.343586299618,-15.38261190766));
#859 = CARTESIAN_POINT('',(-1.340275749044,-15.54223017758));
#860 = CARTESIAN_POINT('',(-1.336742772291,-15.6909188188));
#861 = CARTESIAN_POINT('',(-1.332998602481,-15.8275436163));
#862 = CARTESIAN_POINT('',(-1.324938335672,-16.07982162832));
#863 = CARTESIAN_POINT('',(-1.320595986148,-16.19452816792));
#864 = CARTESIAN_POINT('',(-1.316055072517,-16.29322913656));
#865 = CARTESIAN_POINT('',(-1.31134580613,-16.37433476915));
#866 = CARTESIAN_POINT('',(-1.306501824829,-16.43650513708));
#867 = CARTESIAN_POINT('',(-1.301559357789,-16.47866186658));
#868 = CARTESIAN_POINT('',(-1.296556393118,-16.5));
#869 = CARTESIAN_POINT('',(-1.291531848239,-16.5));
#870 = ( GEOMETRIC_REPRESENTATION_CONTEXT(2) 
PARAMETRIC_REPRESENTATION_CONTEXT() REPRESENTATION_CONTEXT('2D SPACE',''
  ) );
#871 = PCURVE('',#872,#877);
#872 = CYLINDRICAL_SURFACE('',#873,4.);
#873 = AXIS2_PLACEMENT_3D('',#874,#875,#876);
#874 = CARTESIAN_POINT('',(-25.33272450671,-1.,12.5));
#875 = DIRECTION('',(0.,1.,0.));
#876 = DIRECTION('',(0.,-0.,1.));
#877 = DEFINITIONAL_REPRESENTATION('',(#878),#944);
#878 = B_SPLINE_CURVE_WITH_KNOTS('',8,(#879,#880,#881,#882,#883,#884,
    #885,#886,#887,#888,#889,#890,#891,#892,#893,#894,#895,#896,#897,
    #898,#899,#900,#901,#902,#903,#904,#905,#906,#907,#908,#909,#910,
    #911,#912,#913,#914,#915,#916,#917,#918,#919,#920,#921,#922,#923,
    #924,#925,#926,#927,#928,#929,#930,#931,#932,#933,#934,#935,#936,
    #937,#938,#939,#940,#941,#942,#943),.UNSPECIFIED.,.F.,.F.,(9,7,7,7,7
    ,7,7,7,7,9),(0.,8.089249892358E-02,0.155162133061,0.248432100814,
    0.432515184593,0.5710944173,0.750584865246,0.844078834428,
    0.920342813452,1.),.UNSPECIFIED.);
#879 = CARTESIAN_POINT('',(0.,48.621825050896));
#880 = CARTESIAN_POINT('',(6.915516898831E-02,48.750664505155));
#881 = CARTESIAN_POINT('',(0.138567409289,48.878026665918));
#882 = CARTESIAN_POINT('',(0.208039519201,49.002596396325));
#883 = CARTESIAN_POINT('',(0.277391081026,49.123176586631));
#884 = CARTESIAN_POINT('',(0.34644411901,49.238718695499));
#885 = CARTESIAN_POINT('',(0.415009147863,49.348343877171));
#886 = CARTESIAN_POINT('',(0.482871611839,49.451354694547));
#887 = CARTESIAN_POINT('',(0.611207970403,49.635269990962));
#888 = CARTESIAN_POINT('',(0.671853332172,49.717324924272));
#889 = CARTESIAN_POINT('',(0.731761813315,49.793347508533));
#890 = CARTESIAN_POINT('',(0.790965915112,49.863326734354));
#891 = CARTESIAN_POINT('',(0.849487050652,49.927287958359));
#892 = CARTESIAN_POINT('',(0.907337013176,49.985287286618));
#893 = CARTESIAN_POINT('',(0.964517488632,50.037407675638));
#894 = CARTESIAN_POINT('',(1.091972111986,50.141963268405));
#895 = CARTESIAN_POINT('',(1.161955517916,50.19115146182));
#896 = CARTESIAN_POINT('',(1.231151283093,50.231661898961));
#897 = CARTESIAN_POINT('',(1.299723173927,50.263773463101));
#898 = CARTESIAN_POINT('',(1.367824269296,50.287701829141));
#899 = CARTESIAN_POINT('',(1.435603605582,50.303597088343));
#900 = CARTESIAN_POINT('',(1.503210467796,50.311540521663));
#901 = CARTESIAN_POINT('',(1.704187745748,50.311540521663));
#902 = CARTESIAN_POINT('',(1.838907196194,50.280598759803));
#903 = CARTESIAN_POINT('',(1.975443994174,50.217634615517));
#904 = CARTESIAN_POINT('',(2.114339990874,50.121345559836));
#905 = CARTESIAN_POINT('',(2.256218095887,49.990112937484));
#906 = CARTESIAN_POINT('',(2.401906088334,49.82219102215));
#907 = CARTESIAN_POINT('',(2.552444883189,49.615849651452));
#908 = CARTESIAN_POINT('',(2.82794911958,49.186447385591));
#909 = CARTESIAN_POINT('',(2.947776596797,48.983652316103));
#910 = CARTESIAN_POINT('',(3.068133571895,48.766172498161));
#911 = CARTESIAN_POINT('',(3.188313662221,48.539079018916));
#912 = CARTESIAN_POINT('',(3.307647941498,48.308651548375));
#913 = CARTESIAN_POINT('',(3.425419418728,48.082084403137));
#914 = CARTESIAN_POINT('',(3.540701325114,47.866553353299));
#915 = CARTESIAN_POINT('',(3.796389025006,47.410875103572));
#916 = CARTESIAN_POINT('',(3.936300393318,47.178440422285));
#917 = CARTESIAN_POINT('',(4.07296148823,46.977141042277));
#918 = CARTESIAN_POINT('',(4.207164614039,46.812209657801));
#919 = CARTESIAN_POINT('',(4.339575095813,46.687569591758));
#920 = CARTESIAN_POINT('',(4.470799376318,46.605733621959));
#921 = CARTESIAN_POINT('',(4.601410127546,46.567788715918));
#922 = CARTESIAN_POINT('',(4.800058770747,46.57653134581));
#923 = CARTESIAN_POINT('',(4.868108861425,46.591381132638));
#924 = CARTESIAN_POINT('',(4.936263886083,46.618067065621));
#925 = CARTESIAN_POINT('',(5.00461279392,46.656477736516));
#926 = CARTESIAN_POINT('',(5.073245224497,46.706407175247));
#927 = CARTESIAN_POINT('',(5.142253728821,46.767554332623));
#928 = CARTESIAN_POINT('',(5.211736790767,46.839524591583));
#929 = CARTESIAN_POINT('',(5.338956080002,46.988973360984));
#930 = CARTESIAN_POINT('',(5.396522475393,47.063022028436));
#931 = CARTESIAN_POINT('',(5.454539996134,47.14370196698));
#932 = CARTESIAN_POINT('',(5.513050976694,47.230681242629));
#933 = CARTESIAN_POINT('',(5.572101841006,47.323575076254));
#934 = CARTESIAN_POINT('',(5.631743875397,47.421948539777));
#935 = CARTESIAN_POINT('',(5.692034858316,47.525320202041));
#936 = CARTESIAN_POINT('',(5.816762601496,47.745811653936));
#937 = CARTESIAN_POINT('',(5.881391598878,47.863563195184));
#938 = CARTESIAN_POINT('',(5.946813517604,47.985511673464));
#939 = CARTESIAN_POINT('',(6.012938388214,48.110649534884));
#940 = CARTESIAN_POINT('',(6.079693773168,48.237915228696));
#941 = CARTESIAN_POINT('',(6.147019447182,48.366231720986));
#942 = CARTESIAN_POINT('',(6.214864277939,48.49453963969));
#943 = CARTESIAN_POINT('',(6.28318530718,48.621825050896));
#944 = ( GEOMETRIC_REPRESENTATION_CONTEXT(2) 
PARAMETRIC_REPRESENTATION_CONTEXT() REPRESENTATION_CONTEXT('2D SPACE',''
  ) );
#945 = FACE_BOUND('',#946,.F.);
#946 = EDGE_LOOP('',(#947));
#947 = ORIENTED_EDGE('',*,*,#948,.F.);
#948 = EDGE_CURVE('',#949,#949,#951,.T.);
#949 = VERTEX_POINT('',#950);
#950 = CARTESIAN_POINT('',(-42.78197070423,35.299837865313,12.5));
#951 = SURFACE_CURVE('',#952,(#1004,#1059),.PCURVE_S1.);
#952 = B_SPLINE_CURVE_WITH_KNOTS('',8,(#953,#954,#955,#956,#957,#958,
    #959,#960,#961,#962,#963,#964,#965,#966,#967,#968,#969,#970,#971,
    #972,#973,#974,#975,#976,#977,#978,#979,#980,#981,#982,#983,#984,
    #985,#986,#987,#988,#989,#990,#991,#992,#993,#994,#995,#996,#997,
    #998,#999,#1000,#1001,#1002,#1003),.UNSPECIFIED.,.T.,.F.,(9,7,7,7,7,
    7,7,9),(0.,0.154897708328,0.286324960916,0.411357043451,
    0.569154379401,0.707511543667,0.82770736942,1.),.UNSPECIFIED.);
#953 = CARTESIAN_POINT('',(-42.78197070423,35.299837865313,12.5));
#954 = CARTESIAN_POINT('',(-42.78197070423,35.299837865313,
    12.239634047967));
#955 = CARTESIAN_POINT('',(-42.76022356518,35.321954047221,
    11.97966041073));
#956 = CARTESIAN_POINT('',(-42.71684582825,35.366068655217,
    11.72195758917));
#957 = CARTESIAN_POINT('',(-42.65125393562,35.432645231194,
    11.468619005181));
#958 = CARTESIAN_POINT('',(-42.56238009046,35.522519036889,
    11.222456104883));
#959 = CARTESIAN_POINT('',(-42.44879084047,35.636727966187,
    10.987313190372));
#960 = CARTESIAN_POINT('',(-42.30886632011,35.776274732814,
    10.768508604484));
#961 = CARTESIAN_POINT('',(-41.99893532781,36.082080204156,
    10.408440468148));
#962 = CARTESIAN_POINT('',(-41.83133214334,36.246383682674,
    10.25421468132));
#963 = CARTESIAN_POINT('',(-41.64049625525,36.431888971956,
    10.12453521882));
#964 = CARTESIAN_POINT('',(-41.43065683715,36.633716684445,
    10.029554385041));
#965 = CARTESIAN_POINT('',(-41.20788601894,36.845320577795,
    9.976060551416));
#966 = CARTESIAN_POINT('',(-40.97942805333,37.059525645139,
    9.967317129783));
#967 = CARTESIAN_POINT('',(-40.75298967217,37.269264035996,
    10.002904934116));
#968 = CARTESIAN_POINT('',(-40.329153583,37.657644861711,10.15049880196)
  );
#969 = CARTESIAN_POINT('',(-40.13723785663,37.831476800428,
    10.256486387943));
#970 = CARTESIAN_POINT('',(-39.96220037736,37.988353957736,
    10.390016283411));
#971 = CARTESIAN_POINT('',(-39.80531237883,38.127697408344,
    10.545490145609));
#972 = CARTESIAN_POINT('',(-39.66720266973,38.24945222599,
    10.717968806339));
#973 = CARTESIAN_POINT('',(-39.54800692874,38.353909963917,
    10.903040673501));
#974 = CARTESIAN_POINT('',(-39.44744980803,38.4416302907,11.096758797916
    ));
#975 = CARTESIAN_POINT('',(-39.26069522856,38.603983333312,
    11.54658426104));
#976 = CARTESIAN_POINT('',(-39.18403169685,38.670148860751,
    11.808472493881));
#977 = CARTESIAN_POINT('',(-39.13373561177,38.713359716777,
    12.076889307089));
#978 = CARTESIAN_POINT('',(-39.10896552175,38.734593146336,
    12.348748293618));
#979 = CARTESIAN_POINT('',(-39.10929825491,38.734317864159,
    12.621538209086));
#980 = CARTESIAN_POINT('',(-39.13477928513,38.712477895308,
    12.89291800129));
#981 = CARTESIAN_POINT('',(-39.1859454714,38.668464309675,
    13.160328327547));
#982 = CARTESIAN_POINT('',(-39.33213442396,38.541947688812,
    13.648265281659));
#983 = CARTESIAN_POINT('',(-39.42134212365,38.464538767902,
    13.871724865471));
#984 = CARTESIAN_POINT('',(-39.53230879355,38.367873192843,
    14.087466007011));
#985 = CARTESIAN_POINT('',(-39.66577156147,38.250976983085,
    14.291552370848));
#986 = CARTESIAN_POINT('',(-39.82216411269,38.113015022739,
    14.479153703329));
#987 = CARTESIAN_POINT('',(-40.00146023746,37.95339949665,
    14.644420355733));
#988 = CARTESIAN_POINT('',(-40.20290166128,37.772056009117,
    14.780232349144));
#989 = CARTESIAN_POINT('',(-40.61693193365,37.394571046326,
    14.962263928335));
#990 = CARTESIAN_POINT('',(-40.82162732892,37.206194060323,
    15.016602051868));
#991 = CARTESIAN_POINT('',(-41.03261590651,37.009918674139,
    15.034685213857));
#992 = CARTESIAN_POINT('',(-41.24318070283,36.81168971683,
    15.014019273503));
#993 = CARTESIAN_POINT('',(-41.44657556568,36.617925720079,
    14.955496638821));
#994 = CARTESIAN_POINT('',(-41.6367531721,36.43480543503,14.863306652901
    ));
#995 = CARTESIAN_POINT('',(-41.80894381383,36.267530171451,
    14.744869850827));
#996 = CARTESIAN_POINT('',(-42.17644904831,35.907975310772,
    14.41866810323));
#997 = CARTESIAN_POINT('',(-42.35684733388,35.729035350334,
    14.187858481857));
#998 = CARTESIAN_POINT('',(-42.50260375463,35.582921935235,
    13.931621621636));
#999 = CARTESIAN_POINT('',(-42.61607327968,35.468347024514,
    13.658716786916));
#1000 = CARTESIAN_POINT('',(-42.69943734312,35.383771839528,
    13.375324706485));
#1001 = CARTESIAN_POINT('',(-42.75440990935,35.32786661688,
    13.085770733074));
#1002 = CARTESIAN_POINT('',(-42.78197070423,35.299837865313,
    12.793109603407));
#1003 = CARTESIAN_POINT('',(-42.78197070423,35.299837865313,12.5));
#1004 = PCURVE('',#55,#1005);
#1005 = DEFINITIONAL_REPRESENTATION('',(#1006),#1058);
#1006 = B_SPLINE_CURVE_WITH_KNOTS('',8,(#1007,#1008,#1009,#1010,#1011,
    #1012,#1013,#1014,#1015,#1016,#1017,#1018,#1019,#1020,#1021,#1022,
    #1023,#1024,#1025,#1026,#1027,#1028,#1029,#1030,#1031,#1032,#1033,
    #1034,#1035,#1036,#1037,#1038,#1039,#1040,#1041,#1042,#1043,#1044,
    #1045,#1046,#1047,#1048,#1049,#1050,#1051,#1052,#1053,#1054,#1055,
    #1056,#1057),.UNSPECIFIED.,.F.,.F.,(9,7,7,7,7,7,7,9),(0.,
    0.154897708328,0.286324960916,0.411357043451,0.569154379401,
    0.707511543667,0.82770736942,1.),.UNSPECIFIED.);
#1007 = CARTESIAN_POINT('',(-1.649462064763,-12.5));
#1008 = CARTESIAN_POINT('',(-1.649462064763,-12.23963404796));
#1009 = CARTESIAN_POINT('',(-1.648945112276,-11.97966041073));
#1010 = CARTESIAN_POINT('',(-1.647913968485,-11.72195758917));
#1011 = CARTESIAN_POINT('',(-1.646356305869,-11.46861900518));
#1012 = CARTESIAN_POINT('',(-1.644249719425,-11.22245610488));
#1013 = CARTESIAN_POINT('',(-1.641565109015,-10.98731319037));
#1014 = CARTESIAN_POINT('',(-1.638271552425,-10.76850860448));
#1015 = CARTESIAN_POINT('',(-1.631014865733,-10.40844046814));
#1016 = CARTESIAN_POINT('',(-1.627103135559,-10.25421468132));
#1017 = CARTESIAN_POINT('',(-1.62266753398,-10.12453521881));
#1018 = CARTESIAN_POINT('',(-1.617815216665,-10.02955438504));
#1019 = CARTESIAN_POINT('',(-1.612694582361,-9.976060551416));
#1020 = CARTESIAN_POINT('',(-1.607475205136,-9.967317129783));
#1021 = CARTESIAN_POINT('',(-1.602331120215,-10.00290493411));
#1022 = CARTESIAN_POINT('',(-1.592749936453,-10.15049880196));
#1023 = CARTESIAN_POINT('',(-1.588434365634,-10.25648638794));
#1024 = CARTESIAN_POINT('',(-1.584516946046,-10.39001628341));
#1025 = CARTESIAN_POINT('',(-1.581019763931,-10.5454901456));
#1026 = CARTESIAN_POINT('',(-1.577951199617,-10.71796880633));
#1027 = CARTESIAN_POINT('',(-1.575309713898,-10.9030406735));
#1028 = CARTESIAN_POINT('',(-1.573085694708,-11.09675879791));
#1029 = CARTESIAN_POINT('',(-1.568961383877,-11.54658426104));
#1030 = CARTESIAN_POINT('',(-1.567273597361,-11.80847249388));
#1031 = CARTESIAN_POINT('',(-1.566168449403,-12.07688930708));
#1032 = CARTESIAN_POINT('',(-1.565624690869,-12.34874829361));
#1033 = CARTESIAN_POINT('',(-1.565631888459,-12.62153820908));
#1034 = CARTESIAN_POINT('',(-1.566191220915,-12.89291800129));
#1035 = CARTESIAN_POINT('',(-1.567316083207,-13.16032832754));
#1036 = CARTESIAN_POINT('',(-1.570538300577,-13.64826528165));
#1037 = CARTESIAN_POINT('',(-1.572506812075,-13.87172486547));
#1038 = CARTESIAN_POINT('',(-1.574959569971,-14.08746600701));
#1039 = CARTESIAN_POINT('',(-1.577916510278,-14.29155237084));
#1040 = CARTESIAN_POINT('',(-1.581392251951,-14.47915370332));
#1041 = CARTESIAN_POINT('',(-1.58539300258,-14.64442035573));
#1042 = CARTESIAN_POINT('',(-1.589910289292,-14.78023234914));
#1043 = CARTESIAN_POINT('',(-1.599248323281,-14.96226392833));
#1044 = CARTESIAN_POINT('',(-1.603884666485,-15.01660205186));
#1045 = CARTESIAN_POINT('',(-1.60868733048,-15.03468521385));
#1046 = CARTESIAN_POINT('',(-1.613507037228,-15.0140192735));
#1047 = CARTESIAN_POINT('',(-1.618188830862,-14.95549663882));
#1048 = CARTESIAN_POINT('',(-1.622588904175,-14.8633066529));
#1049 = CARTESIAN_POINT('',(-1.626589941929,-14.74486985082));
#1050 = CARTESIAN_POINT('',(-1.635158939588,-14.41866810323));
#1051 = CARTESIAN_POINT('',(-1.639393716088,-14.18785848185));
#1052 = CARTESIAN_POINT('',(-1.642833380073,-13.93162162163));
#1053 = CARTESIAN_POINT('',(-1.645520926995,-13.65871678691));
#1054 = CARTESIAN_POINT('',(-1.64750015852,-13.37532470648));
#1055 = CARTESIAN_POINT('',(-1.648806912557,-13.08577073307));
#1056 = CARTESIAN_POINT('',(-1.649462064763,-12.7931096034));
#1057 = CARTESIAN_POINT('',(-1.649462064763,-12.5));
#1058 = ( GEOMETRIC_REPRESENTATION_CONTEXT(2) 
PARAMETRIC_REPRESENTATION_CONTEXT() REPRESENTATION_CONTEXT('2D SPACE',''
  ) );
#1059 = PCURVE('',#1060,#1065);
#1060 = CYLINDRICAL_SURFACE('',#1061,2.5);
#1061 = AXIS2_PLACEMENT_3D('',#1062,#1063,#1064);
#1062 = CARTESIAN_POINT('',(-41.67519071438,37.776118342598,12.5));
#1063 = DIRECTION('',(0.683199847777,-0.730231448239,0.));
#1064 = DIRECTION('',(-0.730231448239,-0.683199847777,0.));
#1065 = DEFINITIONAL_REPRESENTATION('',(#1066),#1118);
#1066 = B_SPLINE_CURVE_WITH_KNOTS('',8,(#1067,#1068,#1069,#1070,#1071,
    #1072,#1073,#1074,#1075,#1076,#1077,#1078,#1079,#1080,#1081,#1082,
    #1083,#1084,#1085,#1086,#1087,#1088,#1089,#1090,#1091,#1092,#1093,
    #1094,#1095,#1096,#1097,#1098,#1099,#1100,#1101,#1102,#1103,#1104,
    #1105,#1106,#1107,#1108,#1109,#1110,#1111,#1112,#1113,#1114,#1115,
    #1116,#1117),.UNSPECIFIED.,.F.,.F.,(9,7,7,7,7,7,7,9),(0.,
    0.154897708328,0.286324960916,0.411357043451,0.569154379401,
    0.707511543667,0.82770736942,1.),.UNSPECIFIED.);
#1067 = CARTESIAN_POINT('',(0.,1.052105958591));
#1068 = CARTESIAN_POINT('',(0.104146380813,1.052105958591));
#1069 = CARTESIAN_POINT('',(0.208135364256,1.050813669136));
#1070 = CARTESIAN_POINT('',(0.312939541119,1.048235458318));
#1071 = CARTESIAN_POINT('',(0.419414971966,1.044431519883));
#1072 = CARTESIAN_POINT('',(0.528397687293,1.039521438077));
#1073 = CARTESIAN_POINT('',(0.640744450118,1.033726644533));
#1074 = CARTESIAN_POINT('',(0.757409118187,1.027421618054));
#1075 = CARTESIAN_POINT('',(0.983361164001,1.015857652595));
#1076 = CARTESIAN_POINT('',(1.095001928818,1.010384555646));
#1077 = CARTESIAN_POINT('',(1.211775697981,1.005301809288));
#1078 = CARTESIAN_POINT('',(1.331914349075,1.001283125006));
#1079 = CARTESIAN_POINT('',(1.45414097111,0.9989602966));
#1080 = CARTESIAN_POINT('',(1.577346743474,0.998623467382));
#1081 = CARTESIAN_POINT('',(1.700466740601,1.000168566015));
#1082 = CARTESIAN_POINT('',(1.937860982123,1.006125424787));
#1083 = CARTESIAN_POINT('',(2.048712974619,1.010304671475));
#1084 = CARTESIAN_POINT('',(2.155401723326,1.015333616884));
#1085 = CARTESIAN_POINT('',(2.258391614409,1.020766503862));
#1086 = CARTESIAN_POINT('',(2.358028117992,1.026213839275));
#1087 = CARTESIAN_POINT('',(2.45456641551,1.031370026128));
#1088 = CARTESIAN_POINT('',(2.548167316199,1.036014494425));
#1089 = CARTESIAN_POINT('',(2.753495187534,1.045049897255));
#1090 = CARTESIAN_POINT('',(2.864791914048,1.049110261528));
#1091 = CARTESIAN_POINT('',(2.973934261325,1.051918613224));
#1092 = CARTESIAN_POINT('',(3.081835899812,1.053336216935));
#1093 = CARTESIAN_POINT('',(3.189356207574,1.053309913394));
#1094 = CARTESIAN_POINT('',(3.297353905585,1.051849509505));
#1095 = CARTESIAN_POINT('',(3.406736222374,1.049032883215));
#1096 = CARTESIAN_POINT('',(3.616652029675,1.041543028358));
#1097 = CARTESIAN_POINT('',(3.717137894196,1.037122769936));
#1098 = CARTESIAN_POINT('',(3.820470834323,1.031898600823));
#1099 = CARTESIAN_POINT('',(3.927088303076,1.026078146636));
#1100 = CARTESIAN_POINT('',(4.037490175544,1.019974941557));
#1101 = CARTESIAN_POINT('',(4.152260875327,1.014036133185));
#1102 = CARTESIAN_POINT('',(4.27214093238,1.008834100622));
#1103 = CARTESIAN_POINT('',(4.507767558106,1.001620072631));
#1104 = CARTESIAN_POINT('',(4.620307472017,0.99933100905));
#1105 = CARTESIAN_POINT('',(4.734171466901,0.998510104465));
#1106 = CARTESIAN_POINT('',(4.848100072395,0.999405286247));
#1107 = CARTESIAN_POINT('',(4.960920516083,1.001938510878));
#1108 = CARTESIAN_POINT('',(5.071357846255,1.005729390075));
#1109 = CARTESIAN_POINT('',(5.177805980047,1.010238427831));
#1110 = CARTESIAN_POINT('',(5.42131880968,1.021717174211));
#1111 = CARTESIAN_POINT('',(5.556567309888,1.029136679433));
#1112 = CARTESIAN_POINT('',(5.685641467805,1.036252525675));
#1113 = CARTESIAN_POINT('',(5.809900962214,1.042396366421));
#1114 = CARTESIAN_POINT('',(5.930602042458,1.047201510787));
#1115 = CARTESIAN_POINT('',(6.04887647625,1.050468013608));
#1116 = CARTESIAN_POINT('',(6.165941465817,1.052105958591));
#1117 = CARTESIAN_POINT('',(6.28318530718,1.052105958591));
#1118 = ( GEOMETRIC_REPRESENTATION_CONTEXT(2) 
PARAMETRIC_REPRESENTATION_CONTEXT() REPRESENTATION_CONTEXT('2D SPACE',''
  ) );
#1119 = ADVANCED_FACE('',(#1120),#67,.F.);
#1120 = FACE_BOUND('',#1121,.F.);
#1121 = EDGE_LOOP('',(#1122,#1145,#1146,#1169,#1202,#1230,#1258,#1286,
    #1319,#1347,#1375,#1403));
#1122 = ORIENTED_EDGE('',*,*,#1123,.T.);
#1123 = EDGE_CURVE('',#1124,#44,#1126,.T.);
#1124 = VERTEX_POINT('',#1125);
#1125 = CARTESIAN_POINT('',(37.749788406212,26.018483118599,0.));
#1126 = SURFACE_CURVE('',#1127,(#1131,#1138),.PCURVE_S1.);
#1127 = LINE('',#1128,#1129);
#1128 = CARTESIAN_POINT('',(37.749788406212,26.018483118599,0.));
#1129 = VECTOR('',#1130,1.);
#1130 = DIRECTION('',(0.754995768124,0.655729662372,0.));
#1131 = PCURVE('',#67,#1132);
#1132 = DEFINITIONAL_REPRESENTATION('',(#1133),#1137);
#1133 = LINE('',#1134,#1135);
#1134 = CARTESIAN_POINT('',(37.749788406212,-13.6894864907));
#1135 = VECTOR('',#1136,1.);
#1136 = DIRECTION('',(0.754995768124,0.655729662372));
#1137 = ( GEOMETRIC_REPRESENTATION_CONTEXT(2) 
PARAMETRIC_REPRESENTATION_CONTEXT() REPRESENTATION_CONTEXT('2D SPACE',''
  ) );
#1138 = PCURVE('',#95,#1139);
#1139 = DEFINITIONAL_REPRESENTATION('',(#1140),#1144);
#1140 = LINE('',#1141,#1142);
#1141 = CARTESIAN_POINT('',(0.,0.));
#1142 = VECTOR('',#1143,1.);
#1143 = DIRECTION('',(1.,0.));
#1144 = ( GEOMETRIC_REPRESENTATION_CONTEXT(2) 
PARAMETRIC_REPRESENTATION_CONTEXT() REPRESENTATION_CONTEXT('2D SPACE',''
  ) );
#1145 = ORIENTED_EDGE('',*,*,#43,.T.);
#1146 = ORIENTED_EDGE('',*,*,#1147,.T.);
#1147 = EDGE_CURVE('',#46,#1148,#1150,.T.);
#1148 = VERTEX_POINT('',#1149);
#1149 = CARTESIAN_POINT('',(-37.74978840621,26.018483118599,0.));
#1150 = SURFACE_CURVE('',#1151,(#1155,#1162),.PCURVE_S1.);
#1151 = LINE('',#1152,#1153);
#1152 = CARTESIAN_POINT('',(-45.29974608745,32.575779742319,0.));
#1153 = VECTOR('',#1154,1.);
#1154 = DIRECTION('',(0.754995768124,-0.655729662372,0.));
#1155 = PCURVE('',#67,#1156);
#1156 = DEFINITIONAL_REPRESENTATION('',(#1157),#1161);
#1157 = LINE('',#1158,#1159);
#1158 = CARTESIAN_POINT('',(-45.29974608745,-7.132189866988));
#1159 = VECTOR('',#1160,1.);
#1160 = DIRECTION('',(0.754995768124,-0.655729662372));
#1161 = ( GEOMETRIC_REPRESENTATION_CONTEXT(2) 
PARAMETRIC_REPRESENTATION_CONTEXT() REPRESENTATION_CONTEXT('2D SPACE',''
  ) );
#1162 = PCURVE('',#154,#1163);
#1163 = DEFINITIONAL_REPRESENTATION('',(#1164),#1168);
#1164 = LINE('',#1165,#1166);
#1165 = CARTESIAN_POINT('',(0.,0.));
#1166 = VECTOR('',#1167,1.);
#1167 = DIRECTION('',(1.,0.));
#1168 = ( GEOMETRIC_REPRESENTATION_CONTEXT(2) 
PARAMETRIC_REPRESENTATION_CONTEXT() REPRESENTATION_CONTEXT('2D SPACE',''
  ) );
#1169 = ORIENTED_EDGE('',*,*,#1170,.T.);
#1170 = EDGE_CURVE('',#1148,#1171,#1173,.T.);
#1171 = VERTEX_POINT('',#1172);
#1172 = CARTESIAN_POINT('',(-35.33272450671,28.609939156101,0.));
#1173 = SURFACE_CURVE('',#1174,(#1179,#1190),.PCURVE_S1.);
#1174 = CIRCLE('',#1175,50.);
#1175 = AXIS2_PLACEMENT_3D('',#1176,#1177,#1178);
#1176 = CARTESIAN_POINT('',(0.,-6.768,0.));
#1177 = DIRECTION('',(0.,0.,-1.));
#1178 = DIRECTION('',(-0.754995768124,0.655729662372,0.));
#1179 = PCURVE('',#67,#1180);
#1180 = DEFINITIONAL_REPRESENTATION('',(#1181),#1189);
#1181 = ( BOUNDED_CURVE() B_SPLINE_CURVE(2,(#1182,#1183,#1184,#1185,
#1186,#1187,#1188),.UNSPECIFIED.,.T.,.F.) B_SPLINE_CURVE_WITH_KNOTS((1,2
    ,2,2,2,1),(-2.094395102393,0.,2.094395102393,4.188790204786,
6.28318530718,8.377580409573),.UNSPECIFIED.) CURVE() 
GEOMETRIC_REPRESENTATION_ITEM() RATIONAL_B_SPLINE_CURVE((1.,0.5,1.,0.5,
1.,0.5,1.)) REPRESENTATION_ITEM('') );
#1182 = CARTESIAN_POINT('',(-37.74978840621,-13.6894864907));
#1183 = CARTESIAN_POINT('',(19.038066156701,51.695065003826));
#1184 = CARTESIAN_POINT('',(47.268821484563,-30.17693542134));
#1185 = CARTESIAN_POINT('',(75.499576812425,-112.0489358465));
#1186 = CARTESIAN_POINT('',(-9.51903307835,-95.56148691587));
#1187 = CARTESIAN_POINT('',(-94.53764296912,-79.07403798524));
#1188 = CARTESIAN_POINT('',(-37.74978840621,-13.6894864907));
#1189 = ( GEOMETRIC_REPRESENTATION_CONTEXT(2) 
PARAMETRIC_REPRESENTATION_CONTEXT() REPRESENTATION_CONTEXT('2D SPACE',''
  ) );
#1190 = PCURVE('',#1191,#1196);
#1191 = CYLINDRICAL_SURFACE('',#1192,50.);
#1192 = AXIS2_PLACEMENT_3D('',#1193,#1194,#1195);
#1193 = CARTESIAN_POINT('',(0.,-6.768,0.));
#1194 = DIRECTION('',(0.,0.,-1.));
#1195 = DIRECTION('',(-0.754995768124,0.655729662372,0.));
#1196 = DEFINITIONAL_REPRESENTATION('',(#1197),#1201);
#1197 = LINE('',#1198,#1199);
#1198 = CARTESIAN_POINT('',(0.,0.));
#1199 = VECTOR('',#1200,1.);
#1200 = DIRECTION('',(1.,0.));
#1201 = ( GEOMETRIC_REPRESENTATION_CONTEXT(2) 
PARAMETRIC_REPRESENTATION_CONTEXT() REPRESENTATION_CONTEXT('2D SPACE',''
  ) );
#1202 = ORIENTED_EDGE('',*,*,#1203,.F.);
#1203 = EDGE_CURVE('',#1204,#1171,#1206,.T.);
#1204 = VERTEX_POINT('',#1205);
#1205 = CARTESIAN_POINT('',(-35.33272450671,0.,0.));
#1206 = SURFACE_CURVE('',#1207,(#1211,#1218),.PCURVE_S1.);
#1207 = LINE('',#1208,#1209);
#1208 = CARTESIAN_POINT('',(-35.33272450671,0.,0.));
#1209 = VECTOR('',#1210,1.);
#1210 = DIRECTION('',(0.,1.,0.));
#1211 = PCURVE('',#67,#1212);
#1212 = DEFINITIONAL_REPRESENTATION('',(#1213),#1217);
#1213 = LINE('',#1214,#1215);
#1214 = CARTESIAN_POINT('',(-35.33272450671,-39.7079696093));
#1215 = VECTOR('',#1216,1.);
#1216 = DIRECTION('',(0.,1.));
#1217 = ( GEOMETRIC_REPRESENTATION_CONTEXT(2) 
PARAMETRIC_REPRESENTATION_CONTEXT() REPRESENTATION_CONTEXT('2D SPACE',''
  ) );
#1218 = PCURVE('',#1219,#1224);
#1219 = PLANE('',#1220);
#1220 = AXIS2_PLACEMENT_3D('',#1221,#1222,#1223);
#1221 = CARTESIAN_POINT('',(-35.33272450671,0.,0.));
#1222 = DIRECTION('',(-1.,0.,0.));
#1223 = DIRECTION('',(0.,1.,0.));
#1224 = DEFINITIONAL_REPRESENTATION('',(#1225),#1229);
#1225 = LINE('',#1226,#1227);
#1226 = CARTESIAN_POINT('',(0.,0.));
#1227 = VECTOR('',#1228,1.);
#1228 = DIRECTION('',(1.,0.));
#1229 = ( GEOMETRIC_REPRESENTATION_CONTEXT(2) 
PARAMETRIC_REPRESENTATION_CONTEXT() REPRESENTATION_CONTEXT('2D SPACE',''
  ) );
#1230 = ORIENTED_EDGE('',*,*,#1231,.F.);
#1231 = EDGE_CURVE('',#1232,#1204,#1234,.T.);
#1232 = VERTEX_POINT('',#1233);
#1233 = CARTESIAN_POINT('',(-15.33272450671,0.,0.));
#1234 = SURFACE_CURVE('',#1235,(#1239,#1246),.PCURVE_S1.);
#1235 = LINE('',#1236,#1237);
#1236 = CARTESIAN_POINT('',(-15.33272450671,0.,0.));
#1237 = VECTOR('',#1238,1.);
#1238 = DIRECTION('',(-1.,0.,0.));
#1239 = PCURVE('',#67,#1240);
#1240 = DEFINITIONAL_REPRESENTATION('',(#1241),#1245);
#1241 = LINE('',#1242,#1243);
#1242 = CARTESIAN_POINT('',(-15.33272450671,-39.7079696093));
#1243 = VECTOR('',#1244,1.);
#1244 = DIRECTION('',(-1.,0.));
#1245 = ( GEOMETRIC_REPRESENTATION_CONTEXT(2) 
PARAMETRIC_REPRESENTATION_CONTEXT() REPRESENTATION_CONTEXT('2D SPACE',''
  ) );
#1246 = PCURVE('',#1247,#1252);
#1247 = PLANE('',#1248);
#1248 = AXIS2_PLACEMENT_3D('',#1249,#1250,#1251);
#1249 = CARTESIAN_POINT('',(-15.33272450671,0.,0.));
#1250 = DIRECTION('',(0.,-1.,0.));
#1251 = DIRECTION('',(-1.,0.,0.));
#1252 = DEFINITIONAL_REPRESENTATION('',(#1253),#1257);
#1253 = LINE('',#1254,#1255);
#1254 = CARTESIAN_POINT('',(0.,-0.));
#1255 = VECTOR('',#1256,1.);
#1256 = DIRECTION('',(1.,0.));
#1257 = ( GEOMETRIC_REPRESENTATION_CONTEXT(2) 
PARAMETRIC_REPRESENTATION_CONTEXT() REPRESENTATION_CONTEXT('2D SPACE',''
  ) );
#1258 = ORIENTED_EDGE('',*,*,#1259,.F.);
#1259 = EDGE_CURVE('',#1260,#1232,#1262,.T.);
#1260 = VERTEX_POINT('',#1261);
#1261 = CARTESIAN_POINT('',(-15.33272450671,40.823044947567,0.));
#1262 = SURFACE_CURVE('',#1263,(#1267,#1274),.PCURVE_S1.);
#1263 = LINE('',#1264,#1265);
#1264 = CARTESIAN_POINT('',(-15.33272450671,51.239823258603,0.));
#1265 = VECTOR('',#1266,1.);
#1266 = DIRECTION('',(3.466750520265E-17,-1.,0.));
#1267 = PCURVE('',#67,#1268);
#1268 = DEFINITIONAL_REPRESENTATION('',(#1269),#1273);
#1269 = LINE('',#1270,#1271);
#1270 = CARTESIAN_POINT('',(-15.33272450671,11.531853649296));
#1271 = VECTOR('',#1272,1.);
#1272 = DIRECTION('',(3.466750520265E-17,-1.));
#1273 = ( GEOMETRIC_REPRESENTATION_CONTEXT(2) 
PARAMETRIC_REPRESENTATION_CONTEXT() REPRESENTATION_CONTEXT('2D SPACE',''
  ) );
#1274 = PCURVE('',#1275,#1280);
#1275 = PLANE('',#1276);
#1276 = AXIS2_PLACEMENT_3D('',#1277,#1278,#1279);
#1277 = CARTESIAN_POINT('',(-15.33272450671,51.239823258603,0.));
#1278 = DIRECTION('',(1.,3.466750520265E-17,-0.));
#1279 = DIRECTION('',(3.466750520265E-17,-1.,0.));
#1280 = DEFINITIONAL_REPRESENTATION('',(#1281),#1285);
#1281 = LINE('',#1282,#1283);
#1282 = CARTESIAN_POINT('',(0.,0.));
#1283 = VECTOR('',#1284,1.);
#1284 = DIRECTION('',(1.,0.));
#1285 = ( GEOMETRIC_REPRESENTATION_CONTEXT(2) 
PARAMETRIC_REPRESENTATION_CONTEXT() REPRESENTATION_CONTEXT('2D SPACE',''
  ) );
#1286 = ORIENTED_EDGE('',*,*,#1287,.T.);
#1287 = EDGE_CURVE('',#1260,#1288,#1290,.T.);
#1288 = VERTEX_POINT('',#1289);
#1289 = CARTESIAN_POINT('',(15.33272450671,40.823044947567,0.));
#1290 = SURFACE_CURVE('',#1291,(#1296,#1307),.PCURVE_S1.);
#1291 = CIRCLE('',#1292,50.);
#1292 = AXIS2_PLACEMENT_3D('',#1293,#1294,#1295);
#1293 = CARTESIAN_POINT('',(0.,-6.768,0.));
#1294 = DIRECTION('',(0.,0.,-1.));
#1295 = DIRECTION('',(-0.754995768124,0.655729662372,0.));
#1296 = PCURVE('',#67,#1297);
#1297 = DEFINITIONAL_REPRESENTATION('',(#1298),#1306);
#1298 = ( BOUNDED_CURVE() B_SPLINE_CURVE(2,(#1299,#1300,#1301,#1302,
#1303,#1304,#1305),.UNSPECIFIED.,.T.,.F.) B_SPLINE_CURVE_WITH_KNOTS((1,2
    ,2,2,2,1),(-2.094395102393,0.,2.094395102393,4.188790204786,
6.28318530718,8.377580409573),.UNSPECIFIED.) CURVE() 
GEOMETRIC_REPRESENTATION_ITEM() RATIONAL_B_SPLINE_CURVE((1.,0.5,1.,0.5,
1.,0.5,1.)) REPRESENTATION_ITEM('') );
#1299 = CARTESIAN_POINT('',(-37.74978840621,-13.6894864907));
#1300 = CARTESIAN_POINT('',(19.038066156701,51.695065003826));
#1301 = CARTESIAN_POINT('',(47.268821484563,-30.17693542134));
#1302 = CARTESIAN_POINT('',(75.499576812425,-112.0489358465));
#1303 = CARTESIAN_POINT('',(-9.51903307835,-95.56148691587));
#1304 = CARTESIAN_POINT('',(-94.53764296912,-79.07403798524));
#1305 = CARTESIAN_POINT('',(-37.74978840621,-13.6894864907));
#1306 = ( GEOMETRIC_REPRESENTATION_CONTEXT(2) 
PARAMETRIC_REPRESENTATION_CONTEXT() REPRESENTATION_CONTEXT('2D SPACE',''
  ) );
#1307 = PCURVE('',#1308,#1313);
#1308 = CYLINDRICAL_SURFACE('',#1309,50.);
#1309 = AXIS2_PLACEMENT_3D('',#1310,#1311,#1312);
#1310 = CARTESIAN_POINT('',(0.,-6.768,0.));
#1311 = DIRECTION('',(0.,0.,-1.));
#1312 = DIRECTION('',(-0.754995768124,0.655729662372,0.));
#1313 = DEFINITIONAL_REPRESENTATION('',(#1314),#1318);
#1314 = LINE('',#1315,#1316);
#1315 = CARTESIAN_POINT('',(0.,0.));
#1316 = VECTOR('',#1317,1.);
#1317 = DIRECTION('',(1.,0.));
#1318 = ( GEOMETRIC_REPRESENTATION_CONTEXT(2) 
PARAMETRIC_REPRESENTATION_CONTEXT() REPRESENTATION_CONTEXT('2D SPACE',''
  ) );
#1319 = ORIENTED_EDGE('',*,*,#1320,.T.);
#1320 = EDGE_CURVE('',#1288,#1321,#1323,.T.);
#1321 = VERTEX_POINT('',#1322);
#1322 = CARTESIAN_POINT('',(15.332724506711,0.,0.));
#1323 = SURFACE_CURVE('',#1324,(#1328,#1335),.PCURVE_S1.);
#1324 = LINE('',#1325,#1326);
#1325 = CARTESIAN_POINT('',(15.332724506711,51.239823258603,0.));
#1326 = VECTOR('',#1327,1.);
#1327 = DIRECTION('',(6.933501040529E-17,-1.,0.));
#1328 = PCURVE('',#67,#1329);
#1329 = DEFINITIONAL_REPRESENTATION('',(#1330),#1334);
#1330 = LINE('',#1331,#1332);
#1331 = CARTESIAN_POINT('',(15.332724506711,11.531853649296));
#1332 = VECTOR('',#1333,1.);
#1333 = DIRECTION('',(6.933501040529E-17,-1.));
#1334 = ( GEOMETRIC_REPRESENTATION_CONTEXT(2) 
PARAMETRIC_REPRESENTATION_CONTEXT() REPRESENTATION_CONTEXT('2D SPACE',''
  ) );
#1335 = PCURVE('',#1336,#1341);
#1336 = PLANE('',#1337);
#1337 = AXIS2_PLACEMENT_3D('',#1338,#1339,#1340);
#1338 = CARTESIAN_POINT('',(15.332724506711,51.239823258603,0.));
#1339 = DIRECTION('',(1.,6.933501040529E-17,-0.));
#1340 = DIRECTION('',(6.933501040529E-17,-1.,0.));
#1341 = DEFINITIONAL_REPRESENTATION('',(#1342),#1346);
#1342 = LINE('',#1343,#1344);
#1343 = CARTESIAN_POINT('',(0.,0.));
#1344 = VECTOR('',#1345,1.);
#1345 = DIRECTION('',(1.,0.));
#1346 = ( GEOMETRIC_REPRESENTATION_CONTEXT(2) 
PARAMETRIC_REPRESENTATION_CONTEXT() REPRESENTATION_CONTEXT('2D SPACE',''
  ) );
#1347 = ORIENTED_EDGE('',*,*,#1348,.T.);
#1348 = EDGE_CURVE('',#1321,#1349,#1351,.T.);
#1349 = VERTEX_POINT('',#1350);
#1350 = CARTESIAN_POINT('',(35.332724506711,0.,0.));
#1351 = SURFACE_CURVE('',#1352,(#1356,#1363),.PCURVE_S1.);
#1352 = LINE('',#1353,#1354);
#1353 = CARTESIAN_POINT('',(15.332724506711,0.,0.));
#1354 = VECTOR('',#1355,1.);
#1355 = DIRECTION('',(1.,0.,0.));
#1356 = PCURVE('',#67,#1357);
#1357 = DEFINITIONAL_REPRESENTATION('',(#1358),#1362);
#1358 = LINE('',#1359,#1360);
#1359 = CARTESIAN_POINT('',(15.332724506711,-39.7079696093));
#1360 = VECTOR('',#1361,1.);
#1361 = DIRECTION('',(1.,0.));
#1362 = ( GEOMETRIC_REPRESENTATION_CONTEXT(2) 
PARAMETRIC_REPRESENTATION_CONTEXT() REPRESENTATION_CONTEXT('2D SPACE',''
  ) );
#1363 = PCURVE('',#1364,#1369);
#1364 = PLANE('',#1365);
#1365 = AXIS2_PLACEMENT_3D('',#1366,#1367,#1368);
#1366 = CARTESIAN_POINT('',(15.332724506711,0.,0.));
#1367 = DIRECTION('',(0.,1.,0.));
#1368 = DIRECTION('',(1.,0.,0.));
#1369 = DEFINITIONAL_REPRESENTATION('',(#1370),#1374);
#1370 = LINE('',#1371,#1372);
#1371 = CARTESIAN_POINT('',(0.,0.));
#1372 = VECTOR('',#1373,1.);
#1373 = DIRECTION('',(1.,0.));
#1374 = ( GEOMETRIC_REPRESENTATION_CONTEXT(2) 
PARAMETRIC_REPRESENTATION_CONTEXT() REPRESENTATION_CONTEXT('2D SPACE',''
  ) );
#1375 = ORIENTED_EDGE('',*,*,#1376,.T.);
#1376 = EDGE_CURVE('',#1349,#1377,#1379,.T.);
#1377 = VERTEX_POINT('',#1378);
#1378 = CARTESIAN_POINT('',(35.332724506712,28.609939156101,0.));
#1379 = SURFACE_CURVE('',#1380,(#1384,#1391),.PCURVE_S1.);
#1380 = LINE('',#1381,#1382);
#1381 = CARTESIAN_POINT('',(35.332724506711,0.,0.));
#1382 = VECTOR('',#1383,1.);
#1383 = DIRECTION('',(0.,1.,0.));
#1384 = PCURVE('',#67,#1385);
#1385 = DEFINITIONAL_REPRESENTATION('',(#1386),#1390);
#1386 = LINE('',#1387,#1388);
#1387 = CARTESIAN_POINT('',(35.332724506711,-39.7079696093));
#1388 = VECTOR('',#1389,1.);
#1389 = DIRECTION('',(0.,1.));
#1390 = ( GEOMETRIC_REPRESENTATION_CONTEXT(2) 
PARAMETRIC_REPRESENTATION_CONTEXT() REPRESENTATION_CONTEXT('2D SPACE',''
  ) );
#1391 = PCURVE('',#1392,#1397);
#1392 = PLANE('',#1393);
#1393 = AXIS2_PLACEMENT_3D('',#1394,#1395,#1396);
#1394 = CARTESIAN_POINT('',(35.332724506711,0.,0.));
#1395 = DIRECTION('',(-1.,0.,0.));
#1396 = DIRECTION('',(0.,1.,0.));
#1397 = DEFINITIONAL_REPRESENTATION('',(#1398),#1402);
#1398 = LINE('',#1399,#1400);
#1399 = CARTESIAN_POINT('',(0.,0.));
#1400 = VECTOR('',#1401,1.);
#1401 = DIRECTION('',(1.,0.));
#1402 = ( GEOMETRIC_REPRESENTATION_CONTEXT(2) 
PARAMETRIC_REPRESENTATION_CONTEXT() REPRESENTATION_CONTEXT('2D SPACE',''
  ) );
#1403 = ORIENTED_EDGE('',*,*,#1404,.T.);
#1404 = EDGE_CURVE('',#1377,#1124,#1405,.T.);
#1405 = SURFACE_CURVE('',#1406,(#1411,#1422),.PCURVE_S1.);
#1406 = CIRCLE('',#1407,50.);
#1407 = AXIS2_PLACEMENT_3D('',#1408,#1409,#1410);
#1408 = CARTESIAN_POINT('',(0.,-6.768,0.));
#1409 = DIRECTION('',(0.,0.,-1.));
#1410 = DIRECTION('',(-0.754995768124,0.655729662372,0.));
#1411 = PCURVE('',#67,#1412);
#1412 = DEFINITIONAL_REPRESENTATION('',(#1413),#1421);
#1413 = ( BOUNDED_CURVE() B_SPLINE_CURVE(2,(#1414,#1415,#1416,#1417,
#1418,#1419,#1420),.UNSPECIFIED.,.T.,.F.) B_SPLINE_CURVE_WITH_KNOTS((1,2
    ,2,2,2,1),(-2.094395102393,0.,2.094395102393,4.188790204786,
6.28318530718,8.377580409573),.UNSPECIFIED.) CURVE() 
GEOMETRIC_REPRESENTATION_ITEM() RATIONAL_B_SPLINE_CURVE((1.,0.5,1.,0.5,
1.,0.5,1.)) REPRESENTATION_ITEM('') );
#1414 = CARTESIAN_POINT('',(-37.74978840621,-13.6894864907));
#1415 = CARTESIAN_POINT('',(19.038066156701,51.695065003826));
#1416 = CARTESIAN_POINT('',(47.268821484563,-30.17693542134));
#1417 = CARTESIAN_POINT('',(75.499576812425,-112.0489358465));
#1418 = CARTESIAN_POINT('',(-9.51903307835,-95.56148691587));
#1419 = CARTESIAN_POINT('',(-94.53764296912,-79.07403798524));
#1420 = CARTESIAN_POINT('',(-37.74978840621,-13.6894864907));
#1421 = ( GEOMETRIC_REPRESENTATION_CONTEXT(2) 
PARAMETRIC_REPRESENTATION_CONTEXT() REPRESENTATION_CONTEXT('2D SPACE',''
  ) );
#1422 = PCURVE('',#1423,#1428);
#1423 = CYLINDRICAL_SURFACE('',#1424,50.);
#1424 = AXIS2_PLACEMENT_3D('',#1425,#1426,#1427);
#1425 = CARTESIAN_POINT('',(0.,-6.768,0.));
#1426 = DIRECTION('',(0.,0.,-1.));
#1427 = DIRECTION('',(-0.754995768124,0.655729662372,0.));
#1428 = DEFINITIONAL_REPRESENTATION('',(#1429),#1433);
#1429 = LINE('',#1430,#1431);
#1430 = CARTESIAN_POINT('',(0.,0.));
#1431 = VECTOR('',#1432,1.);
#1432 = DIRECTION('',(1.,0.));
#1433 = ( GEOMETRIC_REPRESENTATION_CONTEXT(2) 
PARAMETRIC_REPRESENTATION_CONTEXT() REPRESENTATION_CONTEXT('2D SPACE',''
  ) );
#1434 = ADVANCED_FACE('',(#1435),#95,.F.);
#1435 = FACE_BOUND('',#1436,.F.);
#1436 = EDGE_LOOP('',(#1437,#1460,#1481,#1482));
#1437 = ORIENTED_EDGE('',*,*,#1438,.T.);
#1438 = EDGE_CURVE('',#1124,#1439,#1441,.T.);
#1439 = VERTEX_POINT('',#1440);
#1440 = CARTESIAN_POINT('',(37.749788406212,26.018483118599,25.));
#1441 = SURFACE_CURVE('',#1442,(#1446,#1453),.PCURVE_S1.);
#1442 = LINE('',#1443,#1444);
#1443 = CARTESIAN_POINT('',(37.749788406212,26.018483118599,0.));
#1444 = VECTOR('',#1445,1.);
#1445 = DIRECTION('',(0.,0.,1.));
#1446 = PCURVE('',#95,#1447);
#1447 = DEFINITIONAL_REPRESENTATION('',(#1448),#1452);
#1448 = LINE('',#1449,#1450);
#1449 = CARTESIAN_POINT('',(0.,0.));
#1450 = VECTOR('',#1451,1.);
#1451 = DIRECTION('',(0.,-1.));
#1452 = ( GEOMETRIC_REPRESENTATION_CONTEXT(2) 
PARAMETRIC_REPRESENTATION_CONTEXT() REPRESENTATION_CONTEXT('2D SPACE',''
  ) );
#1453 = PCURVE('',#1423,#1454);
#1454 = DEFINITIONAL_REPRESENTATION('',(#1455),#1459);
#1455 = LINE('',#1456,#1457);
#1456 = CARTESIAN_POINT('',(1.71129533158,0.));
#1457 = VECTOR('',#1458,1.);
#1458 = DIRECTION('',(0.,-1.));
#1459 = ( GEOMETRIC_REPRESENTATION_CONTEXT(2) 
PARAMETRIC_REPRESENTATION_CONTEXT() REPRESENTATION_CONTEXT('2D SPACE',''
  ) );
#1460 = ORIENTED_EDGE('',*,*,#1461,.T.);
#1461 = EDGE_CURVE('',#1439,#80,#1462,.T.);
#1462 = SURFACE_CURVE('',#1463,(#1467,#1474),.PCURVE_S1.);
#1463 = LINE('',#1464,#1465);
#1464 = CARTESIAN_POINT('',(37.749788406212,26.018483118599,25.));
#1465 = VECTOR('',#1466,1.);
#1466 = DIRECTION('',(0.754995768124,0.655729662372,0.));
#1467 = PCURVE('',#95,#1468);
#1468 = DEFINITIONAL_REPRESENTATION('',(#1469),#1473);
#1469 = LINE('',#1470,#1471);
#1470 = CARTESIAN_POINT('',(0.,-25.));
#1471 = VECTOR('',#1472,1.);
#1472 = DIRECTION('',(1.,0.));
#1473 = ( GEOMETRIC_REPRESENTATION_CONTEXT(2) 
PARAMETRIC_REPRESENTATION_CONTEXT() REPRESENTATION_CONTEXT('2D SPACE',''
  ) );
#1474 = PCURVE('',#124,#1475);
#1475 = DEFINITIONAL_REPRESENTATION('',(#1476),#1480);
#1476 = LINE('',#1477,#1478);
#1477 = CARTESIAN_POINT('',(37.749788406212,-13.6894864907));
#1478 = VECTOR('',#1479,1.);
#1479 = DIRECTION('',(0.754995768124,0.655729662372));
#1480 = ( GEOMETRIC_REPRESENTATION_CONTEXT(2) 
PARAMETRIC_REPRESENTATION_CONTEXT() REPRESENTATION_CONTEXT('2D SPACE',''
  ) );
#1481 = ORIENTED_EDGE('',*,*,#79,.F.);
#1482 = ORIENTED_EDGE('',*,*,#1123,.F.);
#1483 = ADVANCED_FACE('',(#1484),#154,.F.);
#1484 = FACE_BOUND('',#1485,.F.);
#1485 = EDGE_LOOP('',(#1486,#1487,#1510,#1531));
#1486 = ORIENTED_EDGE('',*,*,#140,.T.);
#1487 = ORIENTED_EDGE('',*,*,#1488,.T.);
#1488 = EDGE_CURVE('',#108,#1489,#1491,.T.);
#1489 = VERTEX_POINT('',#1490);
#1490 = CARTESIAN_POINT('',(-37.74978840621,26.018483118599,25.));
#1491 = SURFACE_CURVE('',#1492,(#1496,#1503),.PCURVE_S1.);
#1492 = LINE('',#1493,#1494);
#1493 = CARTESIAN_POINT('',(-45.29974608745,32.575779742319,25.));
#1494 = VECTOR('',#1495,1.);
#1495 = DIRECTION('',(0.754995768124,-0.655729662372,0.));
#1496 = PCURVE('',#154,#1497);
#1497 = DEFINITIONAL_REPRESENTATION('',(#1498),#1502);
#1498 = LINE('',#1499,#1500);
#1499 = CARTESIAN_POINT('',(0.,-25.));
#1500 = VECTOR('',#1501,1.);
#1501 = DIRECTION('',(1.,0.));
#1502 = ( GEOMETRIC_REPRESENTATION_CONTEXT(2) 
PARAMETRIC_REPRESENTATION_CONTEXT() REPRESENTATION_CONTEXT('2D SPACE',''
  ) );
#1503 = PCURVE('',#124,#1504);
#1504 = DEFINITIONAL_REPRESENTATION('',(#1505),#1509);
#1505 = LINE('',#1506,#1507);
#1506 = CARTESIAN_POINT('',(-45.29974608745,-7.132189866988));
#1507 = VECTOR('',#1508,1.);
#1508 = DIRECTION('',(0.754995768124,-0.655729662372));
#1509 = ( GEOMETRIC_REPRESENTATION_CONTEXT(2) 
PARAMETRIC_REPRESENTATION_CONTEXT() REPRESENTATION_CONTEXT('2D SPACE',''
  ) );
#1510 = ORIENTED_EDGE('',*,*,#1511,.F.);
#1511 = EDGE_CURVE('',#1148,#1489,#1512,.T.);
#1512 = SURFACE_CURVE('',#1513,(#1517,#1524),.PCURVE_S1.);
#1513 = LINE('',#1514,#1515);
#1514 = CARTESIAN_POINT('',(-37.74978840621,26.018483118599,0.));
#1515 = VECTOR('',#1516,1.);
#1516 = DIRECTION('',(0.,0.,1.));
#1517 = PCURVE('',#154,#1518);
#1518 = DEFINITIONAL_REPRESENTATION('',(#1519),#1523);
#1519 = LINE('',#1520,#1521);
#1520 = CARTESIAN_POINT('',(10.,0.));
#1521 = VECTOR('',#1522,1.);
#1522 = DIRECTION('',(0.,-1.));
#1523 = ( GEOMETRIC_REPRESENTATION_CONTEXT(2) 
PARAMETRIC_REPRESENTATION_CONTEXT() REPRESENTATION_CONTEXT('2D SPACE',''
  ) );
#1524 = PCURVE('',#1191,#1525);
#1525 = DEFINITIONAL_REPRESENTATION('',(#1526),#1530);
#1526 = LINE('',#1527,#1528);
#1527 = CARTESIAN_POINT('',(0.,0.));
#1528 = VECTOR('',#1529,1.);
#1529 = DIRECTION('',(0.,-1.));
#1530 = ( GEOMETRIC_REPRESENTATION_CONTEXT(2) 
PARAMETRIC_REPRESENTATION_CONTEXT() REPRESENTATION_CONTEXT('2D SPACE',''
  ) );
#1531 = ORIENTED_EDGE('',*,*,#1147,.F.);
#1532 = ADVANCED_FACE('',(#1533),#124,.T.);
#1533 = FACE_BOUND('',#1534,.T.);
#1534 = EDGE_LOOP('',(#1535,#1536,#1537,#1538,#1566,#1589,#1612,#1635,
    #1663,#1686,#1709,#1732));
#1535 = ORIENTED_EDGE('',*,*,#1461,.T.);
#1536 = ORIENTED_EDGE('',*,*,#107,.F.);
#1537 = ORIENTED_EDGE('',*,*,#1488,.T.);
#1538 = ORIENTED_EDGE('',*,*,#1539,.T.);
#1539 = EDGE_CURVE('',#1489,#1540,#1542,.T.);
#1540 = VERTEX_POINT('',#1541);
#1541 = CARTESIAN_POINT('',(-35.33272450671,28.609939156101,25.));
#1542 = SURFACE_CURVE('',#1543,(#1548,#1559),.PCURVE_S1.);
#1543 = CIRCLE('',#1544,50.);
#1544 = AXIS2_PLACEMENT_3D('',#1545,#1546,#1547);
#1545 = CARTESIAN_POINT('',(0.,-6.768,25.));
#1546 = DIRECTION('',(0.,0.,-1.));
#1547 = DIRECTION('',(-0.754995768124,0.655729662372,0.));
#1548 = PCURVE('',#124,#1549);
#1549 = DEFINITIONAL_REPRESENTATION('',(#1550),#1558);
#1550 = ( BOUNDED_CURVE() B_SPLINE_CURVE(2,(#1551,#1552,#1553,#1554,
#1555,#1556,#1557),.UNSPECIFIED.,.T.,.F.) B_SPLINE_CURVE_WITH_KNOTS((1,2
    ,2,2,2,1),(-2.094395102393,0.,2.094395102393,4.188790204786,
6.28318530718,8.377580409573),.UNSPECIFIED.) CURVE() 
GEOMETRIC_REPRESENTATION_ITEM() RATIONAL_B_SPLINE_CURVE((1.,0.5,1.,0.5,
1.,0.5,1.)) REPRESENTATION_ITEM('') );
#1551 = CARTESIAN_POINT('',(-37.74978840621,-13.6894864907));
#1552 = CARTESIAN_POINT('',(19.038066156701,51.695065003826));
#1553 = CARTESIAN_POINT('',(47.268821484563,-30.17693542134));
#1554 = CARTESIAN_POINT('',(75.499576812425,-112.0489358465));
#1555 = CARTESIAN_POINT('',(-9.51903307835,-95.56148691587));
#1556 = CARTESIAN_POINT('',(-94.53764296912,-79.07403798524));
#1557 = CARTESIAN_POINT('',(-37.74978840621,-13.6894864907));
#1558 = ( GEOMETRIC_REPRESENTATION_CONTEXT(2) 
PARAMETRIC_REPRESENTATION_CONTEXT() REPRESENTATION_CONTEXT('2D SPACE',''
  ) );
#1559 = PCURVE('',#1191,#1560);
#1560 = DEFINITIONAL_REPRESENTATION('',(#1561),#1565);
#1561 = LINE('',#1562,#1563);
#1562 = CARTESIAN_POINT('',(0.,-25.));
#1563 = VECTOR('',#1564,1.);
#1564 = DIRECTION('',(1.,0.));
#1565 = ( GEOMETRIC_REPRESENTATION_CONTEXT(2) 
PARAMETRIC_REPRESENTATION_CONTEXT() REPRESENTATION_CONTEXT('2D SPACE',''
  ) );
#1566 = ORIENTED_EDGE('',*,*,#1567,.F.);
#1567 = EDGE_CURVE('',#1568,#1540,#1570,.T.);
#1568 = VERTEX_POINT('',#1569);
#1569 = CARTESIAN_POINT('',(-35.33272450671,0.,25.));
#1570 = SURFACE_CURVE('',#1571,(#1575,#1582),.PCURVE_S1.);
#1571 = LINE('',#1572,#1573);
#1572 = CARTESIAN_POINT('',(-35.33272450671,0.,25.));
#1573 = VECTOR('',#1574,1.);
#1574 = DIRECTION('',(0.,1.,0.));
#1575 = PCURVE('',#124,#1576);
#1576 = DEFINITIONAL_REPRESENTATION('',(#1577),#1581);
#1577 = LINE('',#1578,#1579);
#1578 = CARTESIAN_POINT('',(-35.33272450671,-39.7079696093));
#1579 = VECTOR('',#1580,1.);
#1580 = DIRECTION('',(0.,1.));
#1581 = ( GEOMETRIC_REPRESENTATION_CONTEXT(2) 
PARAMETRIC_REPRESENTATION_CONTEXT() REPRESENTATION_CONTEXT('2D SPACE',''
  ) );
#1582 = PCURVE('',#1219,#1583);
#1583 = DEFINITIONAL_REPRESENTATION('',(#1584),#1588);
#1584 = LINE('',#1585,#1586);
#1585 = CARTESIAN_POINT('',(0.,-25.));
#1586 = VECTOR('',#1587,1.);
#1587 = DIRECTION('',(1.,0.));
#1588 = ( GEOMETRIC_REPRESENTATION_CONTEXT(2) 
PARAMETRIC_REPRESENTATION_CONTEXT() REPRESENTATION_CONTEXT('2D SPACE',''
  ) );
#1589 = ORIENTED_EDGE('',*,*,#1590,.F.);
#1590 = EDGE_CURVE('',#1591,#1568,#1593,.T.);
#1591 = VERTEX_POINT('',#1592);
#1592 = CARTESIAN_POINT('',(-15.33272450671,0.,25.));
#1593 = SURFACE_CURVE('',#1594,(#1598,#1605),.PCURVE_S1.);
#1594 = LINE('',#1595,#1596);
#1595 = CARTESIAN_POINT('',(-15.33272450671,0.,25.));
#1596 = VECTOR('',#1597,1.);
#1597 = DIRECTION('',(-1.,0.,0.));
#1598 = PCURVE('',#124,#1599);
#1599 = DEFINITIONAL_REPRESENTATION('',(#1600),#1604);
#1600 = LINE('',#1601,#1602);
#1601 = CARTESIAN_POINT('',(-15.33272450671,-39.7079696093));
#1602 = VECTOR('',#1603,1.);
#1603 = DIRECTION('',(-1.,0.));
#1604 = ( GEOMETRIC_REPRESENTATION_CONTEXT(2) 
PARAMETRIC_REPRESENTATION_CONTEXT() REPRESENTATION_CONTEXT('2D SPACE',''
  ) );
#1605 = PCURVE('',#1247,#1606);
#1606 = DEFINITIONAL_REPRESENTATION('',(#1607),#1611);
#1607 = LINE('',#1608,#1609);
#1608 = CARTESIAN_POINT('',(0.,-25.));
#1609 = VECTOR('',#1610,1.);
#1610 = DIRECTION('',(1.,0.));
#1611 = ( GEOMETRIC_REPRESENTATION_CONTEXT(2) 
PARAMETRIC_REPRESENTATION_CONTEXT() REPRESENTATION_CONTEXT('2D SPACE',''
  ) );
#1612 = ORIENTED_EDGE('',*,*,#1613,.F.);
#1613 = EDGE_CURVE('',#1614,#1591,#1616,.T.);
#1614 = VERTEX_POINT('',#1615);
#1615 = CARTESIAN_POINT('',(-15.33272450671,40.823044947567,25.));
#1616 = SURFACE_CURVE('',#1617,(#1621,#1628),.PCURVE_S1.);
#1617 = LINE('',#1618,#1619);
#1618 = CARTESIAN_POINT('',(-15.33272450671,51.239823258603,25.));
#1619 = VECTOR('',#1620,1.);
#1620 = DIRECTION('',(3.466750520265E-17,-1.,0.));
#1621 = PCURVE('',#124,#1622);
#1622 = DEFINITIONAL_REPRESENTATION('',(#1623),#1627);
#1623 = LINE('',#1624,#1625);
#1624 = CARTESIAN_POINT('',(-15.33272450671,11.531853649296));
#1625 = VECTOR('',#1626,1.);
#1626 = DIRECTION('',(3.466750520265E-17,-1.));
#1627 = ( GEOMETRIC_REPRESENTATION_CONTEXT(2) 
PARAMETRIC_REPRESENTATION_CONTEXT() REPRESENTATION_CONTEXT('2D SPACE',''
  ) );
#1628 = PCURVE('',#1275,#1629);
#1629 = DEFINITIONAL_REPRESENTATION('',(#1630),#1634);
#1630 = LINE('',#1631,#1632);
#1631 = CARTESIAN_POINT('',(0.,-25.));
#1632 = VECTOR('',#1633,1.);
#1633 = DIRECTION('',(1.,0.));
#1634 = ( GEOMETRIC_REPRESENTATION_CONTEXT(2) 
PARAMETRIC_REPRESENTATION_CONTEXT() REPRESENTATION_CONTEXT('2D SPACE',''
  ) );
#1635 = ORIENTED_EDGE('',*,*,#1636,.T.);
#1636 = EDGE_CURVE('',#1614,#1637,#1639,.T.);
#1637 = VERTEX_POINT('',#1638);
#1638 = CARTESIAN_POINT('',(15.33272450671,40.823044947567,25.));
#1639 = SURFACE_CURVE('',#1640,(#1645,#1656),.PCURVE_S1.);
#1640 = CIRCLE('',#1641,50.);
#1641 = AXIS2_PLACEMENT_3D('',#1642,#1643,#1644);
#1642 = CARTESIAN_POINT('',(0.,-6.768,25.));
#1643 = DIRECTION('',(0.,0.,-1.));
#1644 = DIRECTION('',(-0.754995768124,0.655729662372,0.));
#1645 = PCURVE('',#124,#1646);
#1646 = DEFINITIONAL_REPRESENTATION('',(#1647),#1655);
#1647 = ( BOUNDED_CURVE() B_SPLINE_CURVE(2,(#1648,#1649,#1650,#1651,
#1652,#1653,#1654),.UNSPECIFIED.,.T.,.F.) B_SPLINE_CURVE_WITH_KNOTS((1,2
    ,2,2,2,1),(-2.094395102393,0.,2.094395102393,4.188790204786,
6.28318530718,8.377580409573),.UNSPECIFIED.) CURVE() 
GEOMETRIC_REPRESENTATION_ITEM() RATIONAL_B_SPLINE_CURVE((1.,0.5,1.,0.5,
1.,0.5,1.)) REPRESENTATION_ITEM('') );
#1648 = CARTESIAN_POINT('',(-37.74978840621,-13.6894864907));
#1649 = CARTESIAN_POINT('',(19.038066156701,51.695065003826));
#1650 = CARTESIAN_POINT('',(47.268821484563,-30.17693542134));
#1651 = CARTESIAN_POINT('',(75.499576812425,-112.0489358465));
#1652 = CARTESIAN_POINT('',(-9.51903307835,-95.56148691587));
#1653 = CARTESIAN_POINT('',(-94.53764296912,-79.07403798524));
#1654 = CARTESIAN_POINT('',(-37.74978840621,-13.6894864907));
#1655 = ( GEOMETRIC_REPRESENTATION_CONTEXT(2) 
PARAMETRIC_REPRESENTATION_CONTEXT() REPRESENTATION_CONTEXT('2D SPACE',''
  ) );
#1656 = PCURVE('',#1308,#1657);
#1657 = DEFINITIONAL_REPRESENTATION('',(#1658),#1662);
#1658 = LINE('',#1659,#1660);
#1659 = CARTESIAN_POINT('',(0.,-25.));
#1660 = VECTOR('',#1661,1.);
#1661 = DIRECTION('',(1.,0.));
#1662 = ( GEOMETRIC_REPRESENTATION_CONTEXT(2) 
PARAMETRIC_REPRESENTATION_CONTEXT() REPRESENTATION_CONTEXT('2D SPACE',''
  ) );
#1663 = ORIENTED_EDGE('',*,*,#1664,.T.);
#1664 = EDGE_CURVE('',#1637,#1665,#1667,.T.);
#1665 = VERTEX_POINT('',#1666);
#1666 = CARTESIAN_POINT('',(15.332724506711,0.,25.));
#1667 = SURFACE_CURVE('',#1668,(#1672,#1679),.PCURVE_S1.);
#1668 = LINE('',#1669,#1670);
#1669 = CARTESIAN_POINT('',(15.332724506711,51.239823258603,25.));
#1670 = VECTOR('',#1671,1.);
#1671 = DIRECTION('',(6.933501040529E-17,-1.,0.));
#1672 = PCURVE('',#124,#1673);
#1673 = DEFINITIONAL_REPRESENTATION('',(#1674),#1678);
#1674 = LINE('',#1675,#1676);
#1675 = CARTESIAN_POINT('',(15.332724506711,11.531853649296));
#1676 = VECTOR('',#1677,1.);
#1677 = DIRECTION('',(6.933501040529E-17,-1.));
#1678 = ( GEOMETRIC_REPRESENTATION_CONTEXT(2) 
PARAMETRIC_REPRESENTATION_CONTEXT() REPRESENTATION_CONTEXT('2D SPACE',''
  ) );
#1679 = PCURVE('',#1336,#1680);
#1680 = DEFINITIONAL_REPRESENTATION('',(#1681),#1685);
#1681 = LINE('',#1682,#1683);
#1682 = CARTESIAN_POINT('',(0.,-25.));
#1683 = VECTOR('',#1684,1.);
#1684 = DIRECTION('',(1.,0.));
#1685 = ( GEOMETRIC_REPRESENTATION_CONTEXT(2) 
PARAMETRIC_REPRESENTATION_CONTEXT() REPRESENTATION_CONTEXT('2D SPACE',''
  ) );
#1686 = ORIENTED_EDGE('',*,*,#1687,.T.);
#1687 = EDGE_CURVE('',#1665,#1688,#1690,.T.);
#1688 = VERTEX_POINT('',#1689);
#1689 = CARTESIAN_POINT('',(35.332724506711,0.,25.));
#1690 = SURFACE_CURVE('',#1691,(#1695,#1702),.PCURVE_S1.);
#1691 = LINE('',#1692,#1693);
#1692 = CARTESIAN_POINT('',(15.332724506711,0.,25.));
#1693 = VECTOR('',#1694,1.);
#1694 = DIRECTION('',(1.,0.,0.));
#1695 = PCURVE('',#124,#1696);
#1696 = DEFINITIONAL_REPRESENTATION('',(#1697),#1701);
#1697 = LINE('',#1698,#1699);
#1698 = CARTESIAN_POINT('',(15.332724506711,-39.7079696093));
#1699 = VECTOR('',#1700,1.);
#1700 = DIRECTION('',(1.,0.));
#1701 = ( GEOMETRIC_REPRESENTATION_CONTEXT(2) 
PARAMETRIC_REPRESENTATION_CONTEXT() REPRESENTATION_CONTEXT('2D SPACE',''
  ) );
#1702 = PCURVE('',#1364,#1703);
#1703 = DEFINITIONAL_REPRESENTATION('',(#1704),#1708);
#1704 = LINE('',#1705,#1706);
#1705 = CARTESIAN_POINT('',(0.,-25.));
#1706 = VECTOR('',#1707,1.);
#1707 = DIRECTION('',(1.,0.));
#1708 = ( GEOMETRIC_REPRESENTATION_CONTEXT(2) 
PARAMETRIC_REPRESENTATION_CONTEXT() REPRESENTATION_CONTEXT('2D SPACE',''
  ) );
#1709 = ORIENTED_EDGE('',*,*,#1710,.T.);
#1710 = EDGE_CURVE('',#1688,#1711,#1713,.T.);
#1711 = VERTEX_POINT('',#1712);
#1712 = CARTESIAN_POINT('',(35.332724506712,28.609939156101,25.));
#1713 = SURFACE_CURVE('',#1714,(#1718,#1725),.PCURVE_S1.);
#1714 = LINE('',#1715,#1716);
#1715 = CARTESIAN_POINT('',(35.332724506711,0.,25.));
#1716 = VECTOR('',#1717,1.);
#1717 = DIRECTION('',(0.,1.,0.));
#1718 = PCURVE('',#124,#1719);
#1719 = DEFINITIONAL_REPRESENTATION('',(#1720),#1724);
#1720 = LINE('',#1721,#1722);
#1721 = CARTESIAN_POINT('',(35.332724506711,-39.7079696093));
#1722 = VECTOR('',#1723,1.);
#1723 = DIRECTION('',(0.,1.));
#1724 = ( GEOMETRIC_REPRESENTATION_CONTEXT(2) 
PARAMETRIC_REPRESENTATION_CONTEXT() REPRESENTATION_CONTEXT('2D SPACE',''
  ) );
#1725 = PCURVE('',#1392,#1726);
#1726 = DEFINITIONAL_REPRESENTATION('',(#1727),#1731);
#1727 = LINE('',#1728,#1729);
#1728 = CARTESIAN_POINT('',(0.,-25.));
#1729 = VECTOR('',#1730,1.);
#1730 = DIRECTION('',(1.,0.));
#1731 = ( GEOMETRIC_REPRESENTATION_CONTEXT(2) 
PARAMETRIC_REPRESENTATION_CONTEXT() REPRESENTATION_CONTEXT('2D SPACE',''
  ) );
#1732 = ORIENTED_EDGE('',*,*,#1733,.T.);
#1733 = EDGE_CURVE('',#1711,#1439,#1734,.T.);
#1734 = SURFACE_CURVE('',#1735,(#1740,#1751),.PCURVE_S1.);
#1735 = CIRCLE('',#1736,50.);
#1736 = AXIS2_PLACEMENT_3D('',#1737,#1738,#1739);
#1737 = CARTESIAN_POINT('',(0.,-6.768,25.));
#1738 = DIRECTION('',(0.,0.,-1.));
#1739 = DIRECTION('',(-0.754995768124,0.655729662372,0.));
#1740 = PCURVE('',#124,#1741);
#1741 = DEFINITIONAL_REPRESENTATION('',(#1742),#1750);
#1742 = ( BOUNDED_CURVE() B_SPLINE_CURVE(2,(#1743,#1744,#1745,#1746,
#1747,#1748,#1749),.UNSPECIFIED.,.T.,.F.) B_SPLINE_CURVE_WITH_KNOTS((1,2
    ,2,2,2,1),(-2.094395102393,0.,2.094395102393,4.188790204786,
6.28318530718,8.377580409573),.UNSPECIFIED.) CURVE() 
GEOMETRIC_REPRESENTATION_ITEM() RATIONAL_B_SPLINE_CURVE((1.,0.5,1.,0.5,
1.,0.5,1.)) REPRESENTATION_ITEM('') );
#1743 = CARTESIAN_POINT('',(-37.74978840621,-13.6894864907));
#1744 = CARTESIAN_POINT('',(19.038066156701,51.695065003826));
#1745 = CARTESIAN_POINT('',(47.268821484563,-30.17693542134));
#1746 = CARTESIAN_POINT('',(75.499576812425,-112.0489358465));
#1747 = CARTESIAN_POINT('',(-9.51903307835,-95.56148691587));
#1748 = CARTESIAN_POINT('',(-94.53764296912,-79.07403798524));
#1749 = CARTESIAN_POINT('',(-37.74978840621,-13.6894864907));
#1750 = ( GEOMETRIC_REPRESENTATION_CONTEXT(2) 
PARAMETRIC_REPRESENTATION_CONTEXT() REPRESENTATION_CONTEXT('2D SPACE',''
  ) );
#1751 = PCURVE('',#1423,#1752);
#1752 = DEFINITIONAL_REPRESENTATION('',(#1753),#1757);
#1753 = LINE('',#1754,#1755);
#1754 = CARTESIAN_POINT('',(0.,-25.));
#1755 = VECTOR('',#1756,1.);
#1756 = DIRECTION('',(1.,0.));
#1757 = ( GEOMETRIC_REPRESENTATION_CONTEXT(2) 
PARAMETRIC_REPRESENTATION_CONTEXT() REPRESENTATION_CONTEXT('2D SPACE',''
  ) );
#1758 = ADVANCED_FACE('',(#1759),#280,.F.);
#1759 = FACE_BOUND('',#1760,.F.);
#1760 = EDGE_LOOP('',(#1761,#1784,#1811,#1812));
#1761 = ORIENTED_EDGE('',*,*,#1762,.T.);
#1762 = EDGE_CURVE('',#169,#1763,#1765,.T.);
#1763 = VERTEX_POINT('',#1764);
#1764 = CARTESIAN_POINT('',(33.610068492419,35.57126423469,12.5));
#1765 = SEAM_CURVE('',#1766,(#1770,#1777),.PCURVE_S1.);
#1766 = LINE('',#1767,#1768);
#1767 = CARTESIAN_POINT('',(38.211161148503,40.846673827331,12.5));
#1768 = VECTOR('',#1769,1.);
#1769 = DIRECTION('',(-0.657298950869,-0.753629941806,
    -1.072694344277E-32));
#1770 = PCURVE('',#280,#1771);
#1771 = DEFINITIONAL_REPRESENTATION('',(#1772),#1776);
#1772 = LINE('',#1773,#1774);
#1773 = CARTESIAN_POINT('',(6.28318530718,-0.));
#1774 = VECTOR('',#1775,1.);
#1775 = DIRECTION('',(0.,1.));
#1776 = ( GEOMETRIC_REPRESENTATION_CONTEXT(2) 
PARAMETRIC_REPRESENTATION_CONTEXT() REPRESENTATION_CONTEXT('2D SPACE',''
  ) );
#1777 = PCURVE('',#280,#1778);
#1778 = DEFINITIONAL_REPRESENTATION('',(#1779),#1783);
#1779 = LINE('',#1780,#1781);
#1780 = CARTESIAN_POINT('',(0.,-0.));
#1781 = VECTOR('',#1782,1.);
#1782 = DIRECTION('',(0.,1.));
#1783 = ( GEOMETRIC_REPRESENTATION_CONTEXT(2) 
PARAMETRIC_REPRESENTATION_CONTEXT() REPRESENTATION_CONTEXT('2D SPACE',''
  ) );
#1784 = ORIENTED_EDGE('',*,*,#1785,.F.);
#1785 = EDGE_CURVE('',#1763,#1763,#1786,.T.);
#1786 = SURFACE_CURVE('',#1787,(#1792,#1799),.PCURVE_S1.);
#1787 = CIRCLE('',#1788,2.5);
#1788 = AXIS2_PLACEMENT_3D('',#1789,#1790,#1791);
#1789 = CARTESIAN_POINT('',(35.494143346933,33.928016857517,12.5));
#1790 = DIRECTION('',(-0.657298950869,-0.753629941806,0.));
#1791 = DIRECTION('',(-0.753629941806,0.657298950869,0.));
#1792 = PCURVE('',#280,#1793);
#1793 = DEFINITIONAL_REPRESENTATION('',(#1794),#1798);
#1794 = LINE('',#1795,#1796);
#1795 = CARTESIAN_POINT('',(0.,7.));
#1796 = VECTOR('',#1797,1.);
#1797 = DIRECTION('',(1.,0.));
#1798 = ( GEOMETRIC_REPRESENTATION_CONTEXT(2) 
PARAMETRIC_REPRESENTATION_CONTEXT() REPRESENTATION_CONTEXT('2D SPACE',''
  ) );
#1799 = PCURVE('',#1800,#1805);
#1800 = PLANE('',#1801);
#1801 = AXIS2_PLACEMENT_3D('',#1802,#1803,#1804);
#1802 = CARTESIAN_POINT('',(35.494143346933,33.928016857517,12.5));
#1803 = DIRECTION('',(-0.657298950869,-0.753629941806,0.));
#1804 = DIRECTION('',(-0.753629941806,0.657298950869,0.));
#1805 = DEFINITIONAL_REPRESENTATION('',(#1806),#1810);
#1806 = CIRCLE('',#1807,2.5);
#1807 = AXIS2_PLACEMENT_2D('',#1808,#1809);
#1808 = CARTESIAN_POINT('',(0.,0.));
#1809 = DIRECTION('',(1.,0.));
#1810 = ( GEOMETRIC_REPRESENTATION_CONTEXT(2) 
PARAMETRIC_REPRESENTATION_CONTEXT() REPRESENTATION_CONTEXT('2D SPACE',''
  ) );
#1811 = ORIENTED_EDGE('',*,*,#1762,.F.);
#1812 = ORIENTED_EDGE('',*,*,#168,.T.);
#1813 = ADVANCED_FACE('',(#1814),#482,.F.);
#1814 = FACE_BOUND('',#1815,.F.);
#1815 = EDGE_LOOP('',(#1816,#1817,#1840,#1862));
#1816 = ORIENTED_EDGE('',*,*,#342,.F.);
#1817 = ORIENTED_EDGE('',*,*,#1818,.F.);
#1818 = EDGE_CURVE('',#1819,#343,#1821,.T.);
#1819 = VERTEX_POINT('',#1820);
#1820 = CARTESIAN_POINT('',(25.332724506711,0.,16.5));
#1821 = SEAM_CURVE('',#1822,(#1826,#1833),.PCURVE_S1.);
#1822 = LINE('',#1823,#1824);
#1823 = CARTESIAN_POINT('',(25.332724506711,-1.,16.5));
#1824 = VECTOR('',#1825,1.);
#1825 = DIRECTION('',(0.,1.,0.));
#1826 = PCURVE('',#482,#1827);
#1827 = DEFINITIONAL_REPRESENTATION('',(#1828),#1832);
#1828 = LINE('',#1829,#1830);
#1829 = CARTESIAN_POINT('',(6.28318530718,-0.));
#1830 = VECTOR('',#1831,1.);
#1831 = DIRECTION('',(0.,1.));
#1832 = ( GEOMETRIC_REPRESENTATION_CONTEXT(2) 
PARAMETRIC_REPRESENTATION_CONTEXT() REPRESENTATION_CONTEXT('2D SPACE',''
  ) );
#1833 = PCURVE('',#482,#1834);
#1834 = DEFINITIONAL_REPRESENTATION('',(#1835),#1839);
#1835 = LINE('',#1836,#1837);
#1836 = CARTESIAN_POINT('',(0.,-0.));
#1837 = VECTOR('',#1838,1.);
#1838 = DIRECTION('',(0.,1.));
#1839 = ( GEOMETRIC_REPRESENTATION_CONTEXT(2) 
PARAMETRIC_REPRESENTATION_CONTEXT() REPRESENTATION_CONTEXT('2D SPACE',''
  ) );
#1840 = ORIENTED_EDGE('',*,*,#1841,.T.);
#1841 = EDGE_CURVE('',#1819,#1819,#1842,.T.);
#1842 = SURFACE_CURVE('',#1843,(#1848,#1855),.PCURVE_S1.);
#1843 = CIRCLE('',#1844,4.);
#1844 = AXIS2_PLACEMENT_3D('',#1845,#1846,#1847);
#1845 = CARTESIAN_POINT('',(25.332724506711,0.,12.5));
#1846 = DIRECTION('',(0.,1.,0.));
#1847 = DIRECTION('',(0.,-0.,1.));
#1848 = PCURVE('',#482,#1849);
#1849 = DEFINITIONAL_REPRESENTATION('',(#1850),#1854);
#1850 = LINE('',#1851,#1852);
#1851 = CARTESIAN_POINT('',(0.,1.));
#1852 = VECTOR('',#1853,1.);
#1853 = DIRECTION('',(1.,0.));
#1854 = ( GEOMETRIC_REPRESENTATION_CONTEXT(2) 
PARAMETRIC_REPRESENTATION_CONTEXT() REPRESENTATION_CONTEXT('2D SPACE',''
  ) );
#1855 = PCURVE('',#1364,#1856);
#1856 = DEFINITIONAL_REPRESENTATION('',(#1857),#1861);
#1857 = CIRCLE('',#1858,4.);
#1858 = AXIS2_PLACEMENT_2D('',#1859,#1860);
#1859 = CARTESIAN_POINT('',(10.,-12.5));
#1860 = DIRECTION('',(0.,-1.));
#1861 = ( GEOMETRIC_REPRESENTATION_CONTEXT(2) 
PARAMETRIC_REPRESENTATION_CONTEXT() REPRESENTATION_CONTEXT('2D SPACE',''
  ) );
#1862 = ORIENTED_EDGE('',*,*,#1818,.T.);
#1863 = ADVANCED_FACE('',(#1864),#670,.F.);
#1864 = FACE_BOUND('',#1865,.F.);
#1865 = EDGE_LOOP('',(#1866,#1889,#1916,#1917));
#1866 = ORIENTED_EDGE('',*,*,#1867,.T.);
#1867 = EDGE_CURVE('',#559,#1868,#1870,.T.);
#1868 = VERTEX_POINT('',#1869);
#1869 = CARTESIAN_POINT('',(-4.383049889483,47.111855917275,12.5));
#1870 = SEAM_CURVE('',#1871,(#1875,#1882),.PCURVE_S1.);
#1871 = LINE('',#1872,#1873);
#1872 = CARTESIAN_POINT('',(-4.6273463664,54.107591706409,12.5));
#1873 = VECTOR('',#1874,1.);
#1874 = DIRECTION('',(3.48994967025E-02,-0.999390827019,
    7.061190711983E-34));
#1875 = PCURVE('',#670,#1876);
#1876 = DEFINITIONAL_REPRESENTATION('',(#1877),#1881);
#1877 = LINE('',#1878,#1879);
#1878 = CARTESIAN_POINT('',(6.28318530718,-0.));
#1879 = VECTOR('',#1880,1.);
#1880 = DIRECTION('',(0.,1.));
#1881 = ( GEOMETRIC_REPRESENTATION_CONTEXT(2) 
PARAMETRIC_REPRESENTATION_CONTEXT() REPRESENTATION_CONTEXT('2D SPACE',''
  ) );
#1882 = PCURVE('',#670,#1883);
#1883 = DEFINITIONAL_REPRESENTATION('',(#1884),#1888);
#1884 = LINE('',#1885,#1886);
#1885 = CARTESIAN_POINT('',(0.,-0.));
#1886 = VECTOR('',#1887,1.);
#1887 = DIRECTION('',(0.,1.));
#1888 = ( GEOMETRIC_REPRESENTATION_CONTEXT(2) 
PARAMETRIC_REPRESENTATION_CONTEXT() REPRESENTATION_CONTEXT('2D SPACE',''
  ) );
#1889 = ORIENTED_EDGE('',*,*,#1890,.F.);
#1890 = EDGE_CURVE('',#1868,#1868,#1891,.T.);
#1891 = SURFACE_CURVE('',#1892,(#1897,#1904),.PCURVE_S1.);
#1892 = CIRCLE('',#1893,2.5);
#1893 = AXIS2_PLACEMENT_3D('',#1894,#1895,#1896);
#1894 = CARTESIAN_POINT('',(-1.884572821935,47.199104659031,12.5));
#1895 = DIRECTION('',(3.48994967025E-02,-0.999390827019,0.));
#1896 = DIRECTION('',(-0.999390827019,-3.48994967025E-02,0.));
#1897 = PCURVE('',#670,#1898);
#1898 = DEFINITIONAL_REPRESENTATION('',(#1899),#1903);
#1899 = LINE('',#1900,#1901);
#1900 = CARTESIAN_POINT('',(0.,7.));
#1901 = VECTOR('',#1902,1.);
#1902 = DIRECTION('',(1.,0.));
#1903 = ( GEOMETRIC_REPRESENTATION_CONTEXT(2) 
PARAMETRIC_REPRESENTATION_CONTEXT() REPRESENTATION_CONTEXT('2D SPACE',''
  ) );
#1904 = PCURVE('',#1905,#1910);
#1905 = PLANE('',#1906);
#1906 = AXIS2_PLACEMENT_3D('',#1907,#1908,#1909);
#1907 = CARTESIAN_POINT('',(-1.884572821935,47.199104659031,12.5));
#1908 = DIRECTION('',(3.48994967025E-02,-0.999390827019,0.));
#1909 = DIRECTION('',(-0.999390827019,-3.48994967025E-02,0.));
#1910 = DEFINITIONAL_REPRESENTATION('',(#1911),#1915);
#1911 = CIRCLE('',#1912,2.5);
#1912 = AXIS2_PLACEMENT_2D('',#1913,#1914);
#1913 = CARTESIAN_POINT('',(0.,0.));
#1914 = DIRECTION('',(1.,0.));
#1915 = ( GEOMETRIC_REPRESENTATION_CONTEXT(2) 
PARAMETRIC_REPRESENTATION_CONTEXT() REPRESENTATION_CONTEXT('2D SPACE',''
  ) );
#1916 = ORIENTED_EDGE('',*,*,#1867,.F.);
#1917 = ORIENTED_EDGE('',*,*,#558,.T.);
#1918 = ADVANCED_FACE('',(#1919),#872,.F.);
#1919 = FACE_BOUND('',#1920,.F.);
#1920 = EDGE_LOOP('',(#1921,#1922,#1945,#1971));
#1921 = ORIENTED_EDGE('',*,*,#732,.F.);
#1922 = ORIENTED_EDGE('',*,*,#1923,.F.);
#1923 = EDGE_CURVE('',#1924,#733,#1926,.T.);
#1924 = VERTEX_POINT('',#1925);
#1925 = CARTESIAN_POINT('',(-25.33272450671,0.,16.5));
#1926 = SEAM_CURVE('',#1927,(#1931,#1938),.PCURVE_S1.);
#1927 = LINE('',#1928,#1929);
#1928 = CARTESIAN_POINT('',(-25.33272450671,-1.,16.5));
#1929 = VECTOR('',#1930,1.);
#1930 = DIRECTION('',(0.,1.,0.));
#1931 = PCURVE('',#872,#1932);
#1932 = DEFINITIONAL_REPRESENTATION('',(#1933),#1937);
#1933 = LINE('',#1934,#1935);
#1934 = CARTESIAN_POINT('',(6.28318530718,-0.));
#1935 = VECTOR('',#1936,1.);
#1936 = DIRECTION('',(0.,1.));
#1937 = ( GEOMETRIC_REPRESENTATION_CONTEXT(2) 
PARAMETRIC_REPRESENTATION_CONTEXT() REPRESENTATION_CONTEXT('2D SPACE',''
  ) );
#1938 = PCURVE('',#872,#1939);
#1939 = DEFINITIONAL_REPRESENTATION('',(#1940),#1944);
#1940 = LINE('',#1941,#1942);
#1941 = CARTESIAN_POINT('',(0.,-0.));
#1942 = VECTOR('',#1943,1.);
#1943 = DIRECTION('',(0.,1.));
#1944 = ( GEOMETRIC_REPRESENTATION_CONTEXT(2) 
PARAMETRIC_REPRESENTATION_CONTEXT() REPRESENTATION_CONTEXT('2D SPACE',''
  ) );
#1945 = ORIENTED_EDGE('',*,*,#1946,.T.);
#1946 = EDGE_CURVE('',#1924,#1924,#1947,.T.);
#1947 = SURFACE_CURVE('',#1948,(#1953,#1960),.PCURVE_S1.);
#1948 = CIRCLE('',#1949,4.);
#1949 = AXIS2_PLACEMENT_3D('',#1950,#1951,#1952);
#1950 = CARTESIAN_POINT('',(-25.33272450671,0.,12.5));
#1951 = DIRECTION('',(0.,1.,0.));
#1952 = DIRECTION('',(0.,-0.,1.));
#1953 = PCURVE('',#872,#1954);
#1954 = DEFINITIONAL_REPRESENTATION('',(#1955),#1959);
#1955 = LINE('',#1956,#1957);
#1956 = CARTESIAN_POINT('',(0.,1.));
#1957 = VECTOR('',#1958,1.);
#1958 = DIRECTION('',(1.,0.));
#1959 = ( GEOMETRIC_REPRESENTATION_CONTEXT(2) 
PARAMETRIC_REPRESENTATION_CONTEXT() REPRESENTATION_CONTEXT('2D SPACE',''
  ) );
#1960 = PCURVE('',#1247,#1961);
#1961 = DEFINITIONAL_REPRESENTATION('',(#1962),#1970);
#1962 = ( BOUNDED_CURVE() B_SPLINE_CURVE(2,(#1963,#1964,#1965,#1966,
#1967,#1968,#1969),.UNSPECIFIED.,.T.,.F.) B_SPLINE_CURVE_WITH_KNOTS((1,2
    ,2,2,2,1),(-2.094395102393,0.,2.094395102393,4.188790204786,
6.28318530718,8.377580409573),.UNSPECIFIED.) CURVE() 
GEOMETRIC_REPRESENTATION_ITEM() RATIONAL_B_SPLINE_CURVE((1.,0.5,1.,0.5,
1.,0.5,1.)) REPRESENTATION_ITEM('') );
#1963 = CARTESIAN_POINT('',(10.,-16.5));
#1964 = CARTESIAN_POINT('',(3.071796769724,-16.5));
#1965 = CARTESIAN_POINT('',(6.535898384862,-10.5));
#1966 = CARTESIAN_POINT('',(10.,-4.5));
#1967 = CARTESIAN_POINT('',(13.464101615138,-10.5));
#1968 = CARTESIAN_POINT('',(16.928203230276,-16.5));
#1969 = CARTESIAN_POINT('',(10.,-16.5));
#1970 = ( GEOMETRIC_REPRESENTATION_CONTEXT(2) 
PARAMETRIC_REPRESENTATION_CONTEXT() REPRESENTATION_CONTEXT('2D SPACE',''
  ) );
#1971 = ORIENTED_EDGE('',*,*,#1923,.T.);
#1972 = ADVANCED_FACE('',(#1973),#1060,.F.);
#1973 = FACE_BOUND('',#1974,.F.);
#1974 = EDGE_LOOP('',(#1975,#1998,#2025,#2026));
#1975 = ORIENTED_EDGE('',*,*,#1976,.T.);
#1976 = EDGE_CURVE('',#949,#1977,#1979,.T.);
#1977 = VERTEX_POINT('',#1978);
#1978 = CARTESIAN_POINT('',(-38.71837040054,30.956498585481,12.5));
#1979 = SEAM_CURVE('',#1980,(#1984,#1991),.PCURVE_S1.);
#1980 = LINE('',#1981,#1982);
#1981 = CARTESIAN_POINT('',(-43.50076933498,36.068118723156,12.5));
#1982 = VECTOR('',#1983,1.);
#1983 = DIRECTION('',(0.683199847777,-0.730231448239,2.401648174041E-33)
  );
#1984 = PCURVE('',#1060,#1985);
#1985 = DEFINITIONAL_REPRESENTATION('',(#1986),#1990);
#1986 = LINE('',#1987,#1988);
#1987 = CARTESIAN_POINT('',(6.28318530718,-0.));
#1988 = VECTOR('',#1989,1.);
#1989 = DIRECTION('',(0.,1.));
#1990 = ( GEOMETRIC_REPRESENTATION_CONTEXT(2) 
PARAMETRIC_REPRESENTATION_CONTEXT() REPRESENTATION_CONTEXT('2D SPACE',''
  ) );
#1991 = PCURVE('',#1060,#1992);
#1992 = DEFINITIONAL_REPRESENTATION('',(#1993),#1997);
#1993 = LINE('',#1994,#1995);
#1994 = CARTESIAN_POINT('',(0.,-0.));
#1995 = VECTOR('',#1996,1.);
#1996 = DIRECTION('',(0.,1.));
#1997 = ( GEOMETRIC_REPRESENTATION_CONTEXT(2) 
PARAMETRIC_REPRESENTATION_CONTEXT() REPRESENTATION_CONTEXT('2D SPACE',''
  ) );
#1998 = ORIENTED_EDGE('',*,*,#1999,.F.);
#1999 = EDGE_CURVE('',#1977,#1977,#2000,.T.);
#2000 = SURFACE_CURVE('',#2001,(#2006,#2013),.PCURVE_S1.);
#2001 = CIRCLE('',#2002,2.5);
#2002 = AXIS2_PLACEMENT_3D('',#2003,#2004,#2005);
#2003 = CARTESIAN_POINT('',(-36.89279177995,32.664498204923,12.5));
#2004 = DIRECTION('',(0.683199847777,-0.730231448239,0.));
#2005 = DIRECTION('',(-0.730231448239,-0.683199847777,0.));
#2006 = PCURVE('',#1060,#2007);
#2007 = DEFINITIONAL_REPRESENTATION('',(#2008),#2012);
#2008 = LINE('',#2009,#2010);
#2009 = CARTESIAN_POINT('',(0.,7.));
#2010 = VECTOR('',#2011,1.);
#2011 = DIRECTION('',(1.,0.));
#2012 = ( GEOMETRIC_REPRESENTATION_CONTEXT(2) 
PARAMETRIC_REPRESENTATION_CONTEXT() REPRESENTATION_CONTEXT('2D SPACE',''
  ) );
#2013 = PCURVE('',#2014,#2019);
#2014 = PLANE('',#2015);
#2015 = AXIS2_PLACEMENT_3D('',#2016,#2017,#2018);
#2016 = CARTESIAN_POINT('',(-36.89279177995,32.664498204923,12.5));
#2017 = DIRECTION('',(0.683199847777,-0.730231448239,0.));
#2018 = DIRECTION('',(-0.730231448239,-0.683199847777,0.));
#2019 = DEFINITIONAL_REPRESENTATION('',(#2020),#2024);
#2020 = CIRCLE('',#2021,2.5);
#2021 = AXIS2_PLACEMENT_2D('',#2022,#2023);
#2022 = CARTESIAN_POINT('',(0.,0.));
#2023 = DIRECTION('',(1.,0.));
#2024 = ( GEOMETRIC_REPRESENTATION_CONTEXT(2) 
PARAMETRIC_REPRESENTATION_CONTEXT() REPRESENTATION_CONTEXT('2D SPACE',''
  ) );
#2025 = ORIENTED_EDGE('',*,*,#1976,.F.);
#2026 = ORIENTED_EDGE('',*,*,#948,.T.);
#2027 = ADVANCED_FACE('',(#2028),#1191,.F.);
#2028 = FACE_BOUND('',#2029,.F.);
#2029 = EDGE_LOOP('',(#2030,#2031,#2032,#2033));
#2030 = ORIENTED_EDGE('',*,*,#1170,.F.);
#2031 = ORIENTED_EDGE('',*,*,#1511,.T.);
#2032 = ORIENTED_EDGE('',*,*,#1539,.T.);
#2033 = ORIENTED_EDGE('',*,*,#2034,.T.);
#2034 = EDGE_CURVE('',#1540,#1171,#2035,.T.);
#2035 = SURFACE_CURVE('',#2036,(#2040,#2046),.PCURVE_S1.);
#2036 = LINE('',#2037,#2038);
#2037 = CARTESIAN_POINT('',(-35.33272450671,28.609939156103,0.));
#2038 = VECTOR('',#2039,1.);
#2039 = DIRECTION('',(0.,0.,-1.));
#2040 = PCURVE('',#1191,#2041);
#2041 = DEFINITIONAL_REPRESENTATION('',(#2042),#2045);
#2042 = B_SPLINE_CURVE_WITH_KNOTS('',1,(#2043,#2044),.UNSPECIFIED.,.F.,
  .F.,(2,2),(-25.0000006,6.E-07),.PIECEWISE_BEZIER_KNOTS.);
#2043 = CARTESIAN_POINT('',(7.088893414023E-02,-25.0000006));
#2044 = CARTESIAN_POINT('',(7.088893414023E-02,6.E-07));
#2045 = ( GEOMETRIC_REPRESENTATION_CONTEXT(2) 
PARAMETRIC_REPRESENTATION_CONTEXT() REPRESENTATION_CONTEXT('2D SPACE',''
  ) );
#2046 = PCURVE('',#1219,#2047);
#2047 = DEFINITIONAL_REPRESENTATION('',(#2048),#2051);
#2048 = B_SPLINE_CURVE_WITH_KNOTS('',1,(#2049,#2050),.UNSPECIFIED.,.F.,
  .F.,(2,2),(-25.0000006,6.E-07),.PIECEWISE_BEZIER_KNOTS.);
#2049 = CARTESIAN_POINT('',(28.609939156103,-25.0000006));
#2050 = CARTESIAN_POINT('',(28.609939156103,6.E-07));
#2051 = ( GEOMETRIC_REPRESENTATION_CONTEXT(2) 
PARAMETRIC_REPRESENTATION_CONTEXT() REPRESENTATION_CONTEXT('2D SPACE',''
  ) );
#2052 = ADVANCED_FACE('',(#2053),#1219,.T.);
#2053 = FACE_BOUND('',#2054,.T.);
#2054 = EDGE_LOOP('',(#2055,#2056,#2077,#2078));
#2055 = ORIENTED_EDGE('',*,*,#1203,.F.);
#2056 = ORIENTED_EDGE('',*,*,#2057,.T.);
#2057 = EDGE_CURVE('',#1204,#1568,#2058,.T.);
#2058 = SURFACE_CURVE('',#2059,(#2063,#2070),.PCURVE_S1.);
#2059 = LINE('',#2060,#2061);
#2060 = CARTESIAN_POINT('',(-35.33272450671,0.,0.));
#2061 = VECTOR('',#2062,1.);
#2062 = DIRECTION('',(0.,0.,1.));
#2063 = PCURVE('',#1219,#2064);
#2064 = DEFINITIONAL_REPRESENTATION('',(#2065),#2069);
#2065 = LINE('',#2066,#2067);
#2066 = CARTESIAN_POINT('',(0.,0.));
#2067 = VECTOR('',#2068,1.);
#2068 = DIRECTION('',(0.,-1.));
#2069 = ( GEOMETRIC_REPRESENTATION_CONTEXT(2) 
PARAMETRIC_REPRESENTATION_CONTEXT() REPRESENTATION_CONTEXT('2D SPACE',''
  ) );
#2070 = PCURVE('',#1247,#2071);
#2071 = DEFINITIONAL_REPRESENTATION('',(#2072),#2076);
#2072 = LINE('',#2073,#2074);
#2073 = CARTESIAN_POINT('',(20.,0.));
#2074 = VECTOR('',#2075,1.);
#2075 = DIRECTION('',(0.,-1.));
#2076 = ( GEOMETRIC_REPRESENTATION_CONTEXT(2) 
PARAMETRIC_REPRESENTATION_CONTEXT() REPRESENTATION_CONTEXT('2D SPACE',''
  ) );
#2077 = ORIENTED_EDGE('',*,*,#1567,.T.);
#2078 = ORIENTED_EDGE('',*,*,#2034,.T.);
#2079 = ADVANCED_FACE('',(#2080,#2106),#1247,.T.);
#2080 = FACE_BOUND('',#2081,.T.);
#2081 = EDGE_LOOP('',(#2082,#2103,#2104,#2105));
#2082 = ORIENTED_EDGE('',*,*,#2083,.T.);
#2083 = EDGE_CURVE('',#1232,#1591,#2084,.T.);
#2084 = SURFACE_CURVE('',#2085,(#2089,#2096),.PCURVE_S1.);
#2085 = LINE('',#2086,#2087);
#2086 = CARTESIAN_POINT('',(-15.33272450671,0.,0.));
#2087 = VECTOR('',#2088,1.);
#2088 = DIRECTION('',(0.,0.,1.));
#2089 = PCURVE('',#1247,#2090);
#2090 = DEFINITIONAL_REPRESENTATION('',(#2091),#2095);
#2091 = LINE('',#2092,#2093);
#2092 = CARTESIAN_POINT('',(0.,-0.));
#2093 = VECTOR('',#2094,1.);
#2094 = DIRECTION('',(0.,-1.));
#2095 = ( GEOMETRIC_REPRESENTATION_CONTEXT(2) 
PARAMETRIC_REPRESENTATION_CONTEXT() REPRESENTATION_CONTEXT('2D SPACE',''
  ) );
#2096 = PCURVE('',#1275,#2097);
#2097 = DEFINITIONAL_REPRESENTATION('',(#2098),#2102);
#2098 = LINE('',#2099,#2100);
#2099 = CARTESIAN_POINT('',(51.239823258603,0.));
#2100 = VECTOR('',#2101,1.);
#2101 = DIRECTION('',(0.,-1.));
#2102 = ( GEOMETRIC_REPRESENTATION_CONTEXT(2) 
PARAMETRIC_REPRESENTATION_CONTEXT() REPRESENTATION_CONTEXT('2D SPACE',''
  ) );
#2103 = ORIENTED_EDGE('',*,*,#1590,.T.);
#2104 = ORIENTED_EDGE('',*,*,#2057,.F.);
#2105 = ORIENTED_EDGE('',*,*,#1231,.F.);
#2106 = FACE_BOUND('',#2107,.T.);
#2107 = EDGE_LOOP('',(#2108));
#2108 = ORIENTED_EDGE('',*,*,#1946,.T.);
#2109 = ADVANCED_FACE('',(#2110),#1275,.T.);
#2110 = FACE_BOUND('',#2111,.T.);
#2111 = EDGE_LOOP('',(#2112,#2113,#2132,#2133));
#2112 = ORIENTED_EDGE('',*,*,#1259,.F.);
#2113 = ORIENTED_EDGE('',*,*,#2114,.F.);
#2114 = EDGE_CURVE('',#1614,#1260,#2115,.T.);
#2115 = SURFACE_CURVE('',#2116,(#2120,#2126),.PCURVE_S1.);
#2116 = LINE('',#2117,#2118);
#2117 = CARTESIAN_POINT('',(-15.33272450671,40.823044947567,0.));
#2118 = VECTOR('',#2119,1.);
#2119 = DIRECTION('',(0.,0.,-1.));
#2120 = PCURVE('',#1275,#2121);
#2121 = DEFINITIONAL_REPRESENTATION('',(#2122),#2125);
#2122 = B_SPLINE_CURVE_WITH_KNOTS('',1,(#2123,#2124),.UNSPECIFIED.,.F.,
  .F.,(2,2),(-25.0000006,6.E-07),.PIECEWISE_BEZIER_KNOTS.);
#2123 = CARTESIAN_POINT('',(10.416778311036,-25.0000006));
#2124 = CARTESIAN_POINT('',(10.416778311036,6.E-07));
#2125 = ( GEOMETRIC_REPRESENTATION_CONTEXT(2) 
PARAMETRIC_REPRESENTATION_CONTEXT() REPRESENTATION_CONTEXT('2D SPACE',''
  ) );
#2126 = PCURVE('',#1308,#2127);
#2127 = DEFINITIONAL_REPRESENTATION('',(#2128),#2131);
#2128 = B_SPLINE_CURVE_WITH_KNOTS('',1,(#2129,#2130),.UNSPECIFIED.,.F.,
  .F.,(2,2),(-25.0000006,6.E-07),.PIECEWISE_BEZIER_KNOTS.);
#2129 = CARTESIAN_POINT('',(0.543971485267,-25.0000006));
#2130 = CARTESIAN_POINT('',(0.543971485267,6.E-07));
#2131 = ( GEOMETRIC_REPRESENTATION_CONTEXT(2) 
PARAMETRIC_REPRESENTATION_CONTEXT() REPRESENTATION_CONTEXT('2D SPACE',''
  ) );
#2132 = ORIENTED_EDGE('',*,*,#1613,.T.);
#2133 = ORIENTED_EDGE('',*,*,#2083,.F.);
#2134 = ADVANCED_FACE('',(#2135),#1308,.F.);
#2135 = FACE_BOUND('',#2136,.F.);
#2136 = EDGE_LOOP('',(#2137,#2138,#2139,#2140));
#2137 = ORIENTED_EDGE('',*,*,#1287,.F.);
#2138 = ORIENTED_EDGE('',*,*,#2114,.F.);
#2139 = ORIENTED_EDGE('',*,*,#1636,.T.);
#2140 = ORIENTED_EDGE('',*,*,#2141,.T.);
#2141 = EDGE_CURVE('',#1637,#1288,#2142,.T.);
#2142 = SURFACE_CURVE('',#2143,(#2147,#2153),.PCURVE_S1.);
#2143 = LINE('',#2144,#2145);
#2144 = CARTESIAN_POINT('',(15.332724506711,40.823044947567,0.));
#2145 = VECTOR('',#2146,1.);
#2146 = DIRECTION('',(0.,0.,-1.));
#2147 = PCURVE('',#1308,#2148);
#2148 = DEFINITIONAL_REPRESENTATION('',(#2149),#2152);
#2149 = B_SPLINE_CURVE_WITH_KNOTS('',1,(#2150,#2151),.UNSPECIFIED.,.F.,
  .F.,(2,2),(-25.0000006,6.E-07),.PIECEWISE_BEZIER_KNOTS.);
#2150 = CARTESIAN_POINT('',(1.167323846314,-25.0000006));
#2151 = CARTESIAN_POINT('',(1.167323846314,6.E-07));
#2152 = ( GEOMETRIC_REPRESENTATION_CONTEXT(2) 
PARAMETRIC_REPRESENTATION_CONTEXT() REPRESENTATION_CONTEXT('2D SPACE',''
  ) );
#2153 = PCURVE('',#1336,#2154);
#2154 = DEFINITIONAL_REPRESENTATION('',(#2155),#2158);
#2155 = B_SPLINE_CURVE_WITH_KNOTS('',1,(#2156,#2157),.UNSPECIFIED.,.F.,
  .F.,(2,2),(-25.0000006,6.E-07),.PIECEWISE_BEZIER_KNOTS.);
#2156 = CARTESIAN_POINT('',(10.416778311036,-25.0000006));
#2157 = CARTESIAN_POINT('',(10.416778311036,6.E-07));
#2158 = ( GEOMETRIC_REPRESENTATION_CONTEXT(2) 
PARAMETRIC_REPRESENTATION_CONTEXT() REPRESENTATION_CONTEXT('2D SPACE',''
  ) );
#2159 = ADVANCED_FACE('',(#2160),#1336,.F.);
#2160 = FACE_BOUND('',#2161,.F.);
#2161 = EDGE_LOOP('',(#2162,#2163,#2164,#2165));
#2162 = ORIENTED_EDGE('',*,*,#1320,.F.);
#2163 = ORIENTED_EDGE('',*,*,#2141,.F.);
#2164 = ORIENTED_EDGE('',*,*,#1664,.T.);
#2165 = ORIENTED_EDGE('',*,*,#2166,.F.);
#2166 = EDGE_CURVE('',#1321,#1665,#2167,.T.);
#2167 = SURFACE_CURVE('',#2168,(#2172,#2179),.PCURVE_S1.);
#2168 = LINE('',#2169,#2170);
#2169 = CARTESIAN_POINT('',(15.332724506711,0.,0.));
#2170 = VECTOR('',#2171,1.);
#2171 = DIRECTION('',(0.,0.,1.));
#2172 = PCURVE('',#1336,#2173);
#2173 = DEFINITIONAL_REPRESENTATION('',(#2174),#2178);
#2174 = LINE('',#2175,#2176);
#2175 = CARTESIAN_POINT('',(51.239823258603,0.));
#2176 = VECTOR('',#2177,1.);
#2177 = DIRECTION('',(0.,-1.));
#2178 = ( GEOMETRIC_REPRESENTATION_CONTEXT(2) 
PARAMETRIC_REPRESENTATION_CONTEXT() REPRESENTATION_CONTEXT('2D SPACE',''
  ) );
#2179 = PCURVE('',#1364,#2180);
#2180 = DEFINITIONAL_REPRESENTATION('',(#2181),#2185);
#2181 = LINE('',#2182,#2183);
#2182 = CARTESIAN_POINT('',(0.,0.));
#2183 = VECTOR('',#2184,1.);
#2184 = DIRECTION('',(0.,-1.));
#2185 = ( GEOMETRIC_REPRESENTATION_CONTEXT(2) 
PARAMETRIC_REPRESENTATION_CONTEXT() REPRESENTATION_CONTEXT('2D SPACE',''
  ) );
#2186 = ADVANCED_FACE('',(#2187,#2213),#1364,.F.);
#2187 = FACE_BOUND('',#2188,.F.);
#2188 = EDGE_LOOP('',(#2189,#2190,#2191,#2212));
#2189 = ORIENTED_EDGE('',*,*,#2166,.T.);
#2190 = ORIENTED_EDGE('',*,*,#1687,.T.);
#2191 = ORIENTED_EDGE('',*,*,#2192,.F.);
#2192 = EDGE_CURVE('',#1349,#1688,#2193,.T.);
#2193 = SURFACE_CURVE('',#2194,(#2198,#2205),.PCURVE_S1.);
#2194 = LINE('',#2195,#2196);
#2195 = CARTESIAN_POINT('',(35.332724506711,0.,0.));
#2196 = VECTOR('',#2197,1.);
#2197 = DIRECTION('',(0.,0.,1.));
#2198 = PCURVE('',#1364,#2199);
#2199 = DEFINITIONAL_REPRESENTATION('',(#2200),#2204);
#2200 = LINE('',#2201,#2202);
#2201 = CARTESIAN_POINT('',(20.,0.));
#2202 = VECTOR('',#2203,1.);
#2203 = DIRECTION('',(0.,-1.));
#2204 = ( GEOMETRIC_REPRESENTATION_CONTEXT(2) 
PARAMETRIC_REPRESENTATION_CONTEXT() REPRESENTATION_CONTEXT('2D SPACE',''
  ) );
#2205 = PCURVE('',#1392,#2206);
#2206 = DEFINITIONAL_REPRESENTATION('',(#2207),#2211);
#2207 = LINE('',#2208,#2209);
#2208 = CARTESIAN_POINT('',(0.,0.));
#2209 = VECTOR('',#2210,1.);
#2210 = DIRECTION('',(0.,-1.));
#2211 = ( GEOMETRIC_REPRESENTATION_CONTEXT(2) 
PARAMETRIC_REPRESENTATION_CONTEXT() REPRESENTATION_CONTEXT('2D SPACE',''
  ) );
#2212 = ORIENTED_EDGE('',*,*,#1348,.F.);
#2213 = FACE_BOUND('',#2214,.F.);
#2214 = EDGE_LOOP('',(#2215));
#2215 = ORIENTED_EDGE('',*,*,#1841,.F.);
#2216 = ADVANCED_FACE('',(#2217),#1392,.F.);
#2217 = FACE_BOUND('',#2218,.F.);
#2218 = EDGE_LOOP('',(#2219,#2220,#2221,#2222));
#2219 = ORIENTED_EDGE('',*,*,#1376,.F.);
#2220 = ORIENTED_EDGE('',*,*,#2192,.T.);
#2221 = ORIENTED_EDGE('',*,*,#1710,.T.);
#2222 = ORIENTED_EDGE('',*,*,#2223,.T.);
#2223 = EDGE_CURVE('',#1711,#1377,#2224,.T.);
#2224 = SURFACE_CURVE('',#2225,(#2229,#2235),.PCURVE_S1.);
#2225 = LINE('',#2226,#2227);
#2226 = CARTESIAN_POINT('',(35.332724506711,28.609939156103,0.));
#2227 = VECTOR('',#2228,1.);
#2228 = DIRECTION('',(0.,0.,-1.));
#2229 = PCURVE('',#1392,#2230);
#2230 = DEFINITIONAL_REPRESENTATION('',(#2231),#2234);
#2231 = B_SPLINE_CURVE_WITH_KNOTS('',1,(#2232,#2233),.UNSPECIFIED.,.F.,
  .F.,(2,2),(-25.0000006,6.E-07),.PIECEWISE_BEZIER_KNOTS.);
#2232 = CARTESIAN_POINT('',(28.609939156103,-25.0000006));
#2233 = CARTESIAN_POINT('',(28.609939156103,6.E-07));
#2234 = ( GEOMETRIC_REPRESENTATION_CONTEXT(2) 
PARAMETRIC_REPRESENTATION_CONTEXT() REPRESENTATION_CONTEXT('2D SPACE',''
  ) );
#2235 = PCURVE('',#1423,#2236);
#2236 = DEFINITIONAL_REPRESENTATION('',(#2237),#2240);
#2237 = B_SPLINE_CURVE_WITH_KNOTS('',1,(#2238,#2239),.UNSPECIFIED.,.F.,
  .F.,(2,2),(-25.0000006,6.E-07),.PIECEWISE_BEZIER_KNOTS.);
#2238 = CARTESIAN_POINT('',(1.64040639744,-25.0000006));
#2239 = CARTESIAN_POINT('',(1.64040639744,6.E-07));
#2240 = ( GEOMETRIC_REPRESENTATION_CONTEXT(2) 
PARAMETRIC_REPRESENTATION_CONTEXT() REPRESENTATION_CONTEXT('2D SPACE',''
  ) );
#2241 = ADVANCED_FACE('',(#2242),#1423,.F.);
#2242 = FACE_BOUND('',#2243,.F.);
#2243 = EDGE_LOOP('',(#2244,#2245,#2246,#2247));
#2244 = ORIENTED_EDGE('',*,*,#1404,.F.);
#2245 = ORIENTED_EDGE('',*,*,#2223,.F.);
#2246 = ORIENTED_EDGE('',*,*,#1733,.T.);
#2247 = ORIENTED_EDGE('',*,*,#1438,.F.);
#2248 = ADVANCED_FACE('',(#2249),#1800,.F.);
#2249 = FACE_BOUND('',#2250,.F.);
#2250 = EDGE_LOOP('',(#2251));
#2251 = ORIENTED_EDGE('',*,*,#1785,.T.);
#2252 = ADVANCED_FACE('',(#2253),#1905,.F.);
#2253 = FACE_BOUND('',#2254,.F.);
#2254 = EDGE_LOOP('',(#2255));
#2255 = ORIENTED_EDGE('',*,*,#1890,.T.);
#2256 = ADVANCED_FACE('',(#2257),#2014,.F.);
#2257 = FACE_BOUND('',#2258,.F.);
#2258 = EDGE_LOOP('',(#2259));
#2259 = ORIENTED_EDGE('',*,*,#1999,.T.);
#2260 = ( GEOMETRIC_REPRESENTATION_CONTEXT(3) 
GLOBAL_UNCERTAINTY_ASSIGNED_CONTEXT((#2264)) 
GLOBAL_UNIT_ASSIGNED_CONTEXT((#2261,#2262,#2263)) REPRESENTATION_CONTEXT
('Context #1','3D Context with UNIT and UNCERTAINTY') );
#2261 = ( LENGTH_UNIT() NAMED_UNIT(*) SI_UNIT(.MILLI.,.METRE.) );
#2262 = ( NAMED_UNIT(*) PLANE_ANGLE_UNIT() SI_UNIT($,.RADIAN.) );
#2263 = ( NAMED_UNIT(*) SI_UNIT($,.STERADIAN.) SOLID_ANGLE_UNIT() );
#2264 = UNCERTAINTY_MEASURE_WITH_UNIT(LENGTH_MEASURE(1.E-07),#2261,
  'distance_accuracy_value','confusion accuracy');
#2265 = CONTEXT_DEPENDENT_SHAPE_REPRESENTATION(#2266,#2268);
#2266 = ( REPRESENTATION_RELATIONSHIP('','',#36,#10) 
REPRESENTATION_RELATIONSHIP_WITH_TRANSFORMATION(#2267) 
SHAPE_REPRESENTATION_RELATIONSHIP() );
#2267 = ITEM_DEFINED_TRANSFORMATION('','',#11,#15);
#2268 = PRODUCT_DEFINITION_SHAPE('Placement','Placement of an item',
  #2269);
#2269 = NEXT_ASSEMBLY_USAGE_OCCURRENCE('1','bridge_body','',#5,#31,$);
#2270 = PRODUCT_RELATED_PRODUCT_CATEGORY('part',$,(#33));
#2271 = SHAPE_DEFINITION_REPRESENTATION(#2272,#2278);
#2272 = PRODUCT_DEFINITION_SHAPE('','',#2273);
#2273 = PRODUCT_DEFINITION('design','',#2274,#2277);
#2274 = PRODUCT_DEFINITION_FORMATION('','',#2275);
#2275 = PRODUCT('crown','crown','',(#2276));
#2276 = PRODUCT_CONTEXT('',#2,'mechanical');
#2277 = PRODUCT_DEFINITION_CONTEXT('part definition',#2,'design');
#2278 = ADVANCED_BREP_SHAPE_REPRESENTATION('',(#11,#2279),#7009);
#2279 = MANIFOLD_SOLID_BREP('',#2280);
#2280 = CLOSED_SHELL('',(#2281,#3704,#3967,#4014,#4061,#4275,#4330,#4385
    ,#4440,#4546,#4595,#4644,#4701,#4807,#4856,#4905,#4962,#5068,#5117,
    #5166,#5223,#5329,#5378,#5427,#5484,#5590,#5639,#5688,#5745,#5851,
    #5900,#5949,#6006,#6472,#6499,#6526,#6553,#6580,#6607,#6634,#6661,
    #6688,#6715,#6742,#6769,#6796,#6826,#6856,#6886,#6893,#6900,#6907,
    #6914,#6921,#6928,#6955,#6982));
#2281 = ADVANCED_FACE('',(#2282,#2399,#2594,#2789,#2984,#3104,#3224,
    #3344,#3464,#3584),#2297,.T.);
#2282 = FACE_BOUND('',#2283,.F.);
#2283 = EDGE_LOOP('',(#2284,#2320,#2346,#2375));
#2284 = ORIENTED_EDGE('',*,*,#2285,.F.);
#2285 = EDGE_CURVE('',#2286,#2288,#2290,.T.);
#2286 = VERTEX_POINT('',#2287);
#2287 = CARTESIAN_POINT('',(50.584716464323,37.165887378924,0.));
#2288 = VERTEX_POINT('',#2289);
#2289 = CARTESIAN_POINT('',(-50.58471646432,37.165887378924,0.));
#2290 = SURFACE_CURVE('',#2291,(#2296,#2308),.PCURVE_S1.);
#2291 = CIRCLE('',#2292,67.);
#2292 = AXIS2_PLACEMENT_3D('',#2293,#2294,#2295);
#2293 = CARTESIAN_POINT('',(0.,-6.768,0.));
#2294 = DIRECTION('',(0.,0.,1.));
#2295 = DIRECTION('',(1.,0.,0.));
#2296 = PCURVE('',#2297,#2302);
#2297 = CYLINDRICAL_SURFACE('',#2298,67.);
#2298 = AXIS2_PLACEMENT_3D('',#2299,#2300,#2301);
#2299 = CARTESIAN_POINT('',(0.,-6.768,0.));
#2300 = DIRECTION('',(-0.,-0.,-1.));
#2301 = DIRECTION('',(1.,0.,0.));
#2302 = DEFINITIONAL_REPRESENTATION('',(#2303),#2307);
#2303 = LINE('',#2304,#2305);
#2304 = CARTESIAN_POINT('',(-0.,0.));
#2305 = VECTOR('',#2306,1.);
#2306 = DIRECTION('',(-1.,0.));
#2307 = ( GEOMETRIC_REPRESENTATION_CONTEXT(2) 
PARAMETRIC_REPRESENTATION_CONTEXT() REPRESENTATION_CONTEXT('2D SPACE',''
  ) );
#2308 = PCURVE('',#2309,#2314);
#2309 = PLANE('',#2310);
#2310 = AXIS2_PLACEMENT_3D('',#2311,#2312,#2313);
#2311 = CARTESIAN_POINT('',(-3.918634409665E-15,-6.768,0.));
#2312 = DIRECTION('',(0.,0.,1.));
#2313 = DIRECTION('',(1.,0.,-0.));
#2314 = DEFINITIONAL_REPRESENTATION('',(#2315),#2319);
#2315 = CIRCLE('',#2316,67.);
#2316 = AXIS2_PLACEMENT_2D('',#2317,#2318);
#2317 = CARTESIAN_POINT('',(3.918634409665E-15,-4.440892098501E-15));
#2318 = DIRECTION('',(1.,0.));
#2319 = ( GEOMETRIC_REPRESENTATION_CONTEXT(2) 
PARAMETRIC_REPRESENTATION_CONTEXT() REPRESENTATION_CONTEXT('2D SPACE',''
  ) );
#2320 = ORIENTED_EDGE('',*,*,#2321,.F.);
#2321 = EDGE_CURVE('',#2322,#2286,#2324,.T.);
#2322 = VERTEX_POINT('',#2323);
#2323 = CARTESIAN_POINT('',(50.584716464323,37.165887378924,25.));
#2324 = SURFACE_CURVE('',#2325,(#2329,#2335),.PCURVE_S1.);
#2325 = LINE('',#2326,#2327);
#2326 = CARTESIAN_POINT('',(50.584716464325,37.165887378923,0.));
#2327 = VECTOR('',#2328,1.);
#2328 = DIRECTION('',(-0.,-0.,-1.));
#2329 = PCURVE('',#2297,#2330);
#2330 = DEFINITIONAL_REPRESENTATION('',(#2331),#2334);
#2331 = B_SPLINE_CURVE_WITH_KNOTS('',1,(#2332,#2333),.UNSPECIFIED.,.F.,
  .F.,(2,2),(-25.0000006,6.E-07),.PIECEWISE_BEZIER_KNOTS.);
#2332 = CARTESIAN_POINT('',(-0.715148661005,-25.0000006));
#2333 = CARTESIAN_POINT('',(-0.715148661005,6.E-07));
#2334 = ( GEOMETRIC_REPRESENTATION_CONTEXT(2) 
PARAMETRIC_REPRESENTATION_CONTEXT() REPRESENTATION_CONTEXT('2D SPACE',''
  ) );
#2335 = PCURVE('',#2336,#2341);
#2336 = PLANE('',#2337);
#2337 = AXIS2_PLACEMENT_3D('',#2338,#2339,#2340);
#2338 = CARTESIAN_POINT('',(0.,-6.768,0.));
#2339 = DIRECTION('',(-0.655729662372,0.754995768124,0.));
#2340 = DIRECTION('',(0.754995768124,0.655729662372,0.));
#2341 = DEFINITIONAL_REPRESENTATION('',(#2342),#2345);
#2342 = B_SPLINE_CURVE_WITH_KNOTS('',1,(#2343,#2344),.UNSPECIFIED.,.F.,
  .F.,(2,2),(-25.0000006,6.E-07),.PIECEWISE_BEZIER_KNOTS.);
#2343 = CARTESIAN_POINT('',(67.,-25.0000006));
#2344 = CARTESIAN_POINT('',(67.,6.E-07));
#2345 = ( GEOMETRIC_REPRESENTATION_CONTEXT(2) 
PARAMETRIC_REPRESENTATION_CONTEXT() REPRESENTATION_CONTEXT('2D SPACE',''
  ) );
#2346 = ORIENTED_EDGE('',*,*,#2347,.T.);
#2347 = EDGE_CURVE('',#2322,#2348,#2350,.T.);
#2348 = VERTEX_POINT('',#2349);
#2349 = CARTESIAN_POINT('',(-50.58471646432,37.165887378924,25.));
#2350 = SURFACE_CURVE('',#2351,(#2356,#2363),.PCURVE_S1.);
#2351 = CIRCLE('',#2352,67.);
#2352 = AXIS2_PLACEMENT_3D('',#2353,#2354,#2355);
#2353 = CARTESIAN_POINT('',(0.,-6.768,25.));
#2354 = DIRECTION('',(0.,0.,1.));
#2355 = DIRECTION('',(1.,0.,0.));
#2356 = PCURVE('',#2297,#2357);
#2357 = DEFINITIONAL_REPRESENTATION('',(#2358),#2362);
#2358 = LINE('',#2359,#2360);
#2359 = CARTESIAN_POINT('',(-0.,-25.));
#2360 = VECTOR('',#2361,1.);
#2361 = DIRECTION('',(-1.,0.));
#2362 = ( GEOMETRIC_REPRESENTATION_CONTEXT(2) 
PARAMETRIC_REPRESENTATION_CONTEXT() REPRESENTATION_CONTEXT('2D SPACE',''
  ) );
#2363 = PCURVE('',#2364,#2369);
#2364 = PLANE('',#2365);
#2365 = AXIS2_PLACEMENT_3D('',#2366,#2367,#2368);
#2366 = CARTESIAN_POINT('',(-3.918634409665E-15,-6.768,25.));
#2367 = DIRECTION('',(0.,0.,1.));
#2368 = DIRECTION('',(1.,0.,-0.));
#2369 = DEFINITIONAL_REPRESENTATION('',(#2370),#2374);
#2370 = CIRCLE('',#2371,67.);
#2371 = AXIS2_PLACEMENT_2D('',#2372,#2373);
#2372 = CARTESIAN_POINT('',(3.918634409665E-15,-4.440892098501E-15));
#2373 = DIRECTION('',(1.,0.));
#2374 = ( GEOMETRIC_REPRESENTATION_CONTEXT(2) 
PARAMETRIC_REPRESENTATION_CONTEXT() REPRESENTATION_CONTEXT('2D SPACE',''
  ) );
#2375 = ORIENTED_EDGE('',*,*,#2376,.T.);
#2376 = EDGE_CURVE('',#2348,#2288,#2377,.T.);
#2377 = SURFACE_CURVE('',#2378,(#2382,#2388),.PCURVE_S1.);
#2378 = LINE('',#2379,#2380);
#2379 = CARTESIAN_POINT('',(-50.58471646432,37.165887378923,0.));
#2380 = VECTOR('',#2381,1.);
#2381 = DIRECTION('',(-0.,-0.,-1.));
#2382 = PCURVE('',#2297,#2383);
#2383 = DEFINITIONAL_REPRESENTATION('',(#2384),#2387);
#2384 = B_SPLINE_CURVE_WITH_KNOTS('',1,(#2385,#2386),.UNSPECIFIED.,.F.,
  .F.,(2,2),(-25.0000006,6.E-07),.PIECEWISE_BEZIER_KNOTS.);
#2385 = CARTESIAN_POINT('',(-2.426443992585,-25.0000006));
#2386 = CARTESIAN_POINT('',(-2.426443992585,6.E-07));
#2387 = ( GEOMETRIC_REPRESENTATION_CONTEXT(2) 
PARAMETRIC_REPRESENTATION_CONTEXT() REPRESENTATION_CONTEXT('2D SPACE',''
  ) );
#2388 = PCURVE('',#2389,#2394);
#2389 = PLANE('',#2390);
#2390 = AXIS2_PLACEMENT_3D('',#2391,#2392,#2393);
#2391 = CARTESIAN_POINT('',(-377.4978840621,321.09683118599,0.));
#2392 = DIRECTION('',(0.655729662372,0.754995768124,-0.));
#2393 = DIRECTION('',(0.754995768124,-0.655729662372,0.));
#2394 = DEFINITIONAL_REPRESENTATION('',(#2395),#2398);
#2395 = B_SPLINE_CURVE_WITH_KNOTS('',1,(#2396,#2397),.UNSPECIFIED.,.F.,
  .F.,(2,2),(-25.0000006,6.E-07),.PIECEWISE_BEZIER_KNOTS.);
#2396 = CARTESIAN_POINT('',(433.,-25.0000006));
#2397 = CARTESIAN_POINT('',(433.,6.E-07));
#2398 = ( GEOMETRIC_REPRESENTATION_CONTEXT(2) 
PARAMETRIC_REPRESENTATION_CONTEXT() REPRESENTATION_CONTEXT('2D SPACE',''
  ) );
#2399 = FACE_BOUND('',#2400,.F.);
#2400 = EDGE_LOOP('',(#2401));
#2401 = ORIENTED_EDGE('',*,*,#2402,.F.);
#2402 = EDGE_CURVE('',#2403,#2403,#2405,.T.);
#2403 = VERTEX_POINT('',#2404);
#2404 = CARTESIAN_POINT('',(41.733970788582,45.646460621262,12.5));
#2405 = SURFACE_CURVE('',#2406,(#2465,#2527),.PCURVE_S1.);
#2406 = B_SPLINE_CURVE_WITH_KNOTS('',8,(#2407,#2408,#2409,#2410,#2411,
    #2412,#2413,#2414,#2415,#2416,#2417,#2418,#2419,#2420,#2421,#2422,
    #2423,#2424,#2425,#2426,#2427,#2428,#2429,#2430,#2431,#2432,#2433,
    #2434,#2435,#2436,#2437,#2438,#2439,#2440,#2441,#2442,#2443,#2444,
    #2445,#2446,#2447,#2448,#2449,#2450,#2451,#2452,#2453,#2454,#2455,
    #2456,#2457,#2458,#2459,#2460,#2461,#2462,#2463,#2464),
  .UNSPECIFIED.,.T.,.F.,(9,7,7,7,7,7,7,7,9),(0.,0.108854550616,
    0.214875301828,0.302828742373,0.409268901075,0.541934878797,
    0.674038823275,0.816231169702,1.),.UNSPECIFIED.);
#2407 = CARTESIAN_POINT('',(41.733970788582,45.646460621262,12.5));
#2408 = CARTESIAN_POINT('',(41.733970788582,45.646460621262,
    12.264385636757));
#2409 = CARTESIAN_POINT('',(41.750531324177,45.633274560771,
    12.028759558044));
#2410 = CARTESIAN_POINT('',(41.783657310358,45.606898816378,
    11.795350128577));
#2411 = CARTESIAN_POINT('',(41.833100434032,45.567482747203,
    11.566378268573));
#2412 = CARTESIAN_POINT('',(41.898373707788,45.515318494552,
    11.344010505376));
#2413 = CARTESIAN_POINT('',(41.97876592766,45.450837156615,
    11.130320917295));
#2414 = CARTESIAN_POINT('',(42.073356034863,45.374611338208,
    10.927261969664));
#2415 = CARTESIAN_POINT('',(42.285895731012,45.202388111992,
    10.550988848396));
#2416 = CARTESIAN_POINT('',(42.406357577978,45.104376581913,
    10.371496266328));
#2417 = CARTESIAN_POINT('',(42.542711456169,44.992876870009,
    10.201071361993));
#2418 = CARTESIAN_POINT('',(42.694955028208,44.867626899511,
    10.042827125716));
#2419 = CARTESIAN_POINT('',(42.862772044342,44.728569921707,
    9.90009241624));
#2420 = CARTESIAN_POINT('',(43.045500041568,44.575893216702,
    9.776438393947));
#2421 = CARTESIAN_POINT('',(43.242070225666,44.41010699078,9.67573171048
    ));
#2422 = CARTESIAN_POINT('',(43.62416255961,44.084573628596,
    9.541240250767));
#2423 = CARTESIAN_POINT('',(43.801006675907,43.932745884481,
    9.500683972055));
#2424 = CARTESIAN_POINT('',(43.979754352715,43.778037816649,
    9.481133181062));
#2425 = CARTESIAN_POINT('',(44.158703067004,43.621860363847,
    9.482887756655));
#2426 = CARTESIAN_POINT('',(44.336166659773,43.465677851376,
    9.505969635704));
#2427 = CARTESIAN_POINT('',(44.510502797277,43.310985941793,
    9.550124281454));
#2428 = CARTESIAN_POINT('',(44.680137981311,43.159283795283,
    9.614821945095));
#2429 = CARTESIAN_POINT('',(45.041397837889,42.833848363974,
    9.80144305485));
#2430 = CARTESIAN_POINT('',(45.222794127848,42.668812976058,
    9.928736053816));
#2431 = CARTESIAN_POINT('',(45.38729662077,42.517818199479,
    10.076452450363));
#2432 = CARTESIAN_POINT('',(45.534892881896,42.381306773734,
    10.240617257455));
#2433 = CARTESIAN_POINT('',(45.665855800209,42.259402794238,
    10.417815228685));
#2434 = CARTESIAN_POINT('',(45.780630591849,42.152002451396,
    10.605090459639));
#2435 = CARTESIAN_POINT('',(45.879770097831,42.058837544867,
    10.799884331709));
#2436 = CARTESIAN_POINT('',(46.068747611356,41.880651182722,
    11.249422221043));
#2437 = CARTESIAN_POINT('',(46.150798158725,41.802799056057,
    11.508354987946));
#2438 = CARTESIAN_POINT('',(46.211224126902,41.745216407566,
    11.773614380723));
#2439 = CARTESIAN_POINT('',(46.250911366342,41.707298374558,
    12.042821630315));
#2440 = CARTESIAN_POINT('',(46.270426807332,41.688637838246,
    12.314095741038));
#2441 = CARTESIAN_POINT('',(46.269992978522,41.689069950761,
    12.585796374904));
#2442 = CARTESIAN_POINT('',(46.249458018149,41.708704413297,
    12.856292845924));
#2443 = CARTESIAN_POINT('',(46.167226134643,41.787024883162,
    13.390044292427));
#2444 = CARTESIAN_POINT('',(46.10573818741,41.845512361227,
    13.653098091504));
#2445 = CARTESIAN_POINT('',(46.023273889551,41.923771713898,
    13.911186304821));
#2446 = CARTESIAN_POINT('',(45.918894136826,42.022467176355,
    14.162083859847));
#2447 = CARTESIAN_POINT('',(45.791399871534,42.142402593669,
    14.402767954777));
#2448 = CARTESIAN_POINT('',(45.639441515261,42.284375566581,
    14.629207347653));
#2449 = CARTESIAN_POINT('',(45.46170469807,42.448971136407,
    14.836047048134));
#2450 = CARTESIAN_POINT('',(45.037288053789,42.837762882828,
    15.209719747677));
#2451 = CARTESIAN_POINT('',(44.778411963795,43.072849990077,
    15.379308173586));
#2452 = CARTESIAN_POINT('',(44.487497205113,43.333986472896,
    15.501304624605));
#2453 = CARTESIAN_POINT('',(44.17550412503,43.609989107957,
    15.560794325432));
#2454 = CARTESIAN_POINT('',(43.856639292845,43.887394896219,
    15.551315483673));
#2455 = CARTESIAN_POINT('',(43.546247208136,44.153263083765,
    15.474926569244));
#2456 = CARTESIAN_POINT('',(43.258376951738,44.396668378519,
    15.342333227146));
#2457 = CARTESIAN_POINT('',(42.67411466082,44.885697343109,
    14.954199270084));
#2458 = CARTESIAN_POINT('',(42.395631130311,45.114684138443,
    14.671246259122));
#2459 = CARTESIAN_POINT('',(42.16912314397,45.298373511886,
    14.347474655973));
#2460 = CARTESIAN_POINT('',(41.99237349675,45.440393843031,
    13.997739077972));
#2461 = CARTESIAN_POINT('',(41.862537601685,45.544090465841,
    13.632397794724));
#2462 = CARTESIAN_POINT('',(41.77693954198,45.61224789553,
    13.258175750688));
#2463 = CARTESIAN_POINT('',(41.733970788582,45.646460621262,
    12.879522696139));
#2464 = CARTESIAN_POINT('',(41.733970788582,45.646460621262,12.5));
#2465 = PCURVE('',#2297,#2466);
#2466 = DEFINITIONAL_REPRESENTATION('',(#2467),#2526);
#2467 = B_SPLINE_CURVE_WITH_KNOTS('',8,(#2468,#2469,#2470,#2471,#2472,
    #2473,#2474,#2475,#2476,#2477,#2478,#2479,#2480,#2481,#2482,#2483,
    #2484,#2485,#2486,#2487,#2488,#2489,#2490,#2491,#2492,#2493,#2494,
    #2495,#2496,#2497,#2498,#2499,#2500,#2501,#2502,#2503,#2504,#2505,
    #2506,#2507,#2508,#2509,#2510,#2511,#2512,#2513,#2514,#2515,#2516,
    #2517,#2518,#2519,#2520,#2521,#2522,#2523,#2524,#2525),
  .UNSPECIFIED.,.F.,.F.,(9,7,7,7,7,7,7,7,9),(0.,0.108854550616,
    0.214875301828,0.302828742373,0.409268901075,0.541934878797,
    0.674038823275,0.816231169702,1.),.UNSPECIFIED.);
#2468 = CARTESIAN_POINT('',(-0.898358340149,-12.5));
#2469 = CARTESIAN_POINT('',(-0.898358340149,-12.26438563675));
#2470 = CARTESIAN_POINT('',(-0.898042386111,-12.02875955804));
#2471 = CARTESIAN_POINT('',(-0.897410386436,-11.79535012857));
#2472 = CARTESIAN_POINT('',(-0.896466629877,-11.56637826857));
#2473 = CARTESIAN_POINT('',(-0.89521951839,-11.34401050537));
#2474 = CARTESIAN_POINT('',(-0.893681358981,-11.13032091729));
#2475 = CARTESIAN_POINT('',(-0.891868214591,-10.92726196966));
#2476 = CARTESIAN_POINT('',(-0.887785259838,-10.55098884839));
#2477 = CARTESIAN_POINT('',(-0.885467391153,-10.37149626632));
#2478 = CARTESIAN_POINT('',(-0.882838480861,-10.20107136199));
#2479 = CARTESIAN_POINT('',(-0.879896064527,-10.04282712571));
#2480 = CARTESIAN_POINT('',(-0.876643221934,-9.900092416241));
#2481 = CARTESIAN_POINT('',(-0.873089296093,-9.776438393947));
#2482 = CARTESIAN_POINT('',(-0.869251319465,-9.67573171048));
#2483 = CARTESIAN_POINT('',(-0.861759339323,-9.541240250767));
#2484 = CARTESIAN_POINT('',(-0.858280583163,-9.500683972055));
#2485 = CARTESIAN_POINT('',(-0.854752261493,-9.481133181062));
#2486 = CARTESIAN_POINT('',(-0.851207300645,-9.482887756655));
#2487 = CARTESIAN_POINT('',(-0.847678958655,-9.505969635704));
#2488 = CARTESIAN_POINT('',(-0.844200312974,-9.550124281454));
#2489 = CARTESIAN_POINT('',(-0.840803717725,-9.614821945095));
#2490 = CARTESIAN_POINT('',(-0.833546595123,-9.80144305485));
#2491 = CARTESIAN_POINT('',(-0.829886382674,-9.928736053816));
#2492 = CARTESIAN_POINT('',(-0.826553676298,-10.07645245036));
#2493 = CARTESIAN_POINT('',(-0.823553005495,-10.24061725745));
#2494 = CARTESIAN_POINT('',(-0.820882598265,-10.41781522868));
#2495 = CARTESIAN_POINT('',(-0.818536517122,-10.60509045963));
#2496 = CARTESIAN_POINT('',(-0.816505992076,-10.7998843317));
#2497 = CARTESIAN_POINT('',(-0.812629332757,-11.24942222104));
#2498 = CARTESIAN_POINT('',(-0.810941173354,-11.50835498794));
#2499 = CARTESIAN_POINT('',(-0.809695371172,-11.77361438072));
#2500 = CARTESIAN_POINT('',(-0.808876124697,-12.04282163031));
#2501 = CARTESIAN_POINT('',(-0.808473120795,-12.31409574103));
#2502 = CARTESIAN_POINT('',(-0.808482258283,-12.5857963749));
#2503 = CARTESIAN_POINT('',(-0.808906305398,-12.85629284592));
#2504 = CARTESIAN_POINT('',(-0.810601250818,-13.39004429242));
#2505 = CARTESIAN_POINT('',(-0.811867847085,-13.6530980915));
#2506 = CARTESIAN_POINT('',(-0.813564675919,-13.91118630482));
#2507 = CARTESIAN_POINT('',(-0.815708730057,-14.16208385984));
#2508 = CARTESIAN_POINT('',(-0.818321259334,-14.40276795477));
#2509 = CARTESIAN_POINT('',(-0.821425109487,-14.62920734765));
#2510 = CARTESIAN_POINT('',(-0.82504063617,-14.83604704813));
#2511 = CARTESIAN_POINT('',(-0.833631332828,-15.20971974767));
#2512 = CARTESIAN_POINT('',(-0.838850529489,-15.37930817358));
#2513 = CARTESIAN_POINT('',(-0.844685098558,-15.5013046246));
#2514 = CARTESIAN_POINT('',(-0.850901964614,-15.56079432543));
#2515 = CARTESIAN_POINT('',(-0.857209697143,-15.55131548367));
#2516 = CARTESIAN_POINT('',(-0.863309374756,-15.47492656924));
#2517 = CARTESIAN_POINT('',(-0.868935900234,-15.34233322714));
#2518 = CARTESIAN_POINT('',(-0.880307739319,-14.95419927008));
#2519 = CARTESIAN_POINT('',(-0.885688705955,-14.67124625912));
#2520 = CARTESIAN_POINT('',(-0.890041262384,-14.34747465597));
#2521 = CARTESIAN_POINT('',(-0.893425391387,-13.99773907797));
#2522 = CARTESIAN_POINT('',(-0.895905437491,-13.63239779472));
#2523 = CARTESIAN_POINT('',(-0.897538555014,-13.25817575068));
#2524 = CARTESIAN_POINT('',(-0.898358340149,-12.87952269613));
#2525 = CARTESIAN_POINT('',(-0.898358340149,-12.5));
#2526 = ( GEOMETRIC_REPRESENTATION_CONTEXT(2) 
PARAMETRIC_REPRESENTATION_CONTEXT() REPRESENTATION_CONTEXT('2D SPACE',''
  ) );
#2527 = PCURVE('',#2528,#2533);
#2528 = CYLINDRICAL_SURFACE('',#2529,3.);
#2529 = AXIS2_PLACEMENT_3D('',#2530,#2531,#2532);
#2530 = CARTESIAN_POINT('',(44.696328659101,44.4788360428,12.5));
#2531 = DIRECTION('',(-0.657298950869,-0.753629941806,0.));
#2532 = DIRECTION('',(-0.753629941806,0.657298950869,0.));
#2533 = DEFINITIONAL_REPRESENTATION('',(#2534),#2593);
#2534 = B_SPLINE_CURVE_WITH_KNOTS('',8,(#2535,#2536,#2537,#2538,#2539,
    #2540,#2541,#2542,#2543,#2544,#2545,#2546,#2547,#2548,#2549,#2550,
    #2551,#2552,#2553,#2554,#2555,#2556,#2557,#2558,#2559,#2560,#2561,
    #2562,#2563,#2564,#2565,#2566,#2567,#2568,#2569,#2570,#2571,#2572,
    #2573,#2574,#2575,#2576,#2577,#2578,#2579,#2580,#2581,#2582,#2583,
    #2584,#2585,#2586,#2587,#2588,#2589,#2590,#2591,#2592),
  .UNSPECIFIED.,.F.,.F.,(9,7,7,7,7,7,7,7,9),(0.,0.108854550616,
    0.214875301828,0.302828742373,0.409268901075,0.541934878797,
    0.674038823275,0.816231169702,1.),.UNSPECIFIED.);
#2535 = CARTESIAN_POINT('',(0.,1.067197877274));
#2536 = CARTESIAN_POINT('',(7.853812108095E-02,1.067197877274));
#2537 = CARTESIAN_POINT('',(0.157080032585,1.066250064602));
#2538 = CARTESIAN_POINT('',(0.235621632528,1.06435393935));
#2539 = CARTESIAN_POINT('',(0.314160437223,1.06156015595));
#2540 = CARTESIAN_POINT('',(0.392697613509,1.05796864428));
#2541 = CARTESIAN_POINT('',(0.471236798684,1.053721989458));
#2542 = CARTESIAN_POINT('',(0.549779708144,1.048994070321));
#2543 = CARTESIAN_POINT('',(0.704812760142,1.039084530975));
#2544 = CARTESIAN_POINT('',(0.783626205345,1.033769509054));
#2545 = CARTESIAN_POINT('',(0.864760550352,1.028173769365));
#2546 = CARTESIAN_POINT('',(0.948263958247,1.022496357166));
#2547 = CARTESIAN_POINT('',(1.034241075373,1.016987910613));
#2548 = CARTESIAN_POINT('',(1.122852207481,1.01194272605));
#2549 = CARTESIAN_POINT('',(1.214324373049,1.007678814064));
#2550 = CARTESIAN_POINT('',(1.387536072185,1.001861612626));
#2551 = CARTESIAN_POINT('',(1.466078098989,1.000044094478));
#2552 = CARTESIAN_POINT('',(1.544617847505,0.999146066199));
#2553 = CARTESIAN_POINT('',(1.623155656065,0.999223268704));
#2554 = CARTESIAN_POINT('',(1.701694037778,1.000280453145));
#2555 = CARTESIAN_POINT('',(1.780234885781,1.002269947681));
#2556 = CARTESIAN_POINT('',(1.858777219181,1.005096199032));
#2557 = CARTESIAN_POINT('',(2.032361482684,1.012898359471));
#2558 = CARTESIAN_POINT('',(2.123866952575,1.01804237818));
#2559 = CARTESIAN_POINT('',(2.212285778263,1.023709246853));
#2560 = CARTESIAN_POINT('',(2.297951403295,1.029573477102));
#2561 = CARTESIAN_POINT('',(2.381138141356,1.035362177267));
#2562 = CARTESIAN_POINT('',(2.462078702876,1.040860941261));
#2563 = CARTESIAN_POINT('',(2.540969321353,1.045908511075));
#2564 = CARTESIAN_POINT('',(2.713996535632,1.055980367431));
#2565 = CARTESIAN_POINT('',(2.80757866935,1.060720322415));
#2566 = CARTESIAN_POINT('',(2.899398440998,1.064398404959));
#2567 = CARTESIAN_POINT('',(2.990011014966,1.066888189122));
#2568 = CARTESIAN_POINT('',(3.079947169554,1.068123849128));
#2569 = CARTESIAN_POINT('',(3.169731136981,1.06808335142));
#2570 = CARTESIAN_POINT('',(3.259893148842,1.066783840471));
#2571 = CARTESIAN_POINT('',(3.441785072618,1.061810120081));
#2572 = CARTESIAN_POINT('',(3.533429017583,1.058148168597));
#2573 = CARTESIAN_POINT('',(3.626590724449,1.053373273665));
#2574 = CARTESIAN_POINT('',(3.721852320048,1.047602119995));
#2575 = CARTESIAN_POINT('',(3.819798867036,1.041017045243));
#2576 = CARTESIAN_POINT('',(3.921044940288,1.033904030083));
#2577 = CARTESIAN_POINT('',(4.026287251335,1.026686103844));
#2578 = CARTESIAN_POINT('',(4.254984716089,1.012649617631));
#2579 = CARTESIAN_POINT('',(4.383512457374,1.005639917035));
#2580 = CARTESIAN_POINT('',(4.517467858622,1.000057610358));
#2581 = CARTESIAN_POINT('',(4.654149658335,0.997126484776));
#2582 = CARTESIAN_POINT('',(4.791436112145,0.997654696375));
#2583 = CARTESIAN_POINT('',(4.92729504812,1.001308861304));
#2584 = CARTESIAN_POINT('',(5.059312755325,1.007088160701));
#2585 = CARTESIAN_POINT('',(5.344292255473,1.022576281428));
#2586 = CARTESIAN_POINT('',(5.494148463407,1.033051908624));
#2587 = CARTESIAN_POINT('',(5.636014561391,1.043501558592));
#2588 = CARTESIAN_POINT('',(5.771645881447,1.052648142379));
#2589 = CARTESIAN_POINT('',(5.902638878382,1.059840260178));
#2590 = CARTESIAN_POINT('',(6.030459058298,1.064738295247));
#2591 = CARTESIAN_POINT('',(6.1566777418,1.067197877274));
#2592 = CARTESIAN_POINT('',(6.28318530718,1.067197877274));
#2593 = ( GEOMETRIC_REPRESENTATION_CONTEXT(2) 
PARAMETRIC_REPRESENTATION_CONTEXT() REPRESENTATION_CONTEXT('2D SPACE',''
  ) );
#2594 = FACE_BOUND('',#2595,.F.);
#2595 = EDGE_LOOP('',(#2596));
#2596 = ORIENTED_EDGE('',*,*,#2597,.F.);
#2597 = EDGE_CURVE('',#2598,#2598,#2600,.T.);
#2598 = VERTEX_POINT('',#2599);
#2599 = CARTESIAN_POINT('',(-5.334093588029,60.019329978029,12.5));
#2600 = SURFACE_CURVE('',#2601,(#2660,#2722),.PCURVE_S1.);
#2601 = B_SPLINE_CURVE_WITH_KNOTS('',8,(#2602,#2603,#2604,#2605,#2606,
    #2607,#2608,#2609,#2610,#2611,#2612,#2613,#2614,#2615,#2616,#2617,
    #2618,#2619,#2620,#2621,#2622,#2623,#2624,#2625,#2626,#2627,#2628,
    #2629,#2630,#2631,#2632,#2633,#2634,#2635,#2636,#2637,#2638,#2639,
    #2640,#2641,#2642,#2643,#2644,#2645,#2646,#2647,#2648,#2649,#2650,
    #2651,#2652,#2653,#2654,#2655,#2656,#2657,#2658,#2659),
  .UNSPECIFIED.,.T.,.F.,(9,7,7,7,7,7,7,7,9),(0.,0.10643084601,
    0.210090988662,0.310064154661,0.430550183089,0.555957441104,
    0.670373794927,0.814164917582,1.),.UNSPECIFIED.);
#2602 = CARTESIAN_POINT('',(-5.334093588029,60.019329978029,12.5));
#2603 = CARTESIAN_POINT('',(-5.334093588029,60.019329978029,
    12.264385636757));
#2604 = CARTESIAN_POINT('',(-5.312991849617,60.021015257378,
    12.028759558044));
#2605 = CARTESIAN_POINT('',(-5.270782308199,60.024386528068,
    11.795350128577));
#2606 = CARTESIAN_POINT('',(-5.207748331933,60.029383209358,
    11.566378268573));
#2607 = CARTESIAN_POINT('',(-5.124445125236,60.035885922293,
    11.344010505376));
#2608 = CARTESIAN_POINT('',(-5.021686557829,60.043723573885,
    11.130320917295));
#2609 = CARTESIAN_POINT('',(-4.900536419325,60.052685030959,
    10.927261969664));
#2610 = CARTESIAN_POINT('',(-4.627670367276,60.072129303114,
    10.550988848413));
#2611 = CARTESIAN_POINT('',(-4.472743875872,60.08285771707,
    10.37149626633));
#2612 = CARTESIAN_POINT('',(-4.296997399713,60.094594069794,
    10.201071361982));
#2613 = CARTESIAN_POINT('',(-4.100253594831,60.107145387687,
    10.042827125704));
#2614 = CARTESIAN_POINT('',(-3.882704626039,60.120254169274,
    9.900092416239));
#2615 = CARTESIAN_POINT('',(-3.64496219439,60.133604577754,
    9.776438393954));
#2616 = CARTESIAN_POINT('',(-3.388155339874,60.146838981753,
    9.675731710485));
#2617 = CARTESIAN_POINT('',(-2.849779264962,60.171889239148,
    9.531327901449));
#2618 = CARTESIAN_POINT('',(-2.572428277258,60.183598449248,
    9.486538259691));
#2619 = CARTESIAN_POINT('',(-2.287817753931,60.194245368226,
    9.471604600904));
#2620 = CARTESIAN_POINT('',(-2.002386334491,60.203453952089,
    9.488115539584));
#2621 = CARTESIAN_POINT('',(-1.722730513293,60.211039111307,
    9.535541156098));
#2622 = CARTESIAN_POINT('',(-1.455107854164,60.217016452836,
    9.611271390888));
#2623 = CARTESIAN_POINT('',(-1.204981586958,60.221552691048,
    9.710646916497));
#2624 = CARTESIAN_POINT('',(-0.701449292736,60.228893328128,
    9.967183676635));
#2625 = CARTESIAN_POINT('',(-0.454278345521,60.231204412743,
    10.133863675444));
#2626 = CARTESIAN_POINT('',(-0.235325029176,60.23227303285,
    10.320934581389));
#2627 = CARTESIAN_POINT('',(-4.406965065733E-02,60.232505823114,
    10.523603562635));
#2628 = CARTESIAN_POINT('',(0.120375572652,60.232224827908,
    10.738062671833));
#2629 = CARTESIAN_POINT('',(0.259031118661,60.231671211879,
    10.961277184936));
#2630 = CARTESIAN_POINT('',(0.372892179736,60.231022660869,
    11.190844307554));
#2631 = CARTESIAN_POINT('',(0.556406048247,60.229754980585,
    11.668507799524));
#2632 = CARTESIAN_POINT('',(0.624207278676,60.229137197138,
    11.917353752994));
#2633 = CARTESIAN_POINT('',(0.667074633844,60.228686317524,
    12.169464342051));
#2634 = CARTESIAN_POINT('',(0.685555602186,60.228479502215,
    12.423255591279));
#2635 = CARTESIAN_POINT('',(0.679879411872,60.228546202274,
    12.677344908512));
#2636 = CARTESIAN_POINT('',(0.64995039806,60.228873444547,
    12.930382175923));
#2637 = CARTESIAN_POINT('',(0.595341399759,60.229402769154,
    13.180883013242));
#2638 = CARTESIAN_POINT('',(0.442247407486,60.230580225474,
    13.651644375787));
#2639 = CARTESIAN_POINT('',(0.348016668649,60.231213929676,
    13.872663837475));
#2640 = CARTESIAN_POINT('',(0.231985653924,60.231832017432,
    14.088778130178));
#2641 = CARTESIAN_POINT('',(9.334724368811E-02,60.232306075445,
    14.29826853646));
#2642 = CARTESIAN_POINT('',(-6.881756641458E-02,60.232460297348,
    14.498939352518));
#2643 = CARTESIAN_POINT('',(-0.255427306889,60.232057662269,
    14.687996182657));
#2644 = CARTESIAN_POINT('',(-0.46724321948,60.230791418677,
    14.861875845703));
#2645 = CARTESIAN_POINT('',(-1.003005570112,60.225156413575,
    15.209719747676));
#2646 = CARTESIAN_POINT('',(-1.352656508113,60.219960307086,
    15.379308173588));
#2647 = CARTESIAN_POINT('',(-1.743500018964,60.211897460277,
    15.501304624603));
#2648 = CARTESIAN_POINT('',(-2.159892135941,60.200289639373,
    15.560794325435));
#2649 = CARTESIAN_POINT('',(-2.582260856449,60.185011665077,
    15.551315483671));
#2650 = CARTESIAN_POINT('',(-2.990560023249,60.167097151685,
    15.474926569245));
#2651 = CARTESIAN_POINT('',(-3.367066397807,60.148166437231,
    15.342333227146));
#2652 = CARTESIAN_POINT('',(-4.127817610823,60.106102858058,
    14.954199270084));
#2653 = CARTESIAN_POINT('',(-4.487618786331,60.08305631159,
    14.671246259122));
#2654 = CARTESIAN_POINT('',(-4.778518593211,60.062441846997,
    14.347474655975));
#2655 = CARTESIAN_POINT('',(-5.004615012694,60.045394227014,
    13.997739077968));
#2656 = CARTESIAN_POINT('',(-5.1702707833,60.03241289832,13.632397794729
    ));
#2657 = CARTESIAN_POINT('',(-5.279342323993,60.023703015551,
    13.258175750686));
#2658 = CARTESIAN_POINT('',(-5.334093588029,60.019329978029,
    12.879522696139));
#2659 = CARTESIAN_POINT('',(-5.334093588029,60.019329978029,12.5));
#2660 = PCURVE('',#2297,#2661);
#2661 = DEFINITIONAL_REPRESENTATION('',(#2662),#2721);
#2662 = B_SPLINE_CURVE_WITH_KNOTS('',8,(#2663,#2664,#2665,#2666,#2667,
    #2668,#2669,#2670,#2671,#2672,#2673,#2674,#2675,#2676,#2677,#2678,
    #2679,#2680,#2681,#2682,#2683,#2684,#2685,#2686,#2687,#2688,#2689,
    #2690,#2691,#2692,#2693,#2694,#2695,#2696,#2697,#2698,#2699,#2700,
    #2701,#2702,#2703,#2704,#2705,#2706,#2707,#2708,#2709,#2710,#2711,
    #2712,#2713,#2714,#2715,#2716,#2717,#2718,#2719,#2720),
  .UNSPECIFIED.,.F.,.F.,(9,7,7,7,7,7,7,7,9),(0.,0.10643084601,
    0.210090988662,0.310064154661,0.430550183089,0.555957441104,
    0.670373794927,0.814164917582,1.),.UNSPECIFIED.);
#2663 = CARTESIAN_POINT('',(-1.650494006699,-12.5));
#2664 = CARTESIAN_POINT('',(-1.650494006699,-12.26438563675));
#2665 = CARTESIAN_POINT('',(-1.650178052662,-12.02875955804));
#2666 = CARTESIAN_POINT('',(-1.649546052986,-11.79535012857));
#2667 = CARTESIAN_POINT('',(-1.648602296428,-11.56637826857));
#2668 = CARTESIAN_POINT('',(-1.64735518494,-11.34401050537));
#2669 = CARTESIAN_POINT('',(-1.645817025531,-11.13032091729));
#2670 = CARTESIAN_POINT('',(-1.644003881141,-10.92726196966));
#2671 = CARTESIAN_POINT('',(-1.639920926389,-10.55098884841));
#2672 = CARTESIAN_POINT('',(-1.637603057703,-10.37149626633));
#2673 = CARTESIAN_POINT('',(-1.634974147411,-10.20107136198));
#2674 = CARTESIAN_POINT('',(-1.632031731077,-10.0428271257));
#2675 = CARTESIAN_POINT('',(-1.628778888484,-9.900092416239));
#2676 = CARTESIAN_POINT('',(-1.625224962643,-9.776438393954));
#2677 = CARTESIAN_POINT('',(-1.621386986015,-9.675731710485));
#2678 = CARTESIAN_POINT('',(-1.613342828625,-9.531327901449));
#2679 = CARTESIAN_POINT('',(-1.609199612376,-9.486538259691));
#2680 = CARTESIAN_POINT('',(-1.604948805782,-9.471604600905));
#2681 = CARTESIAN_POINT('',(-1.600686530246,-9.488115539584));
#2682 = CARTESIAN_POINT('',(-1.59651112816,-9.535541156097));
#2683 = CARTESIAN_POINT('',(-1.592515822983,-9.611271390888));
#2684 = CARTESIAN_POINT('',(-1.588782004996,-9.710646916497));
#2685 = CARTESIAN_POINT('',(-1.581265799051,-9.967183676635));
#2686 = CARTESIAN_POINT('',(-1.577576569668,-10.13386367544));
#2687 = CARTESIAN_POINT('',(-1.574308618435,-10.32093458138));
#2688 = CARTESIAN_POINT('',(-1.571454087533,-10.52360356263));
#2689 = CARTESIAN_POINT('',(-1.568999691013,-10.73806267183));
#2690 = CARTESIAN_POINT('',(-1.566930194182,-10.96127718493));
#2691 = CARTESIAN_POINT('',(-1.565230748959,-11.19084430755));
#2692 = CARTESIAN_POINT('',(-1.562491670647,-11.66850779952));
#2693 = CARTESIAN_POINT('',(-1.56147967241,-11.91735375299));
#2694 = CARTESIAN_POINT('',(-1.560839825867,-12.16946434205));
#2695 = CARTESIAN_POINT('',(-1.560563972739,-12.42325559127));
#2696 = CARTESIAN_POINT('',(-1.5606486982,-12.67734490851));
#2697 = CARTESIAN_POINT('',(-1.561095426747,-12.93038217592));
#2698 = CARTESIAN_POINT('',(-1.561910523103,-13.18088301324));
#2699 = CARTESIAN_POINT('',(-1.564195575642,-13.65164437578));
#2700 = CARTESIAN_POINT('',(-1.565602035758,-13.87266383747));
#2701 = CARTESIAN_POINT('',(-1.567333863534,-14.08877813017));
#2702 = CARTESIAN_POINT('',(-1.569403097672,-14.29826853646));
#2703 = CARTESIAN_POINT('',(-1.571823451562,-14.49893935251));
#2704 = CARTESIAN_POINT('',(-1.574608648686,-14.68799618265));
#2705 = CARTESIAN_POINT('',(-1.577770104101,-14.8618758457));
#2706 = CARTESIAN_POINT('',(-1.585766999378,-15.20971974767));
#2707 = CARTESIAN_POINT('',(-1.590986196039,-15.37930817358));
#2708 = CARTESIAN_POINT('',(-1.596820765109,-15.5013046246));
#2709 = CARTESIAN_POINT('',(-1.603037631164,-15.56079432543));
#2710 = CARTESIAN_POINT('',(-1.609345363693,-15.55131548367));
#2711 = CARTESIAN_POINT('',(-1.615445041306,-15.47492656924));
#2712 = CARTESIAN_POINT('',(-1.621071566784,-15.34233322714));
#2713 = CARTESIAN_POINT('',(-1.632443405869,-14.95419927008));
#2714 = CARTESIAN_POINT('',(-1.637824372505,-14.67124625912));
#2715 = CARTESIAN_POINT('',(-1.642176928934,-14.34747465597));
#2716 = CARTESIAN_POINT('',(-1.645561057937,-13.99773907797));
#2717 = CARTESIAN_POINT('',(-1.648041104041,-13.63239779472));
#2718 = CARTESIAN_POINT('',(-1.649674221564,-13.25817575068));
#2719 = CARTESIAN_POINT('',(-1.650494006699,-12.87952269613));
#2720 = CARTESIAN_POINT('',(-1.650494006699,-12.5));
#2721 = ( GEOMETRIC_REPRESENTATION_CONTEXT(2) 
PARAMETRIC_REPRESENTATION_CONTEXT() REPRESENTATION_CONTEXT('2D SPACE',''
  ) );
#2722 = PCURVE('',#2723,#2728);
#2723 = CYLINDRICAL_SURFACE('',#2724,3.);
#2724 = AXIS2_PLACEMENT_3D('',#2725,#2726,#2727);
#2725 = CARTESIAN_POINT('',(-2.37316577577,61.190576237299,12.5));
#2726 = DIRECTION('',(3.48994967025E-02,-0.999390827019,0.));
#2727 = DIRECTION('',(-0.999390827019,-3.48994967025E-02,0.));
#2728 = DEFINITIONAL_REPRESENTATION('',(#2729),#2788);
#2729 = B_SPLINE_CURVE_WITH_KNOTS('',8,(#2730,#2731,#2732,#2733,#2734,
    #2735,#2736,#2737,#2738,#2739,#2740,#2741,#2742,#2743,#2744,#2745,
    #2746,#2747,#2748,#2749,#2750,#2751,#2752,#2753,#2754,#2755,#2756,
    #2757,#2758,#2759,#2760,#2761,#2762,#2763,#2764,#2765,#2766,#2767,
    #2768,#2769,#2770,#2771,#2772,#2773,#2774,#2775,#2776,#2777,#2778,
    #2779,#2780,#2781,#2782,#2783,#2784,#2785,#2786,#2787),
  .UNSPECIFIED.,.F.,.F.,(9,7,7,7,7,7,7,7,9),(0.,0.10643084601,
    0.210090988662,0.310064154661,0.430550183089,0.555957441104,
    0.670373794927,0.814164917582,1.),.UNSPECIFIED.);
#2730 = CARTESIAN_POINT('',(0.,1.067197877274));
#2731 = CARTESIAN_POINT('',(7.853812108095E-02,1.067197877274));
#2732 = CARTESIAN_POINT('',(0.157080032585,1.066250064602));
#2733 = CARTESIAN_POINT('',(0.235621632528,1.06435393935));
#2734 = CARTESIAN_POINT('',(0.314160437223,1.06156015595));
#2735 = CARTESIAN_POINT('',(0.392697613509,1.05796864428));
#2736 = CARTESIAN_POINT('',(0.471236798684,1.053721989458));
#2737 = CARTESIAN_POINT('',(0.549779708144,1.048994070321));
#2738 = CARTESIAN_POINT('',(0.704812760135,1.039084530975));
#2739 = CARTESIAN_POINT('',(0.783626205343,1.033769509055));
#2740 = CARTESIAN_POINT('',(0.864760550356,1.028173769365));
#2741 = CARTESIAN_POINT('',(0.948263958254,1.022496357165));
#2742 = CARTESIAN_POINT('',(1.034241075377,1.016987910613));
#2743 = CARTESIAN_POINT('',(1.122852207478,1.01194272605));
#2744 = CARTESIAN_POINT('',(1.214324373042,1.007678814064));
#2745 = CARTESIAN_POINT('',(1.400302197792,1.001432870661));
#2746 = CARTESIAN_POINT('',(1.493543534266,0.999410203376));
#2747 = CARTESIAN_POINT('',(1.587693604238,0.998702534234));
#2748 = CARTESIAN_POINT('',(1.681904535798,0.999460972872));
#2749 = CARTESIAN_POINT('',(1.775384039482,1.001640281739));
#2750 = CARTESIAN_POINT('',(1.867291235661,1.005006477554));
#2751 = CARTESIAN_POINT('',(1.956619699615,1.009202283534));
#2752 = CARTESIAN_POINT('',(2.144976622124,1.019439141813));
#2753 = CARTESIAN_POINT('',(2.243590117517,1.025755606705));
#2754 = CARTESIAN_POINT('',(2.338561761338,1.032328998115));
#2755 = CARTESIAN_POINT('',(2.430405406841,1.038771066113));
#2756 = CARTESIAN_POINT('',(2.519571702748,1.044790945673));
#2757 = CARTESIAN_POINT('',(2.606475785155,1.050183233224));
#2758 = CARTESIAN_POINT('',(2.691505690421,1.05480508288));
#2759 = CARTESIAN_POINT('',(2.86205464311,1.062476532576));
#2760 = CARTESIAN_POINT('',(2.947585623689,1.065460168504));
#2761 = CARTESIAN_POINT('',(3.032159322997,1.067406822575));
#2762 = CARTESIAN_POINT('',(3.116211135458,1.068258488391));
#2763 = CARTESIAN_POINT('',(3.200163879124,1.067993732779));
#2764 = CARTESIAN_POINT('',(3.284439973234,1.066622182334));
#2765 = CARTESIAN_POINT('',(3.369473145232,1.064187353622));
#2766 = CARTESIAN_POINT('',(3.534469075015,1.057667711298));
#2767 = CARTESIAN_POINT('',(3.614234361314,1.053745787771));
#2768 = CARTESIAN_POINT('',(3.695432849107,1.049078652523));
#2769 = CARTESIAN_POINT('',(3.778427523668,1.043766472552));
#2770 = CARTESIAN_POINT('',(3.863595566969,1.037952874341));
#2771 = CARTESIAN_POINT('',(3.951336931722,1.031842678124));
#2772 = CARTESIAN_POINT('',(4.042095150945,1.025715881611));
#2773 = CARTESIAN_POINT('',(4.254984716089,1.012649617631));
#2774 = CARTESIAN_POINT('',(4.383512457374,1.005639917035));
#2775 = CARTESIAN_POINT('',(4.517467858622,1.000057610357));
#2776 = CARTESIAN_POINT('',(4.654149658334,0.997126484777));
#2777 = CARTESIAN_POINT('',(4.791436112147,0.997654696375));
#2778 = CARTESIAN_POINT('',(4.927295048119,1.001308861305));
#2779 = CARTESIAN_POINT('',(5.059312755325,1.007088160701));
#2780 = CARTESIAN_POINT('',(5.344292255473,1.022576281428));
#2781 = CARTESIAN_POINT('',(5.494148463406,1.033051908624));
#2782 = CARTESIAN_POINT('',(5.636014561392,1.043501558591));
#2783 = CARTESIAN_POINT('',(5.771645881448,1.052648142379));
#2784 = CARTESIAN_POINT('',(5.902638878381,1.059840260178));
#2785 = CARTESIAN_POINT('',(6.030459058299,1.064738295247));
#2786 = CARTESIAN_POINT('',(6.1566777418,1.067197877274));
#2787 = CARTESIAN_POINT('',(6.28318530718,1.067197877274));
#2788 = ( GEOMETRIC_REPRESENTATION_CONTEXT(2) 
PARAMETRIC_REPRESENTATION_CONTEXT() REPRESENTATION_CONTEXT('2D SPACE',''
  ) );
#2789 = FACE_BOUND('',#2790,.F.);
#2790 = EDGE_LOOP('',(#2791));
#2791 = ORIENTED_EDGE('',*,*,#2792,.F.);
#2792 = EDGE_CURVE('',#2793,#2793,#2795,.T.);
#2793 = VERTEX_POINT('',#2794);
#2794 = CARTESIAN_POINT('',(-47.91917456624,40.058837485463,12.5));
#2795 = SURFACE_CURVE('',#2796,(#2855,#2917),.PCURVE_S1.);
#2796 = B_SPLINE_CURVE_WITH_KNOTS('',8,(#2797,#2798,#2799,#2800,#2801,
    #2802,#2803,#2804,#2805,#2806,#2807,#2808,#2809,#2810,#2811,#2812,
    #2813,#2814,#2815,#2816,#2817,#2818,#2819,#2820,#2821,#2822,#2823,
    #2824,#2825,#2826,#2827,#2828,#2829,#2830,#2831,#2832,#2833,#2834,
    #2835,#2836,#2837,#2838,#2839,#2840,#2841,#2842,#2843,#2844,#2845,
    #2846,#2847,#2848,#2849,#2850,#2851,#2852,#2853,#2854),
  .UNSPECIFIED.,.T.,.F.,(9,7,7,7,7,7,7,7,9),(0.,0.108854552733,
    0.214875305989,0.30282874823,0.409268908975,0.54193488676,
    0.674038830471,0.816231174365,1.),.UNSPECIFIED.);
#2797 = CARTESIAN_POINT('',(-47.91917456624,40.058837485463,12.5));
#2798 = CARTESIAN_POINT('',(-47.91917456624,40.058837485463,
    12.264385636766));
#2799 = CARTESIAN_POINT('',(-47.9043793967,40.073977712959,
    12.028759558038));
#2800 = CARTESIAN_POINT('',(-47.87478495514,40.104262690786,
    11.795350128569));
#2801 = CARTESIAN_POINT('',(-47.83056497664,40.149460505885,
    11.566378268574));
#2802 = CARTESIAN_POINT('',(-47.77205941222,40.209116255418,
    11.344010505384));
#2803 = CARTESIAN_POINT('',(-47.69976915922,40.28256604288,
    11.130320917298));
#2804 = CARTESIAN_POINT('',(-47.61435714371,40.368951524196,
    10.927261969657));
#2805 = CARTESIAN_POINT('',(-47.42149781649,40.562959879612,
    10.550988848437));
#2806 = CARTESIAN_POINT('',(-47.31179234902,40.672878153865,
    10.371496266334));
#2807 = CARTESIAN_POINT('',(-47.18705883474,40.797240995097,
    10.201071361967));
#2808 = CARTESIAN_POINT('',(-47.04703678059,40.936019540617,
    10.042827125689));
#2809 = CARTESIAN_POINT('',(-46.89170175229,41.088893419866,
    9.900092416236));
#2810 = CARTESIAN_POINT('',(-46.72130714687,41.255222538315,
    9.776438393963));
#2811 = CARTESIAN_POINT('',(-46.53646877192,41.433995257469,
    9.675731710493));
#2812 = CARTESIAN_POINT('',(-46.17391877101,41.781160950596,
    9.541240250756));
#2813 = CARTESIAN_POINT('',(-46.00496455152,41.941722393778,
    9.500683972069));
#2814 = CARTESIAN_POINT('',(-45.83295206225,42.103885958562,
    9.481133181061));
#2815 = CARTESIAN_POINT('',(-45.65945738367,42.266100740978,
    9.482887756643));
#2816 = CARTESIAN_POINT('',(-45.48610805148,42.426837522731,
    9.505969635708));
#2817 = CARTESIAN_POINT('',(-45.31455833991,42.584613858672,
    9.55012428147));
#2818 = CARTESIAN_POINT('',(-45.14645903267,42.738016139604,
    9.61482194508));
#2819 = CARTESIAN_POINT('',(-44.7861159089,43.064466345826,
    9.801443054861));
#2820 = CARTESIAN_POINT('',(-44.60356098705,43.22821918939,
    9.928736053827));
#2821 = CARTESIAN_POINT('',(-44.4366851387,43.376586786788,
    10.076452450359));
#2822 = CARTESIAN_POINT('',(-44.28593008686,43.509601597989,
    10.240617257437));
#2823 = CARTESIAN_POINT('',(-44.15139165699,43.62754767501,
    10.417815228668));
#2824 = CARTESIAN_POINT('',(-44.0329214915,43.73085743415,
    10.605090459645));
#2825 = CARTESIAN_POINT('',(-43.93019678912,43.820053717569,
    10.799884331735));
#2826 = CARTESIAN_POINT('',(-43.73379083055,43.990017179212,
    11.249422216338));
#2827 = CARTESIAN_POINT('',(-43.64803058683,44.063762880355,
    11.50835499575));
#2828 = CARTESIAN_POINT('',(-43.58462531016,44.118047577751,
    11.773614381224));
#2829 = CARTESIAN_POINT('',(-43.54288352525,44.153691340964,
    12.042821622708));
#2830 = CARTESIAN_POINT('',(-43.52234280663,44.171216956529,
    12.314095740539));
#2831 = CARTESIAN_POINT('',(-43.52281663166,44.170829107965,
    12.585796383402));
#2832 = CARTESIAN_POINT('',(-43.54442949826,44.152387836475,
    12.856292841104));
#2833 = CARTESIAN_POINT('',(-43.63067403466,44.078509158964,
    13.390044295558));
#2834 = CARTESIAN_POINT('',(-43.69508702735,44.023259558877,
    13.653098082579));
#2835 = CARTESIAN_POINT('',(-43.78129430133,43.949143466897,
    13.911186313853));
#2836 = CARTESIAN_POINT('',(-43.89005174289,43.855293887759,
    14.162083860496));
#2837 = CARTESIAN_POINT('',(-44.02228049693,43.74059930669,14.4027679457
    ));
#2838 = CARTESIAN_POINT('',(-44.17891073188,43.60379783458,
    14.629207355143));
#2839 = CARTESIAN_POINT('',(-44.36065753765,43.443641127582,
    14.836047045969));
#2840 = CARTESIAN_POINT('',(-44.79042645549,43.060774060402,
    15.209719747678));
#2841 = CARTESIAN_POINT('',(-45.0505184762,42.827032924257,
    15.379308173585));
#2842 = CARTESIAN_POINT('',(-45.33977014779,42.564055491844,
    15.501304624606));
#2843 = CARTESIAN_POINT('',(-45.64594590617,42.281613388817,
    15.560794325432));
#2844 = CARTESIAN_POINT('',(-45.95421342395,41.992476933066,
    15.551315483673));
#2845 = CARTESIAN_POINT('',(-46.25014471041,41.710601405401,
    15.474926569243));
#2846 = CARTESIAN_POINT('',(-46.52144804881,41.448857407179,
    15.342333227147));
#2847 = CARTESIAN_POINT('',(-47.06712459242,40.91711606253,
    14.954199271736));
#2848 = CARTESIAN_POINT('',(-47.32313307153,40.663250549153,
    14.671246250163));
#2849 = CARTESIAN_POINT('',(-47.52881398618,40.456506756982,
    14.347474677581));
#2850 = CARTESIAN_POINT('',(-47.68800166544,40.295046190818,
    13.997739048488));
#2851 = CARTESIAN_POINT('',(-47.80431217672,40.176377731977,
    13.632397818843));
#2852 = CARTESIAN_POINT('',(-47.88078676945,40.098121083747,
    13.258175739249));
#2853 = CARTESIAN_POINT('',(-47.91917456624,40.058837485463,
    12.879522698731));
#2854 = CARTESIAN_POINT('',(-47.91917456624,40.058837485463,12.5));
#2855 = PCURVE('',#2297,#2856);
#2856 = DEFINITIONAL_REPRESENTATION('',(#2857),#2916);
#2857 = B_SPLINE_CURVE_WITH_KNOTS('',8,(#2858,#2859,#2860,#2861,#2862,
    #2863,#2864,#2865,#2866,#2867,#2868,#2869,#2870,#2871,#2872,#2873,
    #2874,#2875,#2876,#2877,#2878,#2879,#2880,#2881,#2882,#2883,#2884,
    #2885,#2886,#2887,#2888,#2889,#2890,#2891,#2892,#2893,#2894,#2895,
    #2896,#2897,#2898,#2899,#2900,#2901,#2902,#2903,#2904,#2905,#2906,
    #2907,#2908,#2909,#2910,#2911,#2912,#2913,#2914,#2915),
  .UNSPECIFIED.,.F.,.F.,(9,7,7,7,7,7,7,7,9),(0.,0.108854552733,
    0.214875305989,0.30282874823,0.409268908975,0.54193488676,
    0.674038830471,0.816231174365,1.),.UNSPECIFIED.);
#2858 = CARTESIAN_POINT('',(-2.36772308821,-12.5));
#2859 = CARTESIAN_POINT('',(-2.36772308821,-12.26438563676));
#2860 = CARTESIAN_POINT('',(-2.367407134172,-12.02875955803));
#2861 = CARTESIAN_POINT('',(-2.366775134496,-11.79535012856));
#2862 = CARTESIAN_POINT('',(-2.365831377938,-11.56637826857));
#2863 = CARTESIAN_POINT('',(-2.36458426645,-11.34401050538));
#2864 = CARTESIAN_POINT('',(-2.363046107041,-11.13032091729));
#2865 = CARTESIAN_POINT('',(-2.361232962651,-10.92726196965));
#2866 = CARTESIAN_POINT('',(-2.357150007899,-10.55098884843));
#2867 = CARTESIAN_POINT('',(-2.354832139213,-10.37149626633));
#2868 = CARTESIAN_POINT('',(-2.352203228922,-10.20107136196));
#2869 = CARTESIAN_POINT('',(-2.349260812587,-10.04282712568));
#2870 = CARTESIAN_POINT('',(-2.346007969994,-9.900092416236));
#2871 = CARTESIAN_POINT('',(-2.342454044154,-9.776438393963));
#2872 = CARTESIAN_POINT('',(-2.338616067526,-9.675731710493));
#2873 = CARTESIAN_POINT('',(-2.331124087383,-9.541240250756));
#2874 = CARTESIAN_POINT('',(-2.327645331224,-9.500683972069));
#2875 = CARTESIAN_POINT('',(-2.324117009554,-9.481133181061));
#2876 = CARTESIAN_POINT('',(-2.320572048705,-9.482887756643));
#2877 = CARTESIAN_POINT('',(-2.317043706715,-9.505969635708));
#2878 = CARTESIAN_POINT('',(-2.313565061035,-9.55012428147));
#2879 = CARTESIAN_POINT('',(-2.310168465786,-9.61482194508));
#2880 = CARTESIAN_POINT('',(-2.302911343184,-9.801443054861));
#2881 = CARTESIAN_POINT('',(-2.299251130735,-9.928736053827));
#2882 = CARTESIAN_POINT('',(-2.295918424359,-10.07645245035));
#2883 = CARTESIAN_POINT('',(-2.292917753556,-10.24061725743));
#2884 = CARTESIAN_POINT('',(-2.290247346326,-10.41781522866));
#2885 = CARTESIAN_POINT('',(-2.287901265182,-10.60509045964));
#2886 = CARTESIAN_POINT('',(-2.285870740136,-10.79988433173));
#2887 = CARTESIAN_POINT('',(-2.281994080858,-11.24942221633));
#2888 = CARTESIAN_POINT('',(-2.28030592133,-11.50835499575));
#2889 = CARTESIAN_POINT('',(-2.279060119287,-11.77361438122));
#2890 = CARTESIAN_POINT('',(-2.278240872777,-12.0428216227));
#2891 = CARTESIAN_POINT('',(-2.277837868801,-12.31409574053));
#2892 = CARTESIAN_POINT('',(-2.277847006386,-12.5857963834));
#2893 = CARTESIAN_POINT('',(-2.278271053443,-12.8562928411));
#2894 = CARTESIAN_POINT('',(-2.279965998889,-13.39004429555));
#2895 = CARTESIAN_POINT('',(-2.281232595084,-13.65309808257));
#2896 = CARTESIAN_POINT('',(-2.282929424081,-13.91118631385));
#2897 = CARTESIAN_POINT('',(-2.28507347809,-14.16208386049));
#2898 = CARTESIAN_POINT('',(-2.287686007294,-14.4027679457));
#2899 = CARTESIAN_POINT('',(-2.29078985767,-14.62920735514));
#2900 = CARTESIAN_POINT('',(-2.294405384181,-14.83604704596));
#2901 = CARTESIAN_POINT('',(-2.302996080888,-15.20971974767));
#2902 = CARTESIAN_POINT('',(-2.308215277549,-15.37930817358));
#2903 = CARTESIAN_POINT('',(-2.314049846619,-15.5013046246));
#2904 = CARTESIAN_POINT('',(-2.320266712675,-15.56079432543));
#2905 = CARTESIAN_POINT('',(-2.326574445203,-15.55131548367));
#2906 = CARTESIAN_POINT('',(-2.332674122816,-15.47492656924));
#2907 = CARTESIAN_POINT('',(-2.338300648295,-15.34233322714));
#2908 = CARTESIAN_POINT('',(-2.349672487331,-14.95419927173));
#2909 = CARTESIAN_POINT('',(-2.355053454196,-14.67124625016));
#2910 = CARTESIAN_POINT('',(-2.359406010125,-14.34747467758));
#2911 = CARTESIAN_POINT('',(-2.362790139767,-13.99773904848));
#2912 = CARTESIAN_POINT('',(-2.365270185373,-13.63239781884));
#2913 = CARTESIAN_POINT('',(-2.36690330312,-13.25817573924));
#2914 = CARTESIAN_POINT('',(-2.36772308821,-12.87952269873));
#2915 = CARTESIAN_POINT('',(-2.36772308821,-12.5));
#2916 = ( GEOMETRIC_REPRESENTATION_CONTEXT(2) 
PARAMETRIC_REPRESENTATION_CONTEXT() REPRESENTATION_CONTEXT('2D SPACE',''
  ) );
#2917 = PCURVE('',#2918,#2923);
#2918 = CYLINDRICAL_SURFACE('',#2919,3.);
#2919 = AXIS2_PLACEMENT_3D('',#2920,#2921,#2922);
#2920 = CARTESIAN_POINT('',(-46.45758964882,42.887738480273,12.5));
#2921 = DIRECTION('',(0.683199847777,-0.730231448239,0.));
#2922 = DIRECTION('',(-0.730231448239,-0.683199847777,0.));
#2923 = DEFINITIONAL_REPRESENTATION('',(#2924),#2983);
#2924 = B_SPLINE_CURVE_WITH_KNOTS('',8,(#2925,#2926,#2927,#2928,#2929,
    #2930,#2931,#2932,#2933,#2934,#2935,#2936,#2937,#2938,#2939,#2940,
    #2941,#2942,#2943,#2944,#2945,#2946,#2947,#2948,#2949,#2950,#2951,
    #2952,#2953,#2954,#2955,#2956,#2957,#2958,#2959,#2960,#2961,#2962,
    #2963,#2964,#2965,#2966,#2967,#2968,#2969,#2970,#2971,#2972,#2973,
    #2974,#2975,#2976,#2977,#2978,#2979,#2980,#2981,#2982),
  .UNSPECIFIED.,.F.,.F.,(9,7,7,7,7,7,7,7,9),(0.,0.108854552733,
    0.214875305989,0.30282874823,0.409268908975,0.54193488676,
    0.674038830471,0.816231174365,1.),.UNSPECIFIED.);
#2925 = CARTESIAN_POINT('',(0.,1.067197877274));
#2926 = CARTESIAN_POINT('',(7.85381210779E-02,1.067197877274));
#2927 = CARTESIAN_POINT('',(0.157080032587,1.066250064602));
#2928 = CARTESIAN_POINT('',(0.235621632531,1.06435393935));
#2929 = CARTESIAN_POINT('',(0.314160437223,1.06156015595));
#2930 = CARTESIAN_POINT('',(0.392697613506,1.05796864428));
#2931 = CARTESIAN_POINT('',(0.471236798683,1.053721989458));
#2932 = CARTESIAN_POINT('',(0.549779708147,1.048994070321));
#2933 = CARTESIAN_POINT('',(0.704812760125,1.039084530976));
#2934 = CARTESIAN_POINT('',(0.78362620534,1.033769509055));
#2935 = CARTESIAN_POINT('',(0.864760550362,1.028173769364));
#2936 = CARTESIAN_POINT('',(0.948263958262,1.022496357165));
#2937 = CARTESIAN_POINT('',(1.034241075381,1.016987910613));
#2938 = CARTESIAN_POINT('',(1.122852207474,1.01194272605));
#2939 = CARTESIAN_POINT('',(1.214324373033,1.007678814065));
#2940 = CARTESIAN_POINT('',(1.387536072199,1.001861612625));
#2941 = CARTESIAN_POINT('',(1.466078098981,1.000044094479));
#2942 = CARTESIAN_POINT('',(1.54461784749,0.999146066199));
#2943 = CARTESIAN_POINT('',(1.623155656065,0.999223268704));
#2944 = CARTESIAN_POINT('',(1.701694037793,1.000280453145));
#2945 = CARTESIAN_POINT('',(1.780234885789,1.002269947682));
#2946 = CARTESIAN_POINT('',(1.858777219166,1.005096199031));
#2947 = CARTESIAN_POINT('',(2.032361482694,1.012898359471));
#2948 = CARTESIAN_POINT('',(2.12386695258,1.018042378181));
#2949 = CARTESIAN_POINT('',(2.212285778258,1.023709246853));
#2950 = CARTESIAN_POINT('',(2.297951403286,1.029573477101));
#2951 = CARTESIAN_POINT('',(2.38113814135,1.035362177266));
#2952 = CARTESIAN_POINT('',(2.46207870288,1.040860941261));
#2953 = CARTESIAN_POINT('',(2.540969321364,1.045908511076));
#2954 = CARTESIAN_POINT('',(2.713996533821,1.055980367326));
#2955 = CARTESIAN_POINT('',(2.807578672387,1.060720322637));
#2956 = CARTESIAN_POINT('',(2.899398440967,1.064398404812));
#2957 = CARTESIAN_POINT('',(2.990011012252,1.066888189073));
#2958 = CARTESIAN_POINT('',(3.079947169603,1.068123849275));
#2959 = CARTESIAN_POINT('',(3.169731139779,1.068083351302));
#2960 = CARTESIAN_POINT('',(3.259893147199,1.066783840516));
#2961 = CARTESIAN_POINT('',(3.441785073685,1.061810120052));
#2962 = CARTESIAN_POINT('',(3.533429014138,1.058148168735));
#2963 = CARTESIAN_POINT('',(3.626590728444,1.053373273463));
#2964 = CARTESIAN_POINT('',(3.721852319861,1.047602120032));
#2965 = CARTESIAN_POINT('',(3.819798863048,1.041017045443));
#2966 = CARTESIAN_POINT('',(3.921044944142,1.033904029864));
#2967 = CARTESIAN_POINT('',(4.02628725001,1.026686103926));
#2968 = CARTESIAN_POINT('',(4.25498471609,1.012649617631));
#2969 = CARTESIAN_POINT('',(4.383512457373,1.005639917035));
#2970 = CARTESIAN_POINT('',(4.517467858623,1.000057610357));
#2971 = CARTESIAN_POINT('',(4.654149658335,0.997126484777));
#2972 = CARTESIAN_POINT('',(4.791436112146,0.997654696375));
#2973 = CARTESIAN_POINT('',(4.92729504812,1.001308861305));
#2974 = CARTESIAN_POINT('',(5.059312755325,1.007088160701));
#2975 = CARTESIAN_POINT('',(5.34429225426,1.022576281362));
#2976 = CARTESIAN_POINT('',(5.494148468728,1.033051908892));
#2977 = CARTESIAN_POINT('',(5.636014550251,1.043501558085));
#2978 = CARTESIAN_POINT('',(5.771645895049,1.052648142908));
#2979 = CARTESIAN_POINT('',(5.902638868304,1.059840259872));
#2980 = CARTESIAN_POINT('',(6.030459062618,1.064738295327));
#2981 = CARTESIAN_POINT('',(6.156677740936,1.067197877274));
#2982 = CARTESIAN_POINT('',(6.28318530718,1.067197877274));
#2983 = ( GEOMETRIC_REPRESENTATION_CONTEXT(2) 
PARAMETRIC_REPRESENTATION_CONTEXT() REPRESENTATION_CONTEXT('2D SPACE',''
  ) );
#2984 = FACE_BOUND('',#2985,.F.);
#2985 = EDGE_LOOP('',(#2986,#3021,#3047,#3080));
#2986 = ORIENTED_EDGE('',*,*,#2987,.T.);
#2987 = EDGE_CURVE('',#2988,#2990,#2992,.T.);
#2988 = VERTEX_POINT('',#2989);
#2989 = CARTESIAN_POINT('',(32.366202047015,51.895693755609,23.5));
#2990 = VERTEX_POINT('',#2991);
#2991 = CARTESIAN_POINT('',(36.650914503807,49.318633577303,23.5));
#2992 = SURFACE_CURVE('',#2993,(#2998,#3005),.PCURVE_S1.);
#2993 = CIRCLE('',#2994,67.);
#2994 = AXIS2_PLACEMENT_3D('',#2995,#2996,#2997);
#2995 = CARTESIAN_POINT('',(0.,-6.768,23.5));
#2996 = DIRECTION('',(0.,0.,-1.));
#2997 = DIRECTION('',(1.,0.,0.));
#2998 = PCURVE('',#2297,#2999);
#2999 = DEFINITIONAL_REPRESENTATION('',(#3000),#3004);
#3000 = LINE('',#3001,#3002);
#3001 = CARTESIAN_POINT('',(-6.28318530718,-23.5));
#3002 = VECTOR('',#3003,1.);
#3003 = DIRECTION('',(1.,-0.));
#3004 = ( GEOMETRIC_REPRESENTATION_CONTEXT(2) 
PARAMETRIC_REPRESENTATION_CONTEXT() REPRESENTATION_CONTEXT('2D SPACE',''
  ) );
#3005 = PCURVE('',#3006,#3011);
#3006 = PLANE('',#3007);
#3007 = AXIS2_PLACEMENT_3D('',#3008,#3009,#3010);
#3008 = CARTESIAN_POINT('',(34.532606389296,50.647146921017,23.5));
#3009 = DIRECTION('',(0.,0.,1.));
#3010 = DIRECTION('',(1.,0.,-0.));
#3011 = DEFINITIONAL_REPRESENTATION('',(#3012),#3020);
#3012 = ( BOUNDED_CURVE() B_SPLINE_CURVE(2,(#3013,#3014,#3015,#3016,
#3017,#3018,#3019),.UNSPECIFIED.,.T.,.F.) B_SPLINE_CURVE_WITH_KNOTS((1,2
    ,2,2,2,1),(-2.094395102393,0.,2.094395102393,4.188790204786,
6.28318530718,8.377580409573),.UNSPECIFIED.) CURVE() 
GEOMETRIC_REPRESENTATION_ITEM() RATIONAL_B_SPLINE_CURVE((1.,0.5,1.,0.5,
1.,0.5,1.)) REPRESENTATION_ITEM('') );
#3013 = CARTESIAN_POINT('',(32.467393610704,-57.41514692101));
#3014 = CARTESIAN_POINT('',(32.467393610704,-173.4625510281));
#3015 = CARTESIAN_POINT('',(-68.03260638929,-115.4388489745));
#3016 = CARTESIAN_POINT('',(-168.5326063892,-57.41514692101));
#3017 = CARTESIAN_POINT('',(-68.03260638929,0.608555132541));
#3018 = CARTESIAN_POINT('',(32.467393610704,58.632257186098));
#3019 = CARTESIAN_POINT('',(32.467393610704,-57.41514692101));
#3020 = ( GEOMETRIC_REPRESENTATION_CONTEXT(2) 
PARAMETRIC_REPRESENTATION_CONTEXT() REPRESENTATION_CONTEXT('2D SPACE',''
  ) );
#3021 = ORIENTED_EDGE('',*,*,#3022,.T.);
#3022 = EDGE_CURVE('',#2990,#3023,#3025,.T.);
#3023 = VERTEX_POINT('',#3024);
#3024 = CARTESIAN_POINT('',(36.650914503807,49.318633577303,1.5));
#3025 = SURFACE_CURVE('',#3026,(#3030,#3036),.PCURVE_S1.);
#3026 = LINE('',#3027,#3028);
#3027 = CARTESIAN_POINT('',(36.650914503807,49.318633577303,0.));
#3028 = VECTOR('',#3029,1.);
#3029 = DIRECTION('',(-0.,-0.,-1.));
#3030 = PCURVE('',#2297,#3031);
#3031 = DEFINITIONAL_REPRESENTATION('',(#3032),#3035);
#3032 = B_SPLINE_CURVE_WITH_KNOTS('',1,(#3033,#3034),.UNSPECIFIED.,.F.,
  .F.,(2,2),(-25.0000006,6.E-07),.PIECEWISE_BEZIER_KNOTS.);
#3033 = CARTESIAN_POINT('',(-0.991985829564,-25.0000006));
#3034 = CARTESIAN_POINT('',(-0.991985829564,6.E-07));
#3035 = ( GEOMETRIC_REPRESENTATION_CONTEXT(2) 
PARAMETRIC_REPRESENTATION_CONTEXT() REPRESENTATION_CONTEXT('2D SPACE',''
  ) );
#3036 = PCURVE('',#3037,#3042);
#3037 = PLANE('',#3038);
#3038 = AXIS2_PLACEMENT_3D('',#3039,#3040,#3041);
#3039 = CARTESIAN_POINT('',(34.097902439387,45.073904375072,1.5));
#3040 = DIRECTION('',(-0.856942491358,0.515412035661,0.));
#3041 = DIRECTION('',(0.515412035661,0.856942491358,0.));
#3042 = DEFINITIONAL_REPRESENTATION('',(#3043),#3046);
#3043 = B_SPLINE_CURVE_WITH_KNOTS('',1,(#3044,#3045),.UNSPECIFIED.,.F.,
  .F.,(2,2),(-25.0000006,6.E-07),.PIECEWISE_BEZIER_KNOTS.);
#3044 = CARTESIAN_POINT('',(4.953341962892,-23.5000006));
#3045 = CARTESIAN_POINT('',(4.953341962892,1.5000006));
#3046 = ( GEOMETRIC_REPRESENTATION_CONTEXT(2) 
PARAMETRIC_REPRESENTATION_CONTEXT() REPRESENTATION_CONTEXT('2D SPACE',''
  ) );
#3047 = ORIENTED_EDGE('',*,*,#3048,.F.);
#3048 = EDGE_CURVE('',#3049,#3023,#3051,.T.);
#3049 = VERTEX_POINT('',#3050);
#3050 = CARTESIAN_POINT('',(32.366202047015,51.895693755609,1.5));
#3051 = SURFACE_CURVE('',#3052,(#3057,#3064),.PCURVE_S1.);
#3052 = CIRCLE('',#3053,67.);
#3053 = AXIS2_PLACEMENT_3D('',#3054,#3055,#3056);
#3054 = CARTESIAN_POINT('',(0.,-6.768,1.5));
#3055 = DIRECTION('',(0.,0.,-1.));
#3056 = DIRECTION('',(1.,0.,0.));
#3057 = PCURVE('',#2297,#3058);
#3058 = DEFINITIONAL_REPRESENTATION('',(#3059),#3063);
#3059 = LINE('',#3060,#3061);
#3060 = CARTESIAN_POINT('',(-6.28318530718,-1.5));
#3061 = VECTOR('',#3062,1.);
#3062 = DIRECTION('',(1.,-0.));
#3063 = ( GEOMETRIC_REPRESENTATION_CONTEXT(2) 
PARAMETRIC_REPRESENTATION_CONTEXT() REPRESENTATION_CONTEXT('2D SPACE',''
  ) );
#3064 = PCURVE('',#3065,#3070);
#3065 = PLANE('',#3066);
#3066 = AXIS2_PLACEMENT_3D('',#3067,#3068,#3069);
#3067 = CARTESIAN_POINT('',(34.532606389296,50.647146921017,1.5));
#3068 = DIRECTION('',(0.,0.,1.));
#3069 = DIRECTION('',(1.,0.,-0.));
#3070 = DEFINITIONAL_REPRESENTATION('',(#3071),#3079);
#3071 = ( BOUNDED_CURVE() B_SPLINE_CURVE(2,(#3072,#3073,#3074,#3075,
#3076,#3077,#3078),.UNSPECIFIED.,.T.,.F.) B_SPLINE_CURVE_WITH_KNOTS((1,2
    ,2,2,2,1),(-2.094395102393,0.,2.094395102393,4.188790204786,
6.28318530718,8.377580409573),.UNSPECIFIED.) CURVE() 
GEOMETRIC_REPRESENTATION_ITEM() RATIONAL_B_SPLINE_CURVE((1.,0.5,1.,0.5,
1.,0.5,1.)) REPRESENTATION_ITEM('') );
#3072 = CARTESIAN_POINT('',(32.467393610704,-57.41514692101));
#3073 = CARTESIAN_POINT('',(32.467393610704,-173.4625510281));
#3074 = CARTESIAN_POINT('',(-68.03260638929,-115.4388489745));
#3075 = CARTESIAN_POINT('',(-168.5326063892,-57.41514692101));
#3076 = CARTESIAN_POINT('',(-68.03260638929,0.608555132541));
#3077 = CARTESIAN_POINT('',(32.467393610704,58.632257186098));
#3078 = CARTESIAN_POINT('',(32.467393610704,-57.41514692101));
#3079 = ( GEOMETRIC_REPRESENTATION_CONTEXT(2) 
PARAMETRIC_REPRESENTATION_CONTEXT() REPRESENTATION_CONTEXT('2D SPACE',''
  ) );
#3080 = ORIENTED_EDGE('',*,*,#3081,.F.);
#3081 = EDGE_CURVE('',#2988,#3049,#3082,.T.);
#3082 = SURFACE_CURVE('',#3083,(#3087,#3093),.PCURVE_S1.);
#3083 = LINE('',#3084,#3085);
#3084 = CARTESIAN_POINT('',(32.366202047015,51.895693755609,0.));
#3085 = VECTOR('',#3086,1.);
#3086 = DIRECTION('',(-0.,-0.,-1.));
#3087 = PCURVE('',#2297,#3088);
#3088 = DEFINITIONAL_REPRESENTATION('',(#3089),#3092);
#3089 = B_SPLINE_CURVE_WITH_KNOTS('',1,(#3090,#3091),.UNSPECIFIED.,.F.,
  .F.,(2,2),(-25.0000006,6.E-07),.PIECEWISE_BEZIER_KNOTS.);
#3090 = CARTESIAN_POINT('',(-1.066630023163,-25.0000006));
#3091 = CARTESIAN_POINT('',(-1.066630023163,6.E-07));
#3092 = ( GEOMETRIC_REPRESENTATION_CONTEXT(2) 
PARAMETRIC_REPRESENTATION_CONTEXT() REPRESENTATION_CONTEXT('2D SPACE',''
  ) );
#3093 = PCURVE('',#3094,#3099);
#3094 = PLANE('',#3095);
#3095 = AXIS2_PLACEMENT_3D('',#3096,#3097,#3098);
#3096 = CARTESIAN_POINT('',(34.967310339206,56.220389466962,1.5));
#3097 = DIRECTION('',(0.856942491358,-0.515412035661,0.));
#3098 = DIRECTION('',(-0.515412035661,-0.856942491358,0.));
#3099 = DEFINITIONAL_REPRESENTATION('',(#3100),#3103);
#3100 = B_SPLINE_CURVE_WITH_KNOTS('',1,(#3101,#3102),.UNSPECIFIED.,.F.,
  .F.,(2,2),(-25.0000006,6.E-07),.PIECEWISE_BEZIER_KNOTS.);
#3101 = CARTESIAN_POINT('',(5.046658037108,-23.5000006));
#3102 = CARTESIAN_POINT('',(5.046658037108,1.5000006));
#3103 = ( GEOMETRIC_REPRESENTATION_CONTEXT(2) 
PARAMETRIC_REPRESENTATION_CONTEXT() REPRESENTATION_CONTEXT('2D SPACE',''
  ) );
#3104 = FACE_BOUND('',#3105,.F.);
#3105 = EDGE_LOOP('',(#3106,#3141,#3167,#3200));
#3106 = ORIENTED_EDGE('',*,*,#3107,.T.);
#3107 = EDGE_CURVE('',#3108,#3110,#3112,.T.);
#3108 = VERTEX_POINT('',#3109);
#3109 = CARTESIAN_POINT('',(18.103887516343,57.739745711624,23.5));
#3110 = VERTEX_POINT('',#3111);
#3111 = CARTESIAN_POINT('',(22.864134162695,56.210022904743,23.5));
#3112 = SURFACE_CURVE('',#3113,(#3118,#3125),.PCURVE_S1.);
#3113 = CIRCLE('',#3114,67.);
#3114 = AXIS2_PLACEMENT_3D('',#3115,#3116,#3117);
#3115 = CARTESIAN_POINT('',(0.,-6.768,23.5));
#3116 = DIRECTION('',(0.,0.,-1.));
#3117 = DIRECTION('',(1.,0.,0.));
#3118 = PCURVE('',#2297,#3119);
#3119 = DEFINITIONAL_REPRESENTATION('',(#3120),#3124);
#3120 = LINE('',#3121,#3122);
#3121 = CARTESIAN_POINT('',(-6.28318530718,-23.5));
#3122 = VECTOR('',#3123,1.);
#3123 = DIRECTION('',(1.,-0.));
#3124 = ( GEOMETRIC_REPRESENTATION_CONTEXT(2) 
PARAMETRIC_REPRESENTATION_CONTEXT() REPRESENTATION_CONTEXT('2D SPACE',''
  ) );
#3125 = PCURVE('',#3126,#3131);
#3126 = PLANE('',#3127);
#3127 = AXIS2_PLACEMENT_3D('',#3128,#3129,#3130);
#3128 = CARTESIAN_POINT('',(34.532606389296,50.647146921017,23.5));
#3129 = DIRECTION('',(0.,0.,1.));
#3130 = DIRECTION('',(1.,0.,-0.));
#3131 = DEFINITIONAL_REPRESENTATION('',(#3132),#3140);
#3132 = ( BOUNDED_CURVE() B_SPLINE_CURVE(2,(#3133,#3134,#3135,#3136,
#3137,#3138,#3139),.UNSPECIFIED.,.T.,.F.) B_SPLINE_CURVE_WITH_KNOTS((1,2
    ,2,2,2,1),(-2.094395102393,0.,2.094395102393,4.188790204786,
6.28318530718,8.377580409573),.UNSPECIFIED.) CURVE() 
GEOMETRIC_REPRESENTATION_ITEM() RATIONAL_B_SPLINE_CURVE((1.,0.5,1.,0.5,
1.,0.5,1.)) REPRESENTATION_ITEM('') );
#3133 = CARTESIAN_POINT('',(32.467393610704,-57.41514692101));
#3134 = CARTESIAN_POINT('',(32.467393610704,-173.4625510281));
#3135 = CARTESIAN_POINT('',(-68.03260638929,-115.4388489745));
#3136 = CARTESIAN_POINT('',(-168.5326063892,-57.41514692101));
#3137 = CARTESIAN_POINT('',(-68.03260638929,0.608555132541));
#3138 = CARTESIAN_POINT('',(32.467393610704,58.632257186098));
#3139 = CARTESIAN_POINT('',(32.467393610704,-57.41514692101));
#3140 = ( GEOMETRIC_REPRESENTATION_CONTEXT(2) 
PARAMETRIC_REPRESENTATION_CONTEXT() REPRESENTATION_CONTEXT('2D SPACE',''
  ) );
#3141 = ORIENTED_EDGE('',*,*,#3142,.T.);
#3142 = EDGE_CURVE('',#3110,#3143,#3145,.T.);
#3143 = VERTEX_POINT('',#3144);
#3144 = CARTESIAN_POINT('',(22.864134162695,56.210022904743,1.5));
#3145 = SURFACE_CURVE('',#3146,(#3150,#3156),.PCURVE_S1.);
#3146 = LINE('',#3147,#3148);
#3147 = CARTESIAN_POINT('',(22.864134162695,56.210022904743,0.));
#3148 = VECTOR('',#3149,1.);
#3149 = DIRECTION('',(-0.,-0.,-1.));
#3150 = PCURVE('',#2297,#3151);
#3151 = DEFINITIONAL_REPRESENTATION('',(#3152),#3155);
#3152 = B_SPLINE_CURVE_WITH_KNOTS('',1,(#3153,#3154),.UNSPECIFIED.,.F.,
  .F.,(2,2),(-25.0000006,6.E-07),.PIECEWISE_BEZIER_KNOTS.);
#3153 = CARTESIAN_POINT('',(-1.222543823753,-25.0000006));
#3154 = CARTESIAN_POINT('',(-1.222543823753,6.E-07));
#3155 = ( GEOMETRIC_REPRESENTATION_CONTEXT(2) 
PARAMETRIC_REPRESENTATION_CONTEXT() REPRESENTATION_CONTEXT('2D SPACE',''
  ) );
#3156 = PCURVE('',#3157,#3162);
#3157 = PLANE('',#3158);
#3158 = AXIS2_PLACEMENT_3D('',#3159,#3160,#3161);
#3159 = CARTESIAN_POINT('',(21.348686128511,51.494197011324,1.5));
#3160 = DIRECTION('',(-0.95204932927,0.305944561376,0.));
#3161 = DIRECTION('',(0.305944561376,0.95204932927,0.));
#3162 = DEFINITIONAL_REPRESENTATION('',(#3163),#3166);
#3163 = B_SPLINE_CURVE_WITH_KNOTS('',1,(#3164,#3165),.UNSPECIFIED.,.F.,
  .F.,(2,2),(-25.0000006,6.E-07),.PIECEWISE_BEZIER_KNOTS.);
#3164 = CARTESIAN_POINT('',(4.953341962892,-23.5000006));
#3165 = CARTESIAN_POINT('',(4.953341962892,1.5000006));
#3166 = ( GEOMETRIC_REPRESENTATION_CONTEXT(2) 
PARAMETRIC_REPRESENTATION_CONTEXT() REPRESENTATION_CONTEXT('2D SPACE',''
  ) );
#3167 = ORIENTED_EDGE('',*,*,#3168,.F.);
#3168 = EDGE_CURVE('',#3169,#3143,#3171,.T.);
#3169 = VERTEX_POINT('',#3170);
#3170 = CARTESIAN_POINT('',(18.103887516343,57.739745711624,1.5));
#3171 = SURFACE_CURVE('',#3172,(#3177,#3184),.PCURVE_S1.);
#3172 = CIRCLE('',#3173,67.);
#3173 = AXIS2_PLACEMENT_3D('',#3174,#3175,#3176);
#3174 = CARTESIAN_POINT('',(0.,-6.768,1.5));
#3175 = DIRECTION('',(0.,0.,-1.));
#3176 = DIRECTION('',(1.,0.,0.));
#3177 = PCURVE('',#2297,#3178);
#3178 = DEFINITIONAL_REPRESENTATION('',(#3179),#3183);
#3179 = LINE('',#3180,#3181);
#3180 = CARTESIAN_POINT('',(-6.28318530718,-1.5));
#3181 = VECTOR('',#3182,1.);
#3182 = DIRECTION('',(1.,-0.));
#3183 = ( GEOMETRIC_REPRESENTATION_CONTEXT(2) 
PARAMETRIC_REPRESENTATION_CONTEXT() REPRESENTATION_CONTEXT('2D SPACE',''
  ) );
#3184 = PCURVE('',#3185,#3190);
#3185 = PLANE('',#3186);
#3186 = AXIS2_PLACEMENT_3D('',#3187,#3188,#3189);
#3187 = CARTESIAN_POINT('',(34.532606389296,50.647146921017,1.5));
#3188 = DIRECTION('',(0.,0.,1.));
#3189 = DIRECTION('',(1.,0.,-0.));
#3190 = DEFINITIONAL_REPRESENTATION('',(#3191),#3199);
#3191 = ( BOUNDED_CURVE() B_SPLINE_CURVE(2,(#3192,#3193,#3194,#3195,
#3196,#3197,#3198),.UNSPECIFIED.,.T.,.F.) B_SPLINE_CURVE_WITH_KNOTS((1,2
    ,2,2,2,1),(-2.094395102393,0.,2.094395102393,4.188790204786,
6.28318530718,8.377580409573),.UNSPECIFIED.) CURVE() 
GEOMETRIC_REPRESENTATION_ITEM() RATIONAL_B_SPLINE_CURVE((1.,0.5,1.,0.5,
1.,0.5,1.)) REPRESENTATION_ITEM('') );
#3192 = CARTESIAN_POINT('',(32.467393610704,-57.41514692101));
#3193 = CARTESIAN_POINT('',(32.467393610704,-173.4625510281));
#3194 = CARTESIAN_POINT('',(-68.03260638929,-115.4388489745));
#3195 = CARTESIAN_POINT('',(-168.5326063892,-57.41514692101));
#3196 = CARTESIAN_POINT('',(-68.03260638929,0.608555132541));
#3197 = CARTESIAN_POINT('',(32.467393610704,58.632257186098));
#3198 = CARTESIAN_POINT('',(32.467393610704,-57.41514692101));
#3199 = ( GEOMETRIC_REPRESENTATION_CONTEXT(2) 
PARAMETRIC_REPRESENTATION_CONTEXT() REPRESENTATION_CONTEXT('2D SPACE',''
  ) );
#3200 = ORIENTED_EDGE('',*,*,#3201,.F.);
#3201 = EDGE_CURVE('',#3108,#3169,#3202,.T.);
#3202 = SURFACE_CURVE('',#3203,(#3207,#3213),.PCURVE_S1.);
#3203 = LINE('',#3204,#3205);
#3204 = CARTESIAN_POINT('',(18.103887516343,57.739745711624,0.));
#3205 = VECTOR('',#3206,1.);
#3206 = DIRECTION('',(-0.,-0.,-1.));
#3207 = PCURVE('',#2297,#3208);
#3208 = DEFINITIONAL_REPRESENTATION('',(#3209),#3212);
#3209 = B_SPLINE_CURVE_WITH_KNOTS('',1,(#3210,#3211),.UNSPECIFIED.,.F.,
  .F.,(2,2),(-25.0000006,6.E-07),.PIECEWISE_BEZIER_KNOTS.);
#3210 = CARTESIAN_POINT('',(-1.297188017351,-25.0000006));
#3211 = CARTESIAN_POINT('',(-1.297188017351,6.E-07));
#3212 = ( GEOMETRIC_REPRESENTATION_CONTEXT(2) 
PARAMETRIC_REPRESENTATION_CONTEXT() REPRESENTATION_CONTEXT('2D SPACE',''
  ) );
#3213 = PCURVE('',#3214,#3219);
#3214 = PLANE('',#3215);
#3215 = AXIS2_PLACEMENT_3D('',#3216,#3217,#3218);
#3216 = CARTESIAN_POINT('',(19.647885095923,62.54441311091,1.5));
#3217 = DIRECTION('',(0.95204932927,-0.305944561376,0.));
#3218 = DIRECTION('',(-0.305944561376,-0.95204932927,0.));
#3219 = DEFINITIONAL_REPRESENTATION('',(#3220),#3223);
#3220 = B_SPLINE_CURVE_WITH_KNOTS('',1,(#3221,#3222),.UNSPECIFIED.,.F.,
  .F.,(2,2),(-25.0000006,6.E-07),.PIECEWISE_BEZIER_KNOTS.);
#3221 = CARTESIAN_POINT('',(5.046658037108,-23.5000006));
#3222 = CARTESIAN_POINT('',(5.046658037108,1.5000006));
#3223 = ( GEOMETRIC_REPRESENTATION_CONTEXT(2) 
PARAMETRIC_REPRESENTATION_CONTEXT() REPRESENTATION_CONTEXT('2D SPACE',''
  ) );
#3224 = FACE_BOUND('',#3225,.F.);
#3225 = EDGE_LOOP('',(#3226,#3261,#3287,#3320));
#3226 = ORIENTED_EDGE('',*,*,#3227,.T.);
#3227 = EDGE_CURVE('',#3228,#3230,#3232,.T.);
#3228 = VERTEX_POINT('',#3229);
#3229 = CARTESIAN_POINT('',(2.883480256236,60.169923045251,23.5));
#3230 = VERTEX_POINT('',#3231);
#3231 = CARTESIAN_POINT('',(7.867339636157,59.7684934983,23.5));
#3232 = SURFACE_CURVE('',#3233,(#3238,#3245),.PCURVE_S1.);
#3233 = CIRCLE('',#3234,67.);
#3234 = AXIS2_PLACEMENT_3D('',#3235,#3236,#3237);
#3235 = CARTESIAN_POINT('',(0.,-6.768,23.5));
#3236 = DIRECTION('',(0.,0.,-1.));
#3237 = DIRECTION('',(1.,0.,0.));
#3238 = PCURVE('',#2297,#3239);
#3239 = DEFINITIONAL_REPRESENTATION('',(#3240),#3244);
#3240 = LINE('',#3241,#3242);
#3241 = CARTESIAN_POINT('',(-6.28318530718,-23.5));
#3242 = VECTOR('',#3243,1.);
#3243 = DIRECTION('',(1.,-0.));
#3244 = ( GEOMETRIC_REPRESENTATION_CONTEXT(2) 
PARAMETRIC_REPRESENTATION_CONTEXT() REPRESENTATION_CONTEXT('2D SPACE',''
  ) );
#3245 = PCURVE('',#3246,#3251);
#3246 = PLANE('',#3247);
#3247 = AXIS2_PLACEMENT_3D('',#3248,#3249,#3250);
#3248 = CARTESIAN_POINT('',(34.532606389296,50.647146921017,23.5));
#3249 = DIRECTION('',(0.,0.,1.));
#3250 = DIRECTION('',(1.,0.,-0.));
#3251 = DEFINITIONAL_REPRESENTATION('',(#3252),#3260);
#3252 = ( BOUNDED_CURVE() B_SPLINE_CURVE(2,(#3253,#3254,#3255,#3256,
#3257,#3258,#3259),.UNSPECIFIED.,.T.,.F.) B_SPLINE_CURVE_WITH_KNOTS((1,2
    ,2,2,2,1),(-2.094395102393,0.,2.094395102393,4.188790204786,
6.28318530718,8.377580409573),.UNSPECIFIED.) CURVE() 
GEOMETRIC_REPRESENTATION_ITEM() RATIONAL_B_SPLINE_CURVE((1.,0.5,1.,0.5,
1.,0.5,1.)) REPRESENTATION_ITEM('') );
#3253 = CARTESIAN_POINT('',(32.467393610704,-57.41514692101));
#3254 = CARTESIAN_POINT('',(32.467393610704,-173.4625510281));
#3255 = CARTESIAN_POINT('',(-68.03260638929,-115.4388489745));
#3256 = CARTESIAN_POINT('',(-168.5326063892,-57.41514692101));
#3257 = CARTESIAN_POINT('',(-68.03260638929,0.608555132541));
#3258 = CARTESIAN_POINT('',(32.467393610704,58.632257186098));
#3259 = CARTESIAN_POINT('',(32.467393610704,-57.41514692101));
#3260 = ( GEOMETRIC_REPRESENTATION_CONTEXT(2) 
PARAMETRIC_REPRESENTATION_CONTEXT() REPRESENTATION_CONTEXT('2D SPACE',''
  ) );
#3261 = ORIENTED_EDGE('',*,*,#3262,.T.);
#3262 = EDGE_CURVE('',#3230,#3263,#3265,.T.);
#3263 = VERTEX_POINT('',#3264);
#3264 = CARTESIAN_POINT('',(7.867339636157,59.7684934983,1.5));
#3265 = SURFACE_CURVE('',#3266,(#3270,#3276),.PCURVE_S1.);
#3266 = LINE('',#3267,#3268);
#3267 = CARTESIAN_POINT('',(7.867339636157,59.7684934983,0.));
#3268 = VECTOR('',#3269,1.);
#3269 = DIRECTION('',(-0.,-0.,-1.));
#3270 = PCURVE('',#2297,#3271);
#3271 = DEFINITIONAL_REPRESENTATION('',(#3272),#3275);
#3272 = B_SPLINE_CURVE_WITH_KNOTS('',1,(#3273,#3274),.UNSPECIFIED.,.F.,
  .F.,(2,2),(-25.0000006,6.E-07),.PIECEWISE_BEZIER_KNOTS.);
#3273 = CARTESIAN_POINT('',(-1.453101817941,-25.0000006));
#3274 = CARTESIAN_POINT('',(-1.453101817941,6.E-07));
#3275 = ( GEOMETRIC_REPRESENTATION_CONTEXT(2) 
PARAMETRIC_REPRESENTATION_CONTEXT() REPRESENTATION_CONTEXT('2D SPACE',''
  ) );
#3276 = PCURVE('',#3277,#3282);
#3277 = PLANE('',#3278);
#3278 = AXIS2_PLACEMENT_3D('',#3279,#3280,#3281);
#3279 = CARTESIAN_POINT('',(7.469656072147,54.831141537556,1.5));
#3280 = DIRECTION('',(-0.996771875984,8.028590939009E-02,0.));
#3281 = DIRECTION('',(8.028590939009E-02,0.996771875984,0.));
#3282 = DEFINITIONAL_REPRESENTATION('',(#3283),#3286);
#3283 = B_SPLINE_CURVE_WITH_KNOTS('',1,(#3284,#3285),.UNSPECIFIED.,.F.,
  .F.,(2,2),(-25.0000006,6.E-07),.PIECEWISE_BEZIER_KNOTS.);
#3284 = CARTESIAN_POINT('',(4.953341962892,-23.5000006));
#3285 = CARTESIAN_POINT('',(4.953341962892,1.5000006));
#3286 = ( GEOMETRIC_REPRESENTATION_CONTEXT(2) 
PARAMETRIC_REPRESENTATION_CONTEXT() REPRESENTATION_CONTEXT('2D SPACE',''
  ) );
#3287 = ORIENTED_EDGE('',*,*,#3288,.F.);
#3288 = EDGE_CURVE('',#3289,#3263,#3291,.T.);
#3289 = VERTEX_POINT('',#3290);
#3290 = CARTESIAN_POINT('',(2.883480256236,60.169923045251,1.5));
#3291 = SURFACE_CURVE('',#3292,(#3297,#3304),.PCURVE_S1.);
#3292 = CIRCLE('',#3293,67.);
#3293 = AXIS2_PLACEMENT_3D('',#3294,#3295,#3296);
#3294 = CARTESIAN_POINT('',(0.,-6.768,1.5));
#3295 = DIRECTION('',(0.,0.,-1.));
#3296 = DIRECTION('',(1.,0.,0.));
#3297 = PCURVE('',#2297,#3298);
#3298 = DEFINITIONAL_REPRESENTATION('',(#3299),#3303);
#3299 = LINE('',#3300,#3301);
#3300 = CARTESIAN_POINT('',(-6.28318530718,-1.5));
#3301 = VECTOR('',#3302,1.);
#3302 = DIRECTION('',(1.,-0.));
#3303 = ( GEOMETRIC_REPRESENTATION_CONTEXT(2) 
PARAMETRIC_REPRESENTATION_CONTEXT() REPRESENTATION_CONTEXT('2D SPACE',''
  ) );
#3304 = PCURVE('',#3305,#3310);
#3305 = PLANE('',#3306);
#3306 = AXIS2_PLACEMENT_3D('',#3307,#3308,#3309);
#3307 = CARTESIAN_POINT('',(34.532606389296,50.647146921017,1.5));
#3308 = DIRECTION('',(0.,0.,1.));
#3309 = DIRECTION('',(1.,0.,-0.));
#3310 = DEFINITIONAL_REPRESENTATION('',(#3311),#3319);
#3311 = ( BOUNDED_CURVE() B_SPLINE_CURVE(2,(#3312,#3313,#3314,#3315,
#3316,#3317,#3318),.UNSPECIFIED.,.T.,.F.) B_SPLINE_CURVE_WITH_KNOTS((1,2
    ,2,2,2,1),(-2.094395102393,0.,2.094395102393,4.188790204786,
6.28318530718,8.377580409573),.UNSPECIFIED.) CURVE() 
GEOMETRIC_REPRESENTATION_ITEM() RATIONAL_B_SPLINE_CURVE((1.,0.5,1.,0.5,
1.,0.5,1.)) REPRESENTATION_ITEM('') );
#3312 = CARTESIAN_POINT('',(32.467393610704,-57.41514692101));
#3313 = CARTESIAN_POINT('',(32.467393610704,-173.4625510281));
#3314 = CARTESIAN_POINT('',(-68.03260638929,-115.4388489745));
#3315 = CARTESIAN_POINT('',(-168.5326063892,-57.41514692101));
#3316 = CARTESIAN_POINT('',(-68.03260638929,0.608555132541));
#3317 = CARTESIAN_POINT('',(32.467393610704,58.632257186098));
#3318 = CARTESIAN_POINT('',(32.467393610704,-57.41514692101));
#3319 = ( GEOMETRIC_REPRESENTATION_CONTEXT(2) 
PARAMETRIC_REPRESENTATION_CONTEXT() REPRESENTATION_CONTEXT('2D SPACE',''
  ) );
#3320 = ORIENTED_EDGE('',*,*,#3321,.F.);
#3321 = EDGE_CURVE('',#3228,#3289,#3322,.T.);
#3322 = SURFACE_CURVE('',#3323,(#3327,#3333),.PCURVE_S1.);
#3323 = LINE('',#3324,#3325);
#3324 = CARTESIAN_POINT('',(2.883480256236,60.169923045251,0.));
#3325 = VECTOR('',#3326,1.);
#3326 = DIRECTION('',(-0.,-0.,-1.));
#3327 = PCURVE('',#2297,#3328);
#3328 = DEFINITIONAL_REPRESENTATION('',(#3329),#3332);
#3329 = B_SPLINE_CURVE_WITH_KNOTS('',1,(#3330,#3331),.UNSPECIFIED.,.F.,
  .F.,(2,2),(-25.0000006,6.E-07),.PIECEWISE_BEZIER_KNOTS.);
#3330 = CARTESIAN_POINT('',(-1.52774601154,-25.0000006));
#3331 = CARTESIAN_POINT('',(-1.52774601154,6.E-07));
#3332 = ( GEOMETRIC_REPRESENTATION_CONTEXT(2) 
PARAMETRIC_REPRESENTATION_CONTEXT() REPRESENTATION_CONTEXT('2D SPACE',''
  ) );
#3333 = PCURVE('',#3334,#3339);
#3334 = PLANE('',#3335);
#3335 = AXIS2_PLACEMENT_3D('',#3336,#3337,#3338);
#3336 = CARTESIAN_POINT('',(3.288655786126,65.20028984435,1.5));
#3337 = DIRECTION('',(0.996771875984,-8.028590939009E-02,0.));
#3338 = DIRECTION('',(-8.028590939009E-02,-0.996771875984,0.));
#3339 = DEFINITIONAL_REPRESENTATION('',(#3340),#3343);
#3340 = B_SPLINE_CURVE_WITH_KNOTS('',1,(#3341,#3342),.UNSPECIFIED.,.F.,
  .F.,(2,2),(-25.0000006,6.E-07),.PIECEWISE_BEZIER_KNOTS.);
#3341 = CARTESIAN_POINT('',(5.046658037108,-23.5000006));
#3342 = CARTESIAN_POINT('',(5.046658037108,1.5000006));
#3343 = ( GEOMETRIC_REPRESENTATION_CONTEXT(2) 
PARAMETRIC_REPRESENTATION_CONTEXT() REPRESENTATION_CONTEXT('2D SPACE',''
  ) );
#3344 = FACE_BOUND('',#3345,.F.);
#3345 = EDGE_LOOP('',(#3346,#3381,#3407,#3440));
#3346 = ORIENTED_EDGE('',*,*,#3347,.T.);
#3347 = EDGE_CURVE('',#3348,#3350,#3352,.T.);
#3348 = VERTEX_POINT('',#3349);
#3349 = CARTESIAN_POINT('',(-12.48952635395,59.057616073485,23.5));
#3350 = VERTEX_POINT('',#3351);
#3351 = CARTESIAN_POINT('',(-7.545809714647,59.805724214215,23.5));
#3352 = SURFACE_CURVE('',#3353,(#3358,#3365),.PCURVE_S1.);
#3353 = CIRCLE('',#3354,67.);
#3354 = AXIS2_PLACEMENT_3D('',#3355,#3356,#3357);
#3355 = CARTESIAN_POINT('',(0.,-6.768,23.5));
#3356 = DIRECTION('',(0.,0.,-1.));
#3357 = DIRECTION('',(1.,0.,0.));
#3358 = PCURVE('',#2297,#3359);
#3359 = DEFINITIONAL_REPRESENTATION('',(#3360),#3364);
#3360 = LINE('',#3361,#3362);
#3361 = CARTESIAN_POINT('',(-6.28318530718,-23.5));
#3362 = VECTOR('',#3363,1.);
#3363 = DIRECTION('',(1.,-0.));
#3364 = ( GEOMETRIC_REPRESENTATION_CONTEXT(2) 
PARAMETRIC_REPRESENTATION_CONTEXT() REPRESENTATION_CONTEXT('2D SPACE',''
  ) );
#3365 = PCURVE('',#3366,#3371);
#3366 = PLANE('',#3367);
#3367 = AXIS2_PLACEMENT_3D('',#3368,#3369,#3370);
#3368 = CARTESIAN_POINT('',(34.532606389296,50.647146921017,23.5));
#3369 = DIRECTION('',(0.,0.,1.));
#3370 = DIRECTION('',(1.,0.,-0.));
#3371 = DEFINITIONAL_REPRESENTATION('',(#3372),#3380);
#3372 = ( BOUNDED_CURVE() B_SPLINE_CURVE(2,(#3373,#3374,#3375,#3376,
#3377,#3378,#3379),.UNSPECIFIED.,.T.,.F.) B_SPLINE_CURVE_WITH_KNOTS((1,2
    ,2,2,2,1),(-2.094395102393,0.,2.094395102393,4.188790204786,
6.28318530718,8.377580409573),.UNSPECIFIED.) CURVE() 
GEOMETRIC_REPRESENTATION_ITEM() RATIONAL_B_SPLINE_CURVE((1.,0.5,1.,0.5,
1.,0.5,1.)) REPRESENTATION_ITEM('') );
#3373 = CARTESIAN_POINT('',(32.467393610704,-57.41514692101));
#3374 = CARTESIAN_POINT('',(32.467393610704,-173.4625510281));
#3375 = CARTESIAN_POINT('',(-68.03260638929,-115.4388489745));
#3376 = CARTESIAN_POINT('',(-168.5326063892,-57.41514692101));
#3377 = CARTESIAN_POINT('',(-68.03260638929,0.608555132541));
#3378 = CARTESIAN_POINT('',(32.467393610704,58.632257186098));
#3379 = CARTESIAN_POINT('',(32.467393610704,-57.41514692101));
#3380 = ( GEOMETRIC_REPRESENTATION_CONTEXT(2) 
PARAMETRIC_REPRESENTATION_CONTEXT() REPRESENTATION_CONTEXT('2D SPACE',''
  ) );
#3381 = ORIENTED_EDGE('',*,*,#3382,.T.);
#3382 = EDGE_CURVE('',#3350,#3383,#3385,.T.);
#3383 = VERTEX_POINT('',#3384);
#3384 = CARTESIAN_POINT('',(-7.545809714647,59.805724214215,1.5));
#3385 = SURFACE_CURVE('',#3386,(#3390,#3396),.PCURVE_S1.);
#3386 = LINE('',#3387,#3388);
#3387 = CARTESIAN_POINT('',(-7.545809714647,59.805724214215,0.));
#3388 = VECTOR('',#3389,1.);
#3389 = DIRECTION('',(-0.,-0.,-1.));
#3390 = PCURVE('',#2297,#3391);
#3391 = DEFINITIONAL_REPRESENTATION('',(#3392),#3395);
#3392 = B_SPLINE_CURVE_WITH_KNOTS('',1,(#3393,#3394),.UNSPECIFIED.,.F.,
  .F.,(2,2),(-25.0000006,6.E-07),.PIECEWISE_BEZIER_KNOTS.);
#3393 = CARTESIAN_POINT('',(-1.68365981213,-25.0000006));
#3394 = CARTESIAN_POINT('',(-1.68365981213,6.E-07));
#3395 = ( GEOMETRIC_REPRESENTATION_CONTEXT(2) 
PARAMETRIC_REPRESENTATION_CONTEXT() REPRESENTATION_CONTEXT('2D SPACE',''
  ) );
#3396 = PCURVE('',#3397,#3402);
#3397 = PLANE('',#3398);
#3398 = AXIS2_PLACEMENT_3D('',#3399,#3400,#3401);
#3399 = CARTESIAN_POINT('',(-6.804682625395,54.908140397788,1.5));
#3400 = DIRECTION('',(-0.988743327862,-0.149621628146,0.));
#3401 = DIRECTION('',(-0.149621628146,0.988743327862,0.));
#3402 = DEFINITIONAL_REPRESENTATION('',(#3403),#3406);
#3403 = B_SPLINE_CURVE_WITH_KNOTS('',1,(#3404,#3405),.UNSPECIFIED.,.F.,
  .F.,(2,2),(-25.0000006,6.E-07),.PIECEWISE_BEZIER_KNOTS.);
#3404 = CARTESIAN_POINT('',(4.953341962892,-23.5000006));
#3405 = CARTESIAN_POINT('',(4.953341962892,1.5000006));
#3406 = ( GEOMETRIC_REPRESENTATION_CONTEXT(2) 
PARAMETRIC_REPRESENTATION_CONTEXT() REPRESENTATION_CONTEXT('2D SPACE',''
  ) );
#3407 = ORIENTED_EDGE('',*,*,#3408,.F.);
#3408 = EDGE_CURVE('',#3409,#3383,#3411,.T.);
#3409 = VERTEX_POINT('',#3410);
#3410 = CARTESIAN_POINT('',(-12.48952635395,59.057616073485,1.5));
#3411 = SURFACE_CURVE('',#3412,(#3417,#3424),.PCURVE_S1.);
#3412 = CIRCLE('',#3413,67.);
#3413 = AXIS2_PLACEMENT_3D('',#3414,#3415,#3416);
#3414 = CARTESIAN_POINT('',(0.,-6.768,1.5));
#3415 = DIRECTION('',(0.,0.,-1.));
#3416 = DIRECTION('',(1.,0.,0.));
#3417 = PCURVE('',#2297,#3418);
#3418 = DEFINITIONAL_REPRESENTATION('',(#3419),#3423);
#3419 = LINE('',#3420,#3421);
#3420 = CARTESIAN_POINT('',(-6.28318530718,-1.5));
#3421 = VECTOR('',#3422,1.);
#3422 = DIRECTION('',(1.,-0.));
#3423 = ( GEOMETRIC_REPRESENTATION_CONTEXT(2) 
PARAMETRIC_REPRESENTATION_CONTEXT() REPRESENTATION_CONTEXT('2D SPACE',''
  ) );
#3424 = PCURVE('',#3425,#3430);
#3425 = PLANE('',#3426);
#3426 = AXIS2_PLACEMENT_3D('',#3427,#3428,#3429);
#3427 = CARTESIAN_POINT('',(34.532606389296,50.647146921017,1.5));
#3428 = DIRECTION('',(0.,0.,1.));
#3429 = DIRECTION('',(1.,0.,-0.));
#3430 = DEFINITIONAL_REPRESENTATION('',(#3431),#3439);
#3431 = ( BOUNDED_CURVE() B_SPLINE_CURVE(2,(#3432,#3433,#3434,#3435,
#3436,#3437,#3438),.UNSPECIFIED.,.T.,.F.) B_SPLINE_CURVE_WITH_KNOTS((1,2
    ,2,2,2,1),(-2.094395102393,0.,2.094395102393,4.188790204786,
6.28318530718,8.377580409573),.UNSPECIFIED.) CURVE() 
GEOMETRIC_REPRESENTATION_ITEM() RATIONAL_B_SPLINE_CURVE((1.,0.5,1.,0.5,
1.,0.5,1.)) REPRESENTATION_ITEM('') );
#3432 = CARTESIAN_POINT('',(32.467393610704,-57.41514692101));
#3433 = CARTESIAN_POINT('',(32.467393610704,-173.4625510281));
#3434 = CARTESIAN_POINT('',(-68.03260638929,-115.4388489745));
#3435 = CARTESIAN_POINT('',(-168.5326063892,-57.41514692101));
#3436 = CARTESIAN_POINT('',(-68.03260638929,0.608555132541));
#3437 = CARTESIAN_POINT('',(32.467393610704,58.632257186098));
#3438 = CARTESIAN_POINT('',(32.467393610704,-57.41514692101));
#3439 = ( GEOMETRIC_REPRESENTATION_CONTEXT(2) 
PARAMETRIC_REPRESENTATION_CONTEXT() REPRESENTATION_CONTEXT('2D SPACE',''
  ) );
#3440 = ORIENTED_EDGE('',*,*,#3441,.F.);
#3441 = EDGE_CURVE('',#3348,#3409,#3442,.T.);
#3442 = SURFACE_CURVE('',#3443,(#3447,#3453),.PCURVE_S1.);
#3443 = LINE('',#3444,#3445);
#3444 = CARTESIAN_POINT('',(-12.48952635395,59.057616073485,0.));
#3445 = VECTOR('',#3446,1.);
#3446 = DIRECTION('',(-0.,-0.,-1.));
#3447 = PCURVE('',#2297,#3448);
#3448 = DEFINITIONAL_REPRESENTATION('',(#3449),#3452);
#3449 = B_SPLINE_CURVE_WITH_KNOTS('',1,(#3450,#3451),.UNSPECIFIED.,.F.,
  .F.,(2,2),(-25.0000006,6.E-07),.PIECEWISE_BEZIER_KNOTS.);
#3450 = CARTESIAN_POINT('',(-1.758304005728,-25.0000006));
#3451 = CARTESIAN_POINT('',(-1.758304005728,6.E-07));
#3452 = ( GEOMETRIC_REPRESENTATION_CONTEXT(2) 
PARAMETRIC_REPRESENTATION_CONTEXT() REPRESENTATION_CONTEXT('2D SPACE',''
  ) );
#3453 = PCURVE('',#3454,#3459);
#3454 = PLANE('',#3455);
#3455 = AXIS2_PLACEMENT_3D('',#3456,#3457,#3458);
#3456 = CARTESIAN_POINT('',(-13.24461554616,64.047465535675,1.5));
#3457 = DIRECTION('',(0.988743327862,0.149621628146,-0.));
#3458 = DIRECTION('',(0.149621628146,-0.988743327862,0.));
#3459 = DEFINITIONAL_REPRESENTATION('',(#3460),#3463);
#3460 = B_SPLINE_CURVE_WITH_KNOTS('',1,(#3461,#3462),.UNSPECIFIED.,.F.,
  .F.,(2,2),(-25.0000006,6.E-07),.PIECEWISE_BEZIER_KNOTS.);
#3461 = CARTESIAN_POINT('',(5.046658037108,-23.5000006));
#3462 = CARTESIAN_POINT('',(5.046658037108,1.5000006));
#3463 = ( GEOMETRIC_REPRESENTATION_CONTEXT(2) 
PARAMETRIC_REPRESENTATION_CONTEXT() REPRESENTATION_CONTEXT('2D SPACE',''
  ) );
#3464 = FACE_BOUND('',#3465,.F.);
#3465 = EDGE_LOOP('',(#3466,#3501,#3527,#3560));
#3466 = ORIENTED_EDGE('',*,*,#3467,.T.);
#3467 = EDGE_CURVE('',#3468,#3470,#3472,.T.);
#3468 = VERTEX_POINT('',#3469);
#3469 = CARTESIAN_POINT('',(-27.20156308223,54.461690231809,23.5));
#3470 = VERTEX_POINT('',#3471);
#3471 = CARTESIAN_POINT('',(-22.55962022627,56.319744731018,23.5));
#3472 = SURFACE_CURVE('',#3473,(#3478,#3485),.PCURVE_S1.);
#3473 = CIRCLE('',#3474,67.);
#3474 = AXIS2_PLACEMENT_3D('',#3475,#3476,#3477);
#3475 = CARTESIAN_POINT('',(0.,-6.768,23.5));
#3476 = DIRECTION('',(0.,0.,-1.));
#3477 = DIRECTION('',(1.,0.,0.));
#3478 = PCURVE('',#2297,#3479);
#3479 = DEFINITIONAL_REPRESENTATION('',(#3480),#3484);
#3480 = LINE('',#3481,#3482);
#3481 = CARTESIAN_POINT('',(-6.28318530718,-23.5));
#3482 = VECTOR('',#3483,1.);
#3483 = DIRECTION('',(1.,-0.));
#3484 = ( GEOMETRIC_REPRESENTATION_CONTEXT(2) 
PARAMETRIC_REPRESENTATION_CONTEXT() REPRESENTATION_CONTEXT('2D SPACE',''
  ) );
#3485 = PCURVE('',#3486,#3491);
#3486 = PLANE('',#3487);
#3487 = AXIS2_PLACEMENT_3D('',#3488,#3489,#3490);
#3488 = CARTESIAN_POINT('',(34.532606389296,50.647146921017,23.5));
#3489 = DIRECTION('',(0.,0.,1.));
#3490 = DIRECTION('',(1.,0.,-0.));
#3491 = DEFINITIONAL_REPRESENTATION('',(#3492),#3500);
#3492 = ( BOUNDED_CURVE() B_SPLINE_CURVE(2,(#3493,#3494,#3495,#3496,
#3497,#3498,#3499),.UNSPECIFIED.,.T.,.F.) B_SPLINE_CURVE_WITH_KNOTS((1,2
    ,2,2,2,1),(-2.094395102393,0.,2.094395102393,4.188790204786,
6.28318530718,8.377580409573),.UNSPECIFIED.) CURVE() 
GEOMETRIC_REPRESENTATION_ITEM() RATIONAL_B_SPLINE_CURVE((1.,0.5,1.,0.5,
1.,0.5,1.)) REPRESENTATION_ITEM('') );
#3493 = CARTESIAN_POINT('',(32.467393610704,-57.41514692101));
#3494 = CARTESIAN_POINT('',(32.467393610704,-173.4625510281));
#3495 = CARTESIAN_POINT('',(-68.03260638929,-115.4388489745));
#3496 = CARTESIAN_POINT('',(-168.5326063892,-57.41514692101));
#3497 = CARTESIAN_POINT('',(-68.03260638929,0.608555132541));
#3498 = CARTESIAN_POINT('',(32.467393610704,58.632257186098));
#3499 = CARTESIAN_POINT('',(32.467393610704,-57.41514692101));
#3500 = ( GEOMETRIC_REPRESENTATION_CONTEXT(2) 
PARAMETRIC_REPRESENTATION_CONTEXT() REPRESENTATION_CONTEXT('2D SPACE',''
  ) );
#3501 = ORIENTED_EDGE('',*,*,#3502,.T.);
#3502 = EDGE_CURVE('',#3470,#3503,#3505,.T.);
#3503 = VERTEX_POINT('',#3504);
#3504 = CARTESIAN_POINT('',(-22.55962022627,56.319744731018,1.5));
#3505 = SURFACE_CURVE('',#3506,(#3510,#3516),.PCURVE_S1.);
#3506 = LINE('',#3507,#3508);
#3507 = CARTESIAN_POINT('',(-22.55962022627,56.319744731018,0.));
#3508 = VECTOR('',#3509,1.);
#3509 = DIRECTION('',(-0.,-0.,-1.));
#3510 = PCURVE('',#2297,#3511);
#3511 = DEFINITIONAL_REPRESENTATION('',(#3512),#3515);
#3512 = B_SPLINE_CURVE_WITH_KNOTS('',1,(#3513,#3514),.UNSPECIFIED.,.F.,
  .F.,(2,2),(-25.0000006,6.E-07),.PIECEWISE_BEZIER_KNOTS.);
#3513 = CARTESIAN_POINT('',(-1.914217806318,-25.0000006));
#3514 = CARTESIAN_POINT('',(-1.914217806318,6.E-07));
#3515 = ( GEOMETRIC_REPRESENTATION_CONTEXT(2) 
PARAMETRIC_REPRESENTATION_CONTEXT() REPRESENTATION_CONTEXT('2D SPACE',''
  ) );
#3516 = PCURVE('',#3517,#3522);
#3517 = PLANE('',#3518);
#3518 = AXIS2_PLACEMENT_3D('',#3519,#3520,#3521);
#3519 = CARTESIAN_POINT('',(-20.71890436222,51.721118663467,1.5));
#3520 = DIRECTION('',(-0.928388571191,-0.371610899842,0.));
#3521 = DIRECTION('',(-0.371610899842,0.928388571191,0.));
#3522 = DEFINITIONAL_REPRESENTATION('',(#3523),#3526);
#3523 = B_SPLINE_CURVE_WITH_KNOTS('',1,(#3524,#3525),.UNSPECIFIED.,.F.,
  .F.,(2,2),(-25.0000006,6.E-07),.PIECEWISE_BEZIER_KNOTS.);
#3524 = CARTESIAN_POINT('',(4.953341962892,-23.5000006));
#3525 = CARTESIAN_POINT('',(4.953341962892,1.5000006));
#3526 = ( GEOMETRIC_REPRESENTATION_CONTEXT(2) 
PARAMETRIC_REPRESENTATION_CONTEXT() REPRESENTATION_CONTEXT('2D SPACE',''
  ) );
#3527 = ORIENTED_EDGE('',*,*,#3528,.F.);
#3528 = EDGE_CURVE('',#3529,#3503,#3531,.T.);
#3529 = VERTEX_POINT('',#3530);
#3530 = CARTESIAN_POINT('',(-27.20156308223,54.461690231809,1.5));
#3531 = SURFACE_CURVE('',#3532,(#3537,#3544),.PCURVE_S1.);
#3532 = CIRCLE('',#3533,67.);
#3533 = AXIS2_PLACEMENT_3D('',#3534,#3535,#3536);
#3534 = CARTESIAN_POINT('',(0.,-6.768,1.5));
#3535 = DIRECTION('',(0.,0.,-1.));
#3536 = DIRECTION('',(1.,0.,0.));
#3537 = PCURVE('',#2297,#3538);
#3538 = DEFINITIONAL_REPRESENTATION('',(#3539),#3543);
#3539 = LINE('',#3540,#3541);
#3540 = CARTESIAN_POINT('',(-6.28318530718,-1.5));
#3541 = VECTOR('',#3542,1.);
#3542 = DIRECTION('',(1.,-0.));
#3543 = ( GEOMETRIC_REPRESENTATION_CONTEXT(2) 
PARAMETRIC_REPRESENTATION_CONTEXT() REPRESENTATION_CONTEXT('2D SPACE',''
  ) );
#3544 = PCURVE('',#3545,#3550);
#3545 = PLANE('',#3546);
#3546 = AXIS2_PLACEMENT_3D('',#3547,#3548,#3549);
#3547 = CARTESIAN_POINT('',(34.532606389296,50.647146921017,1.5));
#3548 = DIRECTION('',(0.,0.,1.));
#3549 = DIRECTION('',(1.,0.,-0.));
#3550 = DEFINITIONAL_REPRESENTATION('',(#3551),#3559);
#3551 = ( BOUNDED_CURVE() B_SPLINE_CURVE(2,(#3552,#3553,#3554,#3555,
#3556,#3557,#3558),.UNSPECIFIED.,.T.,.F.) B_SPLINE_CURVE_WITH_KNOTS((1,2
    ,2,2,2,1),(-2.094395102393,0.,2.094395102393,4.188790204786,
6.28318530718,8.377580409573),.UNSPECIFIED.) CURVE() 
GEOMETRIC_REPRESENTATION_ITEM() RATIONAL_B_SPLINE_CURVE((1.,0.5,1.,0.5,
1.,0.5,1.)) REPRESENTATION_ITEM('') );
#3552 = CARTESIAN_POINT('',(32.467393610704,-57.41514692101));
#3553 = CARTESIAN_POINT('',(32.467393610704,-173.4625510281));
#3554 = CARTESIAN_POINT('',(-68.03260638929,-115.4388489745));
#3555 = CARTESIAN_POINT('',(-168.5326063892,-57.41514692101));
#3556 = CARTESIAN_POINT('',(-68.03260638929,0.608555132541));
#3557 = CARTESIAN_POINT('',(32.467393610704,58.632257186098));
#3558 = CARTESIAN_POINT('',(32.467393610704,-57.41514692101));
#3559 = ( GEOMETRIC_REPRESENTATION_CONTEXT(2) 
PARAMETRIC_REPRESENTATION_CONTEXT() REPRESENTATION_CONTEXT('2D SPACE',''
  ) );
#3560 = ORIENTED_EDGE('',*,*,#3561,.F.);
#3561 = EDGE_CURVE('',#3468,#3529,#3562,.T.);
#3562 = SURFACE_CURVE('',#3563,(#3567,#3573),.PCURVE_S1.);
#3563 = LINE('',#3564,#3565);
#3564 = CARTESIAN_POINT('',(-27.20156308223,54.461690231809,0.));
#3565 = VECTOR('',#3566,1.);
#3566 = DIRECTION('',(-0.,-0.,-1.));
#3567 = PCURVE('',#2297,#3568);
#3568 = DEFINITIONAL_REPRESENTATION('',(#3569),#3572);
#3569 = B_SPLINE_CURVE_WITH_KNOTS('',1,(#3570,#3571),.UNSPECIFIED.,.F.,
  .F.,(2,2),(-25.0000006,6.E-07),.PIECEWISE_BEZIER_KNOTS.);
#3570 = CARTESIAN_POINT('',(-1.988861999917,-25.0000006));
#3571 = CARTESIAN_POINT('',(-1.988861999917,6.E-07));
#3572 = ( GEOMETRIC_REPRESENTATION_CONTEXT(2) 
PARAMETRIC_REPRESENTATION_CONTEXT() REPRESENTATION_CONTEXT('2D SPACE',''
  ) );
#3573 = PCURVE('',#3574,#3579);
#3574 = PLANE('',#3575);
#3575 = AXIS2_PLACEMENT_3D('',#3576,#3577,#3578);
#3576 = CARTESIAN_POINT('',(-29.07695621659,59.14694987617,1.5));
#3577 = DIRECTION('',(0.928388571191,0.371610899842,-0.));
#3578 = DIRECTION('',(0.371610899842,-0.928388571191,0.));
#3579 = DEFINITIONAL_REPRESENTATION('',(#3580),#3583);
#3580 = B_SPLINE_CURVE_WITH_KNOTS('',1,(#3581,#3582),.UNSPECIFIED.,.F.,
  .F.,(2,2),(-25.0000006,6.E-07),.PIECEWISE_BEZIER_KNOTS.);
#3581 = CARTESIAN_POINT('',(5.046658037108,-23.5000006));
#3582 = CARTESIAN_POINT('',(5.046658037108,1.5000006));
#3583 = ( GEOMETRIC_REPRESENTATION_CONTEXT(2) 
PARAMETRIC_REPRESENTATION_CONTEXT() REPRESENTATION_CONTEXT('2D SPACE',''
  ) );
#3584 = FACE_BOUND('',#3585,.F.);
#3585 = EDGE_LOOP('',(#3586,#3621,#3647,#3680));
#3586 = ORIENTED_EDGE('',*,*,#3587,.T.);
#3587 = EDGE_CURVE('',#3588,#3590,#3592,.T.);
#3588 = VERTEX_POINT('',#3589);
#3589 = CARTESIAN_POINT('',(-40.47404050067,46.62537080153,23.5));
#3590 = VERTEX_POINT('',#3591);
#3591 = CARTESIAN_POINT('',(-36.37953201874,49.495039822757,23.5));
#3592 = SURFACE_CURVE('',#3593,(#3598,#3605),.PCURVE_S1.);
#3593 = CIRCLE('',#3594,67.);
#3594 = AXIS2_PLACEMENT_3D('',#3595,#3596,#3597);
#3595 = CARTESIAN_POINT('',(0.,-6.768,23.5));
#3596 = DIRECTION('',(0.,0.,-1.));
#3597 = DIRECTION('',(1.,0.,0.));
#3598 = PCURVE('',#2297,#3599);
#3599 = DEFINITIONAL_REPRESENTATION('',(#3600),#3604);
#3600 = LINE('',#3601,#3602);
#3601 = CARTESIAN_POINT('',(-6.28318530718,-23.5));
#3602 = VECTOR('',#3603,1.);
#3603 = DIRECTION('',(1.,-0.));
#3604 = ( GEOMETRIC_REPRESENTATION_CONTEXT(2) 
PARAMETRIC_REPRESENTATION_CONTEXT() REPRESENTATION_CONTEXT('2D SPACE',''
  ) );
#3605 = PCURVE('',#3606,#3611);
#3606 = PLANE('',#3607);
#3607 = AXIS2_PLACEMENT_3D('',#3608,#3609,#3610);
#3608 = CARTESIAN_POINT('',(34.532606389296,50.647146921017,23.5));
#3609 = DIRECTION('',(0.,0.,1.));
#3610 = DIRECTION('',(1.,0.,-0.));
#3611 = DEFINITIONAL_REPRESENTATION('',(#3612),#3620);
#3612 = ( BOUNDED_CURVE() B_SPLINE_CURVE(2,(#3613,#3614,#3615,#3616,
#3617,#3618,#3619),.UNSPECIFIED.,.T.,.F.) B_SPLINE_CURVE_WITH_KNOTS((1,2
    ,2,2,2,1),(-2.094395102393,0.,2.094395102393,4.188790204786,
6.28318530718,8.377580409573),.UNSPECIFIED.) CURVE() 
GEOMETRIC_REPRESENTATION_ITEM() RATIONAL_B_SPLINE_CURVE((1.,0.5,1.,0.5,
1.,0.5,1.)) REPRESENTATION_ITEM('') );
#3613 = CARTESIAN_POINT('',(32.467393610704,-57.41514692101));
#3614 = CARTESIAN_POINT('',(32.467393610704,-173.4625510281));
#3615 = CARTESIAN_POINT('',(-68.03260638929,-115.4388489745));
#3616 = CARTESIAN_POINT('',(-168.5326063892,-57.41514692101));
#3617 = CARTESIAN_POINT('',(-68.03260638929,0.608555132541));
#3618 = CARTESIAN_POINT('',(32.467393610704,58.632257186098));
#3619 = CARTESIAN_POINT('',(32.467393610704,-57.41514692101));
#3620 = ( GEOMETRIC_REPRESENTATION_CONTEXT(2) 
PARAMETRIC_REPRESENTATION_CONTEXT() REPRESENTATION_CONTEXT('2D SPACE',''
  ) );
#3621 = ORIENTED_EDGE('',*,*,#3622,.T.);
#3622 = EDGE_CURVE('',#3590,#3623,#3625,.T.);
#3623 = VERTEX_POINT('',#3624);
#3624 = CARTESIAN_POINT('',(-36.37953201874,49.495039822757,1.5));
#3625 = SURFACE_CURVE('',#3626,(#3630,#3636),.PCURVE_S1.);
#3626 = LINE('',#3627,#3628);
#3627 = CARTESIAN_POINT('',(-36.37953201874,49.495039822757,0.));
#3628 = VECTOR('',#3629,1.);
#3629 = DIRECTION('',(-0.,-0.,-1.));
#3630 = PCURVE('',#2297,#3631);
#3631 = DEFINITIONAL_REPRESENTATION('',(#3632),#3635);
#3632 = B_SPLINE_CURVE_WITH_KNOTS('',1,(#3633,#3634),.UNSPECIFIED.,.F.,
  .F.,(2,2),(-25.0000006,6.E-07),.PIECEWISE_BEZIER_KNOTS.);
#3633 = CARTESIAN_POINT('',(-2.144775800507,-25.0000006));
#3634 = CARTESIAN_POINT('',(-2.144775800507,6.E-07));
#3635 = ( GEOMETRIC_REPRESENTATION_CONTEXT(2) 
PARAMETRIC_REPRESENTATION_CONTEXT() REPRESENTATION_CONTEXT('2D SPACE',''
  ) );
#3636 = PCURVE('',#3637,#3642);
#3637 = PLANE('',#3638);
#3638 = AXIS2_PLACEMENT_3D('',#3639,#3640,#3641);
#3639 = CARTESIAN_POINT('',(-33.53664162225,45.438739686563,1.5));
#3640 = DIRECTION('',(-0.818901696386,-0.573933804245,0.));
#3641 = DIRECTION('',(-0.573933804245,0.818901696386,0.));
#3642 = DEFINITIONAL_REPRESENTATION('',(#3643),#3646);
#3643 = B_SPLINE_CURVE_WITH_KNOTS('',1,(#3644,#3645),.UNSPECIFIED.,.F.,
  .F.,(2,2),(-25.0000006,6.E-07),.PIECEWISE_BEZIER_KNOTS.);
#3644 = CARTESIAN_POINT('',(4.953341962892,-23.5000006));
#3645 = CARTESIAN_POINT('',(4.953341962892,1.5000006));
#3646 = ( GEOMETRIC_REPRESENTATION_CONTEXT(2) 
PARAMETRIC_REPRESENTATION_CONTEXT() REPRESENTATION_CONTEXT('2D SPACE',''
  ) );
#3647 = ORIENTED_EDGE('',*,*,#3648,.F.);
#3648 = EDGE_CURVE('',#3649,#3623,#3651,.T.);
#3649 = VERTEX_POINT('',#3650);
#3650 = CARTESIAN_POINT('',(-40.47404050067,46.62537080153,1.5));
#3651 = SURFACE_CURVE('',#3652,(#3657,#3664),.PCURVE_S1.);
#3652 = CIRCLE('',#3653,67.);
#3653 = AXIS2_PLACEMENT_3D('',#3654,#3655,#3656);
#3654 = CARTESIAN_POINT('',(0.,-6.768,1.5));
#3655 = DIRECTION('',(0.,0.,-1.));
#3656 = DIRECTION('',(1.,0.,0.));
#3657 = PCURVE('',#2297,#3658);
#3658 = DEFINITIONAL_REPRESENTATION('',(#3659),#3663);
#3659 = LINE('',#3660,#3661);
#3660 = CARTESIAN_POINT('',(-6.28318530718,-1.5));
#3661 = VECTOR('',#3662,1.);
#3662 = DIRECTION('',(1.,-0.));
#3663 = ( GEOMETRIC_REPRESENTATION_CONTEXT(2) 
PARAMETRIC_REPRESENTATION_CONTEXT() REPRESENTATION_CONTEXT('2D SPACE',''
  ) );
#3664 = PCURVE('',#3665,#3670);
#3665 = PLANE('',#3666);
#3666 = AXIS2_PLACEMENT_3D('',#3667,#3668,#3669);
#3667 = CARTESIAN_POINT('',(34.532606389296,50.647146921017,1.5));
#3668 = DIRECTION('',(0.,0.,1.));
#3669 = DIRECTION('',(1.,0.,-0.));
#3670 = DEFINITIONAL_REPRESENTATION('',(#3671),#3679);
#3671 = ( BOUNDED_CURVE() B_SPLINE_CURVE(2,(#3672,#3673,#3674,#3675,
#3676,#3677,#3678),.UNSPECIFIED.,.T.,.F.) B_SPLINE_CURVE_WITH_KNOTS((1,2
    ,2,2,2,1),(-2.094395102393,0.,2.094395102393,4.188790204786,
6.28318530718,8.377580409573),.UNSPECIFIED.) CURVE() 
GEOMETRIC_REPRESENTATION_ITEM() RATIONAL_B_SPLINE_CURVE((1.,0.5,1.,0.5,
1.,0.5,1.)) REPRESENTATION_ITEM('') );
#3672 = CARTESIAN_POINT('',(32.467393610704,-57.41514692101));
#3673 = CARTESIAN_POINT('',(32.467393610704,-173.4625510281));
#3674 = CARTESIAN_POINT('',(-68.03260638929,-115.4388489745));
#3675 = CARTESIAN_POINT('',(-168.5326063892,-57.41514692101));
#3676 = CARTESIAN_POINT('',(-68.03260638929,0.608555132541));
#3677 = CARTESIAN_POINT('',(32.467393610704,58.632257186098));
#3678 = CARTESIAN_POINT('',(32.467393610704,-57.41514692101));
#3679 = ( GEOMETRIC_REPRESENTATION_CONTEXT(2) 
PARAMETRIC_REPRESENTATION_CONTEXT() REPRESENTATION_CONTEXT('2D SPACE',''
  ) );
#3680 = ORIENTED_EDGE('',*,*,#3681,.F.);
#3681 = EDGE_CURVE('',#3588,#3649,#3682,.T.);
#3682 = SURFACE_CURVE('',#3683,(#3687,#3693),.PCURVE_S1.);
#3683 = LINE('',#3684,#3685);
#3684 = CARTESIAN_POINT('',(-40.47404050067,46.62537080153,0.));
#3685 = VECTOR('',#3686,1.);
#3686 = DIRECTION('',(-0.,-0.,-1.));
#3687 = PCURVE('',#2297,#3688);
#3688 = DEFINITIONAL_REPRESENTATION('',(#3689),#3692);
#3689 = B_SPLINE_CURVE_WITH_KNOTS('',1,(#3690,#3691),.UNSPECIFIED.,.F.,
  .F.,(2,2),(-25.0000006,6.E-07),.PIECEWISE_BEZIER_KNOTS.);
#3690 = CARTESIAN_POINT('',(-2.219419994105,-25.0000006));
#3691 = CARTESIAN_POINT('',(-2.219419994105,6.E-07));
#3692 = ( GEOMETRIC_REPRESENTATION_CONTEXT(2) 
PARAMETRIC_REPRESENTATION_CONTEXT() REPRESENTATION_CONTEXT('2D SPACE',''
  ) );
#3693 = PCURVE('',#3694,#3699);
#3694 = PLANE('',#3695);
#3695 = AXIS2_PLACEMENT_3D('',#3696,#3697,#3698);
#3696 = CARTESIAN_POINT('',(-43.37048814663,50.758087629199,1.5));
#3697 = DIRECTION('',(0.818901696386,0.573933804245,-0.));
#3698 = DIRECTION('',(0.573933804245,-0.818901696386,0.));
#3699 = DEFINITIONAL_REPRESENTATION('',(#3700),#3703);
#3700 = B_SPLINE_CURVE_WITH_KNOTS('',1,(#3701,#3702),.UNSPECIFIED.,.F.,
  .F.,(2,2),(-25.0000006,6.E-07),.PIECEWISE_BEZIER_KNOTS.);
#3701 = CARTESIAN_POINT('',(5.046658037108,-23.5000006));
#3702 = CARTESIAN_POINT('',(5.046658037108,1.5000006));
#3703 = ( GEOMETRIC_REPRESENTATION_CONTEXT(2) 
PARAMETRIC_REPRESENTATION_CONTEXT() REPRESENTATION_CONTEXT('2D SPACE',''
  ) );
#3704 = ADVANCED_FACE('',(#3705,#3781,#3812,#3843,#3874,#3905,#3936),
  #2309,.F.);
#3705 = FACE_BOUND('',#3706,.F.);
#3706 = EDGE_LOOP('',(#3707,#3730,#3731,#3754));
#3707 = ORIENTED_EDGE('',*,*,#3708,.T.);
#3708 = EDGE_CURVE('',#3709,#2286,#3711,.T.);
#3709 = VERTEX_POINT('',#3710);
#3710 = CARTESIAN_POINT('',(45.299746087457,32.575779742317,0.));
#3711 = SURFACE_CURVE('',#3712,(#3716,#3723),.PCURVE_S1.);
#3712 = LINE('',#3713,#3714);
#3713 = CARTESIAN_POINT('',(0.,-6.768,0.));
#3714 = VECTOR('',#3715,1.);
#3715 = DIRECTION('',(0.754995768124,0.655729662372,0.));
#3716 = PCURVE('',#2309,#3717);
#3717 = DEFINITIONAL_REPRESENTATION('',(#3718),#3722);
#3718 = LINE('',#3719,#3720);
#3719 = CARTESIAN_POINT('',(3.918634409665E-15,-4.440892098501E-15));
#3720 = VECTOR('',#3721,1.);
#3721 = DIRECTION('',(0.754995768124,0.655729662372));
#3722 = ( GEOMETRIC_REPRESENTATION_CONTEXT(2) 
PARAMETRIC_REPRESENTATION_CONTEXT() REPRESENTATION_CONTEXT('2D SPACE',''
  ) );
#3723 = PCURVE('',#2336,#3724);
#3724 = DEFINITIONAL_REPRESENTATION('',(#3725),#3729);
#3725 = LINE('',#3726,#3727);
#3726 = CARTESIAN_POINT('',(0.,0.));
#3727 = VECTOR('',#3728,1.);
#3728 = DIRECTION('',(1.,0.));
#3729 = ( GEOMETRIC_REPRESENTATION_CONTEXT(2) 
PARAMETRIC_REPRESENTATION_CONTEXT() REPRESENTATION_CONTEXT('2D SPACE',''
  ) );
#3730 = ORIENTED_EDGE('',*,*,#2285,.T.);
#3731 = ORIENTED_EDGE('',*,*,#3732,.T.);
#3732 = EDGE_CURVE('',#2288,#3733,#3735,.T.);
#3733 = VERTEX_POINT('',#3734);
#3734 = CARTESIAN_POINT('',(-45.29974608745,32.575779742317,0.));
#3735 = SURFACE_CURVE('',#3736,(#3740,#3747),.PCURVE_S1.);
#3736 = LINE('',#3737,#3738);
#3737 = CARTESIAN_POINT('',(-377.4978840621,321.09683118599,0.));
#3738 = VECTOR('',#3739,1.);
#3739 = DIRECTION('',(0.754995768124,-0.655729662372,0.));
#3740 = PCURVE('',#2309,#3741);
#3741 = DEFINITIONAL_REPRESENTATION('',(#3742),#3746);
#3742 = LINE('',#3743,#3744);
#3743 = CARTESIAN_POINT('',(-377.4978840621,327.86483118599));
#3744 = VECTOR('',#3745,1.);
#3745 = DIRECTION('',(0.754995768124,-0.655729662372));
#3746 = ( GEOMETRIC_REPRESENTATION_CONTEXT(2) 
PARAMETRIC_REPRESENTATION_CONTEXT() REPRESENTATION_CONTEXT('2D SPACE',''
  ) );
#3747 = PCURVE('',#2389,#3748);
#3748 = DEFINITIONAL_REPRESENTATION('',(#3749),#3753);
#3749 = LINE('',#3750,#3751);
#3750 = CARTESIAN_POINT('',(0.,0.));
#3751 = VECTOR('',#3752,1.);
#3752 = DIRECTION('',(1.,0.));
#3753 = ( GEOMETRIC_REPRESENTATION_CONTEXT(2) 
PARAMETRIC_REPRESENTATION_CONTEXT() REPRESENTATION_CONTEXT('2D SPACE',''
  ) );
#3754 = ORIENTED_EDGE('',*,*,#3755,.F.);
#3755 = EDGE_CURVE('',#3709,#3733,#3756,.T.);
#3756 = SURFACE_CURVE('',#3757,(#3762,#3769),.PCURVE_S1.);
#3757 = CIRCLE('',#3758,60.);
#3758 = AXIS2_PLACEMENT_3D('',#3759,#3760,#3761);
#3759 = CARTESIAN_POINT('',(3.186420625758E-13,-6.768,0.));
#3760 = DIRECTION('',(0.,0.,1.));
#3761 = DIRECTION('',(1.,0.,0.));
#3762 = PCURVE('',#2309,#3763);
#3763 = DEFINITIONAL_REPRESENTATION('',(#3764),#3768);
#3764 = CIRCLE('',#3765,60.);
#3765 = AXIS2_PLACEMENT_2D('',#3766,#3767);
#3766 = CARTESIAN_POINT('',(3.225606969855E-13,-5.329070518201E-15));
#3767 = DIRECTION('',(1.,0.));
#3768 = ( GEOMETRIC_REPRESENTATION_CONTEXT(2) 
PARAMETRIC_REPRESENTATION_CONTEXT() REPRESENTATION_CONTEXT('2D SPACE',''
  ) );
#3769 = PCURVE('',#3770,#3775);
#3770 = CYLINDRICAL_SURFACE('',#3771,60.);
#3771 = AXIS2_PLACEMENT_3D('',#3772,#3773,#3774);
#3772 = CARTESIAN_POINT('',(3.186420625758E-13,-6.768,0.));
#3773 = DIRECTION('',(-0.,-0.,-1.));
#3774 = DIRECTION('',(1.,0.,0.));
#3775 = DEFINITIONAL_REPRESENTATION('',(#3776),#3780);
#3776 = LINE('',#3777,#3778);
#3777 = CARTESIAN_POINT('',(-0.,0.));
#3778 = VECTOR('',#3779,1.);
#3779 = DIRECTION('',(-1.,0.));
#3780 = ( GEOMETRIC_REPRESENTATION_CONTEXT(2) 
PARAMETRIC_REPRESENTATION_CONTEXT() REPRESENTATION_CONTEXT('2D SPACE',''
  ) );
#3781 = FACE_BOUND('',#3782,.F.);
#3782 = EDGE_LOOP('',(#3783));
#3783 = ORIENTED_EDGE('',*,*,#3784,.F.);
#3784 = EDGE_CURVE('',#3785,#3785,#3787,.T.);
#3785 = VERTEX_POINT('',#3786);
#3786 = CARTESIAN_POINT('',(-35.41873037383,46.051159416915,0.));
#3787 = SURFACE_CURVE('',#3788,(#3793,#3800),.PCURVE_S1.);
#3788 = CIRCLE('',#3789,1.6);
#3789 = AXIS2_PLACEMENT_3D('',#3790,#3791,#3792);
#3790 = CARTESIAN_POINT('',(-37.01873037383,46.051159416915,0.));
#3791 = DIRECTION('',(0.,0.,1.));
#3792 = DIRECTION('',(1.,0.,0.));
#3793 = PCURVE('',#2309,#3794);
#3794 = DEFINITIONAL_REPRESENTATION('',(#3795),#3799);
#3795 = CIRCLE('',#3796,1.6);
#3796 = AXIS2_PLACEMENT_2D('',#3797,#3798);
#3797 = CARTESIAN_POINT('',(-37.01873037383,52.819159416915));
#3798 = DIRECTION('',(1.,0.));
#3799 = ( GEOMETRIC_REPRESENTATION_CONTEXT(2) 
PARAMETRIC_REPRESENTATION_CONTEXT() REPRESENTATION_CONTEXT('2D SPACE',''
  ) );
#3800 = PCURVE('',#3801,#3806);
#3801 = CYLINDRICAL_SURFACE('',#3802,1.6);
#3802 = AXIS2_PLACEMENT_3D('',#3803,#3804,#3805);
#3803 = CARTESIAN_POINT('',(-37.01873037383,46.051159416915,0.));
#3804 = DIRECTION('',(-0.,-0.,-1.));
#3805 = DIRECTION('',(1.,0.,0.));
#3806 = DEFINITIONAL_REPRESENTATION('',(#3807),#3811);
#3807 = LINE('',#3808,#3809);
#3808 = CARTESIAN_POINT('',(-0.,0.));
#3809 = VECTOR('',#3810,1.);
#3810 = DIRECTION('',(-1.,0.));
#3811 = ( GEOMETRIC_REPRESENTATION_CONTEXT(2) 
PARAMETRIC_REPRESENTATION_CONTEXT() REPRESENTATION_CONTEXT('2D SPACE',''
  ) );
#3812 = FACE_BOUND('',#3813,.F.);
#3813 = EDGE_LOOP('',(#3814));
#3814 = ORIENTED_EDGE('',*,*,#3815,.F.);
#3815 = EDGE_CURVE('',#3816,#3816,#3818,.T.);
#3816 = VERTEX_POINT('',#3817);
#3817 = CARTESIAN_POINT('',(34.844076300143,48.504790692621,0.));
#3818 = SURFACE_CURVE('',#3819,(#3824,#3831),.PCURVE_S1.);
#3819 = CIRCLE('',#3820,1.6);
#3820 = AXIS2_PLACEMENT_3D('',#3821,#3822,#3823);
#3821 = CARTESIAN_POINT('',(33.244076300143,48.504790692621,0.));
#3822 = DIRECTION('',(0.,0.,1.));
#3823 = DIRECTION('',(1.,0.,0.));
#3824 = PCURVE('',#2309,#3825);
#3825 = DEFINITIONAL_REPRESENTATION('',(#3826),#3830);
#3826 = CIRCLE('',#3827,1.6);
#3827 = AXIS2_PLACEMENT_2D('',#3828,#3829);
#3828 = CARTESIAN_POINT('',(33.244076300143,55.272790692621));
#3829 = DIRECTION('',(1.,0.));
#3830 = ( GEOMETRIC_REPRESENTATION_CONTEXT(2) 
PARAMETRIC_REPRESENTATION_CONTEXT() REPRESENTATION_CONTEXT('2D SPACE',''
  ) );
#3831 = PCURVE('',#3832,#3837);
#3832 = CYLINDRICAL_SURFACE('',#3833,1.6);
#3833 = AXIS2_PLACEMENT_3D('',#3834,#3835,#3836);
#3834 = CARTESIAN_POINT('',(33.244076300143,48.504790692621,0.));
#3835 = DIRECTION('',(-0.,-0.,-1.));
#3836 = DIRECTION('',(1.,0.,0.));
#3837 = DEFINITIONAL_REPRESENTATION('',(#3838),#3842);
#3838 = LINE('',#3839,#3840);
#3839 = CARTESIAN_POINT('',(-0.,0.));
#3840 = VECTOR('',#3841,1.);
#3841 = DIRECTION('',(-1.,0.));
#3842 = ( GEOMETRIC_REPRESENTATION_CONTEXT(2) 
PARAMETRIC_REPRESENTATION_CONTEXT() REPRESENTATION_CONTEXT('2D SPACE',''
  ) );
#3843 = FACE_BOUND('',#3844,.F.);
#3844 = EDGE_LOOP('',(#3845));
#3845 = ORIENTED_EDGE('',*,*,#3846,.F.);
#3846 = EDGE_CURVE('',#3847,#3847,#3849,.T.);
#3847 = VERTEX_POINT('',#3848);
#3848 = CARTESIAN_POINT('',(-22.3689030398,53.11306284184,0.));
#3849 = SURFACE_CURVE('',#3850,(#3855,#3862),.PCURVE_S1.);
#3850 = CIRCLE('',#3851,1.6);
#3851 = AXIS2_PLACEMENT_3D('',#3852,#3853,#3854);
#3852 = CARTESIAN_POINT('',(-23.9689030398,53.11306284184,0.));
#3853 = DIRECTION('',(0.,0.,1.));
#3854 = DIRECTION('',(1.,0.,0.));
#3855 = PCURVE('',#2309,#3856);
#3856 = DEFINITIONAL_REPRESENTATION('',(#3857),#3861);
#3857 = CIRCLE('',#3858,1.6);
#3858 = AXIS2_PLACEMENT_2D('',#3859,#3860);
#3859 = CARTESIAN_POINT('',(-23.9689030398,59.88106284184));
#3860 = DIRECTION('',(1.,0.));
#3861 = ( GEOMETRIC_REPRESENTATION_CONTEXT(2) 
PARAMETRIC_REPRESENTATION_CONTEXT() REPRESENTATION_CONTEXT('2D SPACE',''
  ) );
#3862 = PCURVE('',#3863,#3868);
#3863 = CYLINDRICAL_SURFACE('',#3864,1.6);
#3864 = AXIS2_PLACEMENT_3D('',#3865,#3866,#3867);
#3865 = CARTESIAN_POINT('',(-23.9689030398,53.11306284184,0.));
#3866 = DIRECTION('',(-0.,-0.,-1.));
#3867 = DIRECTION('',(1.,0.,0.));
#3868 = DEFINITIONAL_REPRESENTATION('',(#3869),#3873);
#3869 = LINE('',#3870,#3871);
#3870 = CARTESIAN_POINT('',(-0.,0.));
#3871 = VECTOR('',#3872,1.);
#3872 = DIRECTION('',(-1.,0.));
#3873 = ( GEOMETRIC_REPRESENTATION_CONTEXT(2) 
PARAMETRIC_REPRESENTATION_CONTEXT() REPRESENTATION_CONTEXT('2D SPACE',''
  ) );
#3874 = FACE_BOUND('',#3875,.F.);
#3875 = EDGE_LOOP('',(#3876));
#3876 = ORIENTED_EDGE('',*,*,#3877,.F.);
#3877 = EDGE_CURVE('',#3878,#3878,#3880,.T.);
#3878 = VERTEX_POINT('',#3879);
#3879 = CARTESIAN_POINT('',(-8.050595015414,57.005944647077,0.));
#3880 = SURFACE_CURVE('',#3881,(#3886,#3893),.PCURVE_S1.);
#3881 = CIRCLE('',#3882,1.6);
#3882 = AXIS2_PLACEMENT_3D('',#3883,#3884,#3885);
#3883 = CARTESIAN_POINT('',(-9.650595015414,57.005944647077,0.));
#3884 = DIRECTION('',(0.,0.,1.));
#3885 = DIRECTION('',(1.,0.,0.));
#3886 = PCURVE('',#2309,#3887);
#3887 = DEFINITIONAL_REPRESENTATION('',(#3888),#3892);
#3888 = CIRCLE('',#3889,1.6);
#3889 = AXIS2_PLACEMENT_2D('',#3890,#3891);
#3890 = CARTESIAN_POINT('',(-9.650595015414,63.773944647077));
#3891 = DIRECTION('',(1.,0.));
#3892 = ( GEOMETRIC_REPRESENTATION_CONTEXT(2) 
PARAMETRIC_REPRESENTATION_CONTEXT() REPRESENTATION_CONTEXT('2D SPACE',''
  ) );
#3893 = PCURVE('',#3894,#3899);
#3894 = CYLINDRICAL_SURFACE('',#3895,1.6);
#3895 = AXIS2_PLACEMENT_3D('',#3896,#3897,#3898);
#3896 = CARTESIAN_POINT('',(-9.650595015414,57.005944647077,0.));
#3897 = DIRECTION('',(-0.,-0.,-1.));
#3898 = DIRECTION('',(1.,0.,0.));
#3899 = DEFINITIONAL_REPRESENTATION('',(#3900),#3904);
#3900 = LINE('',#3901,#3902);
#3901 = CARTESIAN_POINT('',(-0.,0.));
#3902 = VECTOR('',#3903,1.);
#3903 = DIRECTION('',(-1.,0.));
#3904 = ( GEOMETRIC_REPRESENTATION_CONTEXT(2) 
PARAMETRIC_REPRESENTATION_CONTEXT() REPRESENTATION_CONTEXT('2D SPACE',''
  ) );
#3905 = FACE_BOUND('',#3906,.F.);
#3906 = EDGE_LOOP('',(#3907));
#3907 = ORIENTED_EDGE('',*,*,#3908,.F.);
#3908 = EDGE_CURVE('',#3909,#3909,#3911,.T.);
#3909 = VERTEX_POINT('',#3910);
#3910 = CARTESIAN_POINT('',(21.333424208776,54.639181737941,0.));
#3911 = SURFACE_CURVE('',#3912,(#3917,#3924),.PCURVE_S1.);
#3912 = CIRCLE('',#3913,1.6);
#3913 = AXIS2_PLACEMENT_3D('',#3914,#3915,#3916);
#3914 = CARTESIAN_POINT('',(19.733424208776,54.639181737941,0.));
#3915 = DIRECTION('',(0.,0.,1.));
#3916 = DIRECTION('',(1.,0.,0.));
#3917 = PCURVE('',#2309,#3918);
#3918 = DEFINITIONAL_REPRESENTATION('',(#3919),#3923);
#3919 = CIRCLE('',#3920,1.6);
#3920 = AXIS2_PLACEMENT_2D('',#3921,#3922);
#3921 = CARTESIAN_POINT('',(19.733424208776,61.407181737941));
#3922 = DIRECTION('',(1.,0.));
#3923 = ( GEOMETRIC_REPRESENTATION_CONTEXT(2) 
PARAMETRIC_REPRESENTATION_CONTEXT() REPRESENTATION_CONTEXT('2D SPACE',''
  ) );
#3924 = PCURVE('',#3925,#3930);
#3925 = CYLINDRICAL_SURFACE('',#3926,1.6);
#3926 = AXIS2_PLACEMENT_3D('',#3927,#3928,#3929);
#3927 = CARTESIAN_POINT('',(19.733424208776,54.639181737941,0.));
#3928 = DIRECTION('',(-0.,-0.,-1.));
#3929 = DIRECTION('',(1.,0.,0.));
#3930 = DEFINITIONAL_REPRESENTATION('',(#3931),#3935);
#3931 = LINE('',#3932,#3933);
#3932 = CARTESIAN_POINT('',(-0.,0.));
#3933 = VECTOR('',#3934,1.);
#3934 = DIRECTION('',(-1.,0.));
#3935 = ( GEOMETRIC_REPRESENTATION_CONTEXT(2) 
PARAMETRIC_REPRESENTATION_CONTEXT() REPRESENTATION_CONTEXT('2D SPACE',''
  ) );
#3936 = FACE_BOUND('',#3937,.F.);
#3937 = EDGE_LOOP('',(#3938));
#3938 = ORIENTED_EDGE('',*,*,#3939,.F.);
#3939 = EDGE_CURVE('',#3940,#3940,#3942,.T.);
#3940 = VERTEX_POINT('',#3941);
#3941 = CARTESIAN_POINT('',(6.778441155661,57.523786000992,0.));
#3942 = SURFACE_CURVE('',#3943,(#3948,#3955),.PCURVE_S1.);
#3943 = CIRCLE('',#3944,1.6);
#3944 = AXIS2_PLACEMENT_3D('',#3945,#3946,#3947);
#3945 = CARTESIAN_POINT('',(5.178441155661,57.523786000992,0.));
#3946 = DIRECTION('',(0.,0.,1.));
#3947 = DIRECTION('',(1.,0.,0.));
#3948 = PCURVE('',#2309,#3949);
#3949 = DEFINITIONAL_REPRESENTATION('',(#3950),#3954);
#3950 = CIRCLE('',#3951,1.6);
#3951 = AXIS2_PLACEMENT_2D('',#3952,#3953);
#3952 = CARTESIAN_POINT('',(5.178441155661,64.291786000992));
#3953 = DIRECTION('',(1.,0.));
#3954 = ( GEOMETRIC_REPRESENTATION_CONTEXT(2) 
PARAMETRIC_REPRESENTATION_CONTEXT() REPRESENTATION_CONTEXT('2D SPACE',''
  ) );
#3955 = PCURVE('',#3956,#3961);
#3956 = CYLINDRICAL_SURFACE('',#3957,1.6);
#3957 = AXIS2_PLACEMENT_3D('',#3958,#3959,#3960);
#3958 = CARTESIAN_POINT('',(5.178441155661,57.523786000992,0.));
#3959 = DIRECTION('',(-0.,-0.,-1.));
#3960 = DIRECTION('',(1.,0.,0.));
#3961 = DEFINITIONAL_REPRESENTATION('',(#3962),#3966);
#3962 = LINE('',#3963,#3964);
#3963 = CARTESIAN_POINT('',(-0.,0.));
#3964 = VECTOR('',#3965,1.);
#3965 = DIRECTION('',(-1.,0.));
#3966 = ( GEOMETRIC_REPRESENTATION_CONTEXT(2) 
PARAMETRIC_REPRESENTATION_CONTEXT() REPRESENTATION_CONTEXT('2D SPACE',''
  ) );
#3967 = ADVANCED_FACE('',(#3968),#2336,.F.);
#3968 = FACE_BOUND('',#3969,.F.);
#3969 = EDGE_LOOP('',(#3970,#3971,#3992,#4013));
#3970 = ORIENTED_EDGE('',*,*,#3708,.F.);
#3971 = ORIENTED_EDGE('',*,*,#3972,.F.);
#3972 = EDGE_CURVE('',#3973,#3709,#3975,.T.);
#3973 = VERTEX_POINT('',#3974);
#3974 = CARTESIAN_POINT('',(45.299746087457,32.575779742317,25.));
#3975 = SURFACE_CURVE('',#3976,(#3980,#3986),.PCURVE_S1.);
#3976 = LINE('',#3977,#3978);
#3977 = CARTESIAN_POINT('',(45.299746087455,32.575779742319,0.));
#3978 = VECTOR('',#3979,1.);
#3979 = DIRECTION('',(-0.,-0.,-1.));
#3980 = PCURVE('',#2336,#3981);
#3981 = DEFINITIONAL_REPRESENTATION('',(#3982),#3985);
#3982 = B_SPLINE_CURVE_WITH_KNOTS('',1,(#3983,#3984),.UNSPECIFIED.,.F.,
  .F.,(2,2),(-25.0000006,6.E-07),.PIECEWISE_BEZIER_KNOTS.);
#3983 = CARTESIAN_POINT('',(60.,-25.0000006));
#3984 = CARTESIAN_POINT('',(60.,6.E-07));
#3985 = ( GEOMETRIC_REPRESENTATION_CONTEXT(2) 
PARAMETRIC_REPRESENTATION_CONTEXT() REPRESENTATION_CONTEXT('2D SPACE',''
  ) );
#3986 = PCURVE('',#3770,#3987);
#3987 = DEFINITIONAL_REPRESENTATION('',(#3988),#3991);
#3988 = B_SPLINE_CURVE_WITH_KNOTS('',1,(#3989,#3990),.UNSPECIFIED.,.F.,
  .F.,(2,2),(-25.0000006,6.E-07),.PIECEWISE_BEZIER_KNOTS.);
#3989 = CARTESIAN_POINT('',(-0.715148661005,-25.0000006));
#3990 = CARTESIAN_POINT('',(-0.715148661005,6.E-07));
#3991 = ( GEOMETRIC_REPRESENTATION_CONTEXT(2) 
PARAMETRIC_REPRESENTATION_CONTEXT() REPRESENTATION_CONTEXT('2D SPACE',''
  ) );
#3992 = ORIENTED_EDGE('',*,*,#3993,.T.);
#3993 = EDGE_CURVE('',#3973,#2322,#3994,.T.);
#3994 = SURFACE_CURVE('',#3995,(#3999,#4006),.PCURVE_S1.);
#3995 = LINE('',#3996,#3997);
#3996 = CARTESIAN_POINT('',(0.,-6.768,25.));
#3997 = VECTOR('',#3998,1.);
#3998 = DIRECTION('',(0.754995768124,0.655729662372,0.));
#3999 = PCURVE('',#2336,#4000);
#4000 = DEFINITIONAL_REPRESENTATION('',(#4001),#4005);
#4001 = LINE('',#4002,#4003);
#4002 = CARTESIAN_POINT('',(0.,-25.));
#4003 = VECTOR('',#4004,1.);
#4004 = DIRECTION('',(1.,0.));
#4005 = ( GEOMETRIC_REPRESENTATION_CONTEXT(2) 
PARAMETRIC_REPRESENTATION_CONTEXT() REPRESENTATION_CONTEXT('2D SPACE',''
  ) );
#4006 = PCURVE('',#2364,#4007);
#4007 = DEFINITIONAL_REPRESENTATION('',(#4008),#4012);
#4008 = LINE('',#4009,#4010);
#4009 = CARTESIAN_POINT('',(3.918634409665E-15,-4.440892098501E-15));
#4010 = VECTOR('',#4011,1.);
#4011 = DIRECTION('',(0.754995768124,0.655729662372));
#4012 = ( GEOMETRIC_REPRESENTATION_CONTEXT(2) 
PARAMETRIC_REPRESENTATION_CONTEXT() REPRESENTATION_CONTEXT('2D SPACE',''
  ) );
#4013 = ORIENTED_EDGE('',*,*,#2321,.T.);
#4014 = ADVANCED_FACE('',(#4015),#2389,.F.);
#4015 = FACE_BOUND('',#4016,.F.);
#4016 = EDGE_LOOP('',(#4017,#4018,#4019,#4042));
#4017 = ORIENTED_EDGE('',*,*,#3732,.F.);
#4018 = ORIENTED_EDGE('',*,*,#2376,.F.);
#4019 = ORIENTED_EDGE('',*,*,#4020,.T.);
#4020 = EDGE_CURVE('',#2348,#4021,#4023,.T.);
#4021 = VERTEX_POINT('',#4022);
#4022 = CARTESIAN_POINT('',(-45.29974608745,32.575779742317,25.));
#4023 = SURFACE_CURVE('',#4024,(#4028,#4035),.PCURVE_S1.);
#4024 = LINE('',#4025,#4026);
#4025 = CARTESIAN_POINT('',(-377.4978840621,321.09683118599,25.));
#4026 = VECTOR('',#4027,1.);
#4027 = DIRECTION('',(0.754995768124,-0.655729662372,0.));
#4028 = PCURVE('',#2389,#4029);
#4029 = DEFINITIONAL_REPRESENTATION('',(#4030),#4034);
#4030 = LINE('',#4031,#4032);
#4031 = CARTESIAN_POINT('',(0.,-25.));
#4032 = VECTOR('',#4033,1.);
#4033 = DIRECTION('',(1.,0.));
#4034 = ( GEOMETRIC_REPRESENTATION_CONTEXT(2) 
PARAMETRIC_REPRESENTATION_CONTEXT() REPRESENTATION_CONTEXT('2D SPACE',''
  ) );
#4035 = PCURVE('',#2364,#4036);
#4036 = DEFINITIONAL_REPRESENTATION('',(#4037),#4041);
#4037 = LINE('',#4038,#4039);
#4038 = CARTESIAN_POINT('',(-377.4978840621,327.86483118599));
#4039 = VECTOR('',#4040,1.);
#4040 = DIRECTION('',(0.754995768124,-0.655729662372));
#4041 = ( GEOMETRIC_REPRESENTATION_CONTEXT(2) 
PARAMETRIC_REPRESENTATION_CONTEXT() REPRESENTATION_CONTEXT('2D SPACE',''
  ) );
#4042 = ORIENTED_EDGE('',*,*,#4043,.T.);
#4043 = EDGE_CURVE('',#4021,#3733,#4044,.T.);
#4044 = SURFACE_CURVE('',#4045,(#4049,#4055),.PCURVE_S1.);
#4045 = LINE('',#4046,#4047);
#4046 = CARTESIAN_POINT('',(-45.29974608745,32.575779742319,0.));
#4047 = VECTOR('',#4048,1.);
#4048 = DIRECTION('',(-0.,-0.,-1.));
#4049 = PCURVE('',#2389,#4050);
#4050 = DEFINITIONAL_REPRESENTATION('',(#4051),#4054);
#4051 = B_SPLINE_CURVE_WITH_KNOTS('',1,(#4052,#4053),.UNSPECIFIED.,.F.,
  .F.,(2,2),(-25.0000006,6.E-07),.PIECEWISE_BEZIER_KNOTS.);
#4052 = CARTESIAN_POINT('',(440.,-25.0000006));
#4053 = CARTESIAN_POINT('',(440.,6.E-07));
#4054 = ( GEOMETRIC_REPRESENTATION_CONTEXT(2) 
PARAMETRIC_REPRESENTATION_CONTEXT() REPRESENTATION_CONTEXT('2D SPACE',''
  ) );
#4055 = PCURVE('',#3770,#4056);
#4056 = DEFINITIONAL_REPRESENTATION('',(#4057),#4060);
#4057 = B_SPLINE_CURVE_WITH_KNOTS('',1,(#4058,#4059),.UNSPECIFIED.,.F.,
  .F.,(2,2),(-25.0000006,6.E-07),.PIECEWISE_BEZIER_KNOTS.);
#4058 = CARTESIAN_POINT('',(-2.426443992585,-25.0000006));
#4059 = CARTESIAN_POINT('',(-2.426443992585,6.E-07));
#4060 = ( GEOMETRIC_REPRESENTATION_CONTEXT(2) 
PARAMETRIC_REPRESENTATION_CONTEXT() REPRESENTATION_CONTEXT('2D SPACE',''
  ) );
#4061 = ADVANCED_FACE('',(#4062,#4089,#4120,#4151,#4182,#4213,#4244),
  #2364,.T.);
#4062 = FACE_BOUND('',#4063,.T.);
#4063 = EDGE_LOOP('',(#4064,#4065,#4066,#4067));
#4064 = ORIENTED_EDGE('',*,*,#3993,.T.);
#4065 = ORIENTED_EDGE('',*,*,#2347,.T.);
#4066 = ORIENTED_EDGE('',*,*,#4020,.T.);
#4067 = ORIENTED_EDGE('',*,*,#4068,.F.);
#4068 = EDGE_CURVE('',#3973,#4021,#4069,.T.);
#4069 = SURFACE_CURVE('',#4070,(#4075,#4082),.PCURVE_S1.);
#4070 = CIRCLE('',#4071,60.);
#4071 = AXIS2_PLACEMENT_3D('',#4072,#4073,#4074);
#4072 = CARTESIAN_POINT('',(3.186420625758E-13,-6.768,25.));
#4073 = DIRECTION('',(0.,0.,1.));
#4074 = DIRECTION('',(1.,0.,0.));
#4075 = PCURVE('',#2364,#4076);
#4076 = DEFINITIONAL_REPRESENTATION('',(#4077),#4081);
#4077 = CIRCLE('',#4078,60.);
#4078 = AXIS2_PLACEMENT_2D('',#4079,#4080);
#4079 = CARTESIAN_POINT('',(3.225606969855E-13,-5.329070518201E-15));
#4080 = DIRECTION('',(1.,0.));
#4081 = ( GEOMETRIC_REPRESENTATION_CONTEXT(2) 
PARAMETRIC_REPRESENTATION_CONTEXT() REPRESENTATION_CONTEXT('2D SPACE',''
  ) );
#4082 = PCURVE('',#3770,#4083);
#4083 = DEFINITIONAL_REPRESENTATION('',(#4084),#4088);
#4084 = LINE('',#4085,#4086);
#4085 = CARTESIAN_POINT('',(-0.,-25.));
#4086 = VECTOR('',#4087,1.);
#4087 = DIRECTION('',(-1.,0.));
#4088 = ( GEOMETRIC_REPRESENTATION_CONTEXT(2) 
PARAMETRIC_REPRESENTATION_CONTEXT() REPRESENTATION_CONTEXT('2D SPACE',''
  ) );
#4089 = FACE_BOUND('',#4090,.T.);
#4090 = EDGE_LOOP('',(#4091));
#4091 = ORIENTED_EDGE('',*,*,#4092,.F.);
#4092 = EDGE_CURVE('',#4093,#4093,#4095,.T.);
#4093 = VERTEX_POINT('',#4094);
#4094 = CARTESIAN_POINT('',(-35.41873037383,46.051159416915,25.));
#4095 = SURFACE_CURVE('',#4096,(#4101,#4108),.PCURVE_S1.);
#4096 = CIRCLE('',#4097,1.6);
#4097 = AXIS2_PLACEMENT_3D('',#4098,#4099,#4100);
#4098 = CARTESIAN_POINT('',(-37.01873037383,46.051159416915,25.));
#4099 = DIRECTION('',(0.,0.,1.));
#4100 = DIRECTION('',(1.,0.,0.));
#4101 = PCURVE('',#2364,#4102);
#4102 = DEFINITIONAL_REPRESENTATION('',(#4103),#4107);
#4103 = CIRCLE('',#4104,1.6);
#4104 = AXIS2_PLACEMENT_2D('',#4105,#4106);
#4105 = CARTESIAN_POINT('',(-37.01873037383,52.819159416915));
#4106 = DIRECTION('',(1.,0.));
#4107 = ( GEOMETRIC_REPRESENTATION_CONTEXT(2) 
PARAMETRIC_REPRESENTATION_CONTEXT() REPRESENTATION_CONTEXT('2D SPACE',''
  ) );
#4108 = PCURVE('',#4109,#4114);
#4109 = CYLINDRICAL_SURFACE('',#4110,1.6);
#4110 = AXIS2_PLACEMENT_3D('',#4111,#4112,#4113);
#4111 = CARTESIAN_POINT('',(-37.01873037383,46.051159416915,0.));
#4112 = DIRECTION('',(-0.,-0.,-1.));
#4113 = DIRECTION('',(1.,0.,0.));
#4114 = DEFINITIONAL_REPRESENTATION('',(#4115),#4119);
#4115 = LINE('',#4116,#4117);
#4116 = CARTESIAN_POINT('',(-0.,-25.));
#4117 = VECTOR('',#4118,1.);
#4118 = DIRECTION('',(-1.,0.));
#4119 = ( GEOMETRIC_REPRESENTATION_CONTEXT(2) 
PARAMETRIC_REPRESENTATION_CONTEXT() REPRESENTATION_CONTEXT('2D SPACE',''
  ) );
#4120 = FACE_BOUND('',#4121,.T.);
#4121 = EDGE_LOOP('',(#4122));
#4122 = ORIENTED_EDGE('',*,*,#4123,.F.);
#4123 = EDGE_CURVE('',#4124,#4124,#4126,.T.);
#4124 = VERTEX_POINT('',#4125);
#4125 = CARTESIAN_POINT('',(34.844076300143,48.504790692621,25.));
#4126 = SURFACE_CURVE('',#4127,(#4132,#4139),.PCURVE_S1.);
#4127 = CIRCLE('',#4128,1.6);
#4128 = AXIS2_PLACEMENT_3D('',#4129,#4130,#4131);
#4129 = CARTESIAN_POINT('',(33.244076300143,48.504790692621,25.));
#4130 = DIRECTION('',(0.,0.,1.));
#4131 = DIRECTION('',(1.,0.,0.));
#4132 = PCURVE('',#2364,#4133);
#4133 = DEFINITIONAL_REPRESENTATION('',(#4134),#4138);
#4134 = CIRCLE('',#4135,1.6);
#4135 = AXIS2_PLACEMENT_2D('',#4136,#4137);
#4136 = CARTESIAN_POINT('',(33.244076300143,55.272790692621));
#4137 = DIRECTION('',(1.,0.));
#4138 = ( GEOMETRIC_REPRESENTATION_CONTEXT(2) 
PARAMETRIC_REPRESENTATION_CONTEXT() REPRESENTATION_CONTEXT('2D SPACE',''
  ) );
#4139 = PCURVE('',#4140,#4145);
#4140 = CYLINDRICAL_SURFACE('',#4141,1.6);
#4141 = AXIS2_PLACEMENT_3D('',#4142,#4143,#4144);
#4142 = CARTESIAN_POINT('',(33.244076300143,48.504790692621,0.));
#4143 = DIRECTION('',(-0.,-0.,-1.));
#4144 = DIRECTION('',(1.,0.,0.));
#4145 = DEFINITIONAL_REPRESENTATION('',(#4146),#4150);
#4146 = LINE('',#4147,#4148);
#4147 = CARTESIAN_POINT('',(-0.,-25.));
#4148 = VECTOR('',#4149,1.);
#4149 = DIRECTION('',(-1.,0.));
#4150 = ( GEOMETRIC_REPRESENTATION_CONTEXT(2) 
PARAMETRIC_REPRESENTATION_CONTEXT() REPRESENTATION_CONTEXT('2D SPACE',''
  ) );
#4151 = FACE_BOUND('',#4152,.T.);
#4152 = EDGE_LOOP('',(#4153));
#4153 = ORIENTED_EDGE('',*,*,#4154,.F.);
#4154 = EDGE_CURVE('',#4155,#4155,#4157,.T.);
#4155 = VERTEX_POINT('',#4156);
#4156 = CARTESIAN_POINT('',(-22.3689030398,53.11306284184,25.));
#4157 = SURFACE_CURVE('',#4158,(#4163,#4170),.PCURVE_S1.);
#4158 = CIRCLE('',#4159,1.6);
#4159 = AXIS2_PLACEMENT_3D('',#4160,#4161,#4162);
#4160 = CARTESIAN_POINT('',(-23.9689030398,53.11306284184,25.));
#4161 = DIRECTION('',(0.,0.,1.));
#4162 = DIRECTION('',(1.,0.,0.));
#4163 = PCURVE('',#2364,#4164);
#4164 = DEFINITIONAL_REPRESENTATION('',(#4165),#4169);
#4165 = CIRCLE('',#4166,1.6);
#4166 = AXIS2_PLACEMENT_2D('',#4167,#4168);
#4167 = CARTESIAN_POINT('',(-23.9689030398,59.88106284184));
#4168 = DIRECTION('',(1.,0.));
#4169 = ( GEOMETRIC_REPRESENTATION_CONTEXT(2) 
PARAMETRIC_REPRESENTATION_CONTEXT() REPRESENTATION_CONTEXT('2D SPACE',''
  ) );
#4170 = PCURVE('',#4171,#4176);
#4171 = CYLINDRICAL_SURFACE('',#4172,1.6);
#4172 = AXIS2_PLACEMENT_3D('',#4173,#4174,#4175);
#4173 = CARTESIAN_POINT('',(-23.9689030398,53.11306284184,0.));
#4174 = DIRECTION('',(-0.,-0.,-1.));
#4175 = DIRECTION('',(1.,0.,0.));
#4176 = DEFINITIONAL_REPRESENTATION('',(#4177),#4181);
#4177 = LINE('',#4178,#4179);
#4178 = CARTESIAN_POINT('',(-0.,-25.));
#4179 = VECTOR('',#4180,1.);
#4180 = DIRECTION('',(-1.,0.));
#4181 = ( GEOMETRIC_REPRESENTATION_CONTEXT(2) 
PARAMETRIC_REPRESENTATION_CONTEXT() REPRESENTATION_CONTEXT('2D SPACE',''
  ) );
#4182 = FACE_BOUND('',#4183,.T.);
#4183 = EDGE_LOOP('',(#4184));
#4184 = ORIENTED_EDGE('',*,*,#4185,.F.);
#4185 = EDGE_CURVE('',#4186,#4186,#4188,.T.);
#4186 = VERTEX_POINT('',#4187);
#4187 = CARTESIAN_POINT('',(-8.050595015414,57.005944647077,25.));
#4188 = SURFACE_CURVE('',#4189,(#4194,#4201),.PCURVE_S1.);
#4189 = CIRCLE('',#4190,1.6);
#4190 = AXIS2_PLACEMENT_3D('',#4191,#4192,#4193);
#4191 = CARTESIAN_POINT('',(-9.650595015414,57.005944647077,25.));
#4192 = DIRECTION('',(0.,0.,1.));
#4193 = DIRECTION('',(1.,0.,0.));
#4194 = PCURVE('',#2364,#4195);
#4195 = DEFINITIONAL_REPRESENTATION('',(#4196),#4200);
#4196 = CIRCLE('',#4197,1.6);
#4197 = AXIS2_PLACEMENT_2D('',#4198,#4199);
#4198 = CARTESIAN_POINT('',(-9.650595015414,63.773944647077));
#4199 = DIRECTION('',(1.,0.));
#4200 = ( GEOMETRIC_REPRESENTATION_CONTEXT(2) 
PARAMETRIC_REPRESENTATION_CONTEXT() REPRESENTATION_CONTEXT('2D SPACE',''
  ) );
#4201 = PCURVE('',#4202,#4207);
#4202 = CYLINDRICAL_SURFACE('',#4203,1.6);
#4203 = AXIS2_PLACEMENT_3D('',#4204,#4205,#4206);
#4204 = CARTESIAN_POINT('',(-9.650595015414,57.005944647077,0.));
#4205 = DIRECTION('',(-0.,-0.,-1.));
#4206 = DIRECTION('',(1.,0.,0.));
#4207 = DEFINITIONAL_REPRESENTATION('',(#4208),#4212);
#4208 = LINE('',#4209,#4210);
#4209 = CARTESIAN_POINT('',(-0.,-25.));
#4210 = VECTOR('',#4211,1.);
#4211 = DIRECTION('',(-1.,0.));
#4212 = ( GEOMETRIC_REPRESENTATION_CONTEXT(2) 
PARAMETRIC_REPRESENTATION_CONTEXT() REPRESENTATION_CONTEXT('2D SPACE',''
  ) );
#4213 = FACE_BOUND('',#4214,.T.);
#4214 = EDGE_LOOP('',(#4215));
#4215 = ORIENTED_EDGE('',*,*,#4216,.F.);
#4216 = EDGE_CURVE('',#4217,#4217,#4219,.T.);
#4217 = VERTEX_POINT('',#4218);
#4218 = CARTESIAN_POINT('',(21.333424208776,54.639181737941,25.));
#4219 = SURFACE_CURVE('',#4220,(#4225,#4232),.PCURVE_S1.);
#4220 = CIRCLE('',#4221,1.6);
#4221 = AXIS2_PLACEMENT_3D('',#4222,#4223,#4224);
#4222 = CARTESIAN_POINT('',(19.733424208776,54.639181737941,25.));
#4223 = DIRECTION('',(0.,0.,1.));
#4224 = DIRECTION('',(1.,0.,0.));
#4225 = PCURVE('',#2364,#4226);
#4226 = DEFINITIONAL_REPRESENTATION('',(#4227),#4231);
#4227 = CIRCLE('',#4228,1.6);
#4228 = AXIS2_PLACEMENT_2D('',#4229,#4230);
#4229 = CARTESIAN_POINT('',(19.733424208776,61.407181737941));
#4230 = DIRECTION('',(1.,0.));
#4231 = ( GEOMETRIC_REPRESENTATION_CONTEXT(2) 
PARAMETRIC_REPRESENTATION_CONTEXT() REPRESENTATION_CONTEXT('2D SPACE',''
  ) );
#4232 = PCURVE('',#4233,#4238);
#4233 = CYLINDRICAL_SURFACE('',#4234,1.6);
#4234 = AXIS2_PLACEMENT_3D('',#4235,#4236,#4237);
#4235 = CARTESIAN_POINT('',(19.733424208776,54.639181737941,0.));
#4236 = DIRECTION('',(-0.,-0.,-1.));
#4237 = DIRECTION('',(1.,0.,0.));
#4238 = DEFINITIONAL_REPRESENTATION('',(#4239),#4243);
#4239 = LINE('',#4240,#4241);
#4240 = CARTESIAN_POINT('',(-0.,-25.));
#4241 = VECTOR('',#4242,1.);
#4242 = DIRECTION('',(-1.,0.));
#4243 = ( GEOMETRIC_REPRESENTATION_CONTEXT(2) 
PARAMETRIC_REPRESENTATION_CONTEXT() REPRESENTATION_CONTEXT('2D SPACE',''
  ) );
#4244 = FACE_BOUND('',#4245,.T.);
#4245 = EDGE_LOOP('',(#4246));
#4246 = ORIENTED_EDGE('',*,*,#4247,.F.);
#4247 = EDGE_CURVE('',#4248,#4248,#4250,.T.);
#4248 = VERTEX_POINT('',#4249);
#4249 = CARTESIAN_POINT('',(6.778441155661,57.523786000992,25.));
#4250 = SURFACE_CURVE('',#4251,(#4256,#4263),.PCURVE_S1.);
#4251 = CIRCLE('',#4252,1.6);
#4252 = AXIS2_PLACEMENT_3D('',#4253,#4254,#4255);
#4253 = CARTESIAN_POINT('',(5.178441155661,57.523786000992,25.));
#4254 = DIRECTION('',(0.,0.,1.));
#4255 = DIRECTION('',(1.,0.,0.));
#4256 = PCURVE('',#2364,#4257);
#4257 = DEFINITIONAL_REPRESENTATION('',(#4258),#4262);
#4258 = CIRCLE('',#4259,1.6);
#4259 = AXIS2_PLACEMENT_2D('',#4260,#4261);
#4260 = CARTESIAN_POINT('',(5.178441155661,64.291786000992));
#4261 = DIRECTION('',(1.,0.));
#4262 = ( GEOMETRIC_REPRESENTATION_CONTEXT(2) 
PARAMETRIC_REPRESENTATION_CONTEXT() REPRESENTATION_CONTEXT('2D SPACE',''
  ) );
#4263 = PCURVE('',#4264,#4269);
#4264 = CYLINDRICAL_SURFACE('',#4265,1.6);
#4265 = AXIS2_PLACEMENT_3D('',#4266,#4267,#4268);
#4266 = CARTESIAN_POINT('',(5.178441155661,57.523786000992,0.));
#4267 = DIRECTION('',(-0.,-0.,-1.));
#4268 = DIRECTION('',(1.,0.,0.));
#4269 = DEFINITIONAL_REPRESENTATION('',(#4270),#4274);
#4270 = LINE('',#4271,#4272);
#4271 = CARTESIAN_POINT('',(-0.,-25.));
#4272 = VECTOR('',#4273,1.);
#4273 = DIRECTION('',(-1.,0.));
#4274 = ( GEOMETRIC_REPRESENTATION_CONTEXT(2) 
PARAMETRIC_REPRESENTATION_CONTEXT() REPRESENTATION_CONTEXT('2D SPACE',''
  ) );
#4275 = ADVANCED_FACE('',(#4276),#2528,.F.);
#4276 = FACE_BOUND('',#4277,.F.);
#4277 = EDGE_LOOP('',(#4278,#4301,#4328,#4329));
#4278 = ORIENTED_EDGE('',*,*,#4279,.T.);
#4279 = EDGE_CURVE('',#2403,#4280,#4282,.T.);
#4280 = VERTEX_POINT('',#4281);
#4281 = CARTESIAN_POINT('',(39.477593554773,43.059398157281,12.5));
#4282 = SEAM_CURVE('',#4283,(#4287,#4294),.PCURVE_S1.);
#4283 = LINE('',#4284,#4285);
#4284 = CARTESIAN_POINT('',(42.435438833684,46.450732895407,12.5));
#4285 = VECTOR('',#4286,1.);
#4286 = DIRECTION('',(-0.657298950869,-0.753629941806,
    -1.072694344277E-32));
#4287 = PCURVE('',#2528,#4288);
#4288 = DEFINITIONAL_REPRESENTATION('',(#4289),#4293);
#4289 = LINE('',#4290,#4291);
#4290 = CARTESIAN_POINT('',(6.28318530718,-0.));
#4291 = VECTOR('',#4292,1.);
#4292 = DIRECTION('',(0.,1.));
#4293 = ( GEOMETRIC_REPRESENTATION_CONTEXT(2) 
PARAMETRIC_REPRESENTATION_CONTEXT() REPRESENTATION_CONTEXT('2D SPACE',''
  ) );
#4294 = PCURVE('',#2528,#4295);
#4295 = DEFINITIONAL_REPRESENTATION('',(#4296),#4300);
#4296 = LINE('',#4297,#4298);
#4297 = CARTESIAN_POINT('',(0.,-0.));
#4298 = VECTOR('',#4299,1.);
#4299 = DIRECTION('',(0.,1.));
#4300 = ( GEOMETRIC_REPRESENTATION_CONTEXT(2) 
PARAMETRIC_REPRESENTATION_CONTEXT() REPRESENTATION_CONTEXT('2D SPACE',''
  ) );
#4301 = ORIENTED_EDGE('',*,*,#4302,.F.);
#4302 = EDGE_CURVE('',#4280,#4280,#4303,.T.);
#4303 = SURFACE_CURVE('',#4304,(#4309,#4316),.PCURVE_S1.);
#4304 = CIRCLE('',#4305,3.);
#4305 = AXIS2_PLACEMENT_3D('',#4306,#4307,#4308);
#4306 = CARTESIAN_POINT('',(41.73848338019,41.087501304673,12.5));
#4307 = DIRECTION('',(-0.657298950869,-0.753629941806,0.));
#4308 = DIRECTION('',(-0.753629941806,0.657298950869,0.));
#4309 = PCURVE('',#2528,#4310);
#4310 = DEFINITIONAL_REPRESENTATION('',(#4311),#4315);
#4311 = LINE('',#4312,#4313);
#4312 = CARTESIAN_POINT('',(0.,4.5));
#4313 = VECTOR('',#4314,1.);
#4314 = DIRECTION('',(1.,0.));
#4315 = ( GEOMETRIC_REPRESENTATION_CONTEXT(2) 
PARAMETRIC_REPRESENTATION_CONTEXT() REPRESENTATION_CONTEXT('2D SPACE',''
  ) );
#4316 = PCURVE('',#4317,#4322);
#4317 = PLANE('',#4318);
#4318 = AXIS2_PLACEMENT_3D('',#4319,#4320,#4321);
#4319 = CARTESIAN_POINT('',(41.73848338019,41.087501304673,12.5));
#4320 = DIRECTION('',(-0.657298950869,-0.753629941806,0.));
#4321 = DIRECTION('',(-0.753629941806,0.657298950869,0.));
#4322 = DEFINITIONAL_REPRESENTATION('',(#4323),#4327);
#4323 = CIRCLE('',#4324,3.);
#4324 = AXIS2_PLACEMENT_2D('',#4325,#4326);
#4325 = CARTESIAN_POINT('',(0.,0.));
#4326 = DIRECTION('',(1.,0.));
#4327 = ( GEOMETRIC_REPRESENTATION_CONTEXT(2) 
PARAMETRIC_REPRESENTATION_CONTEXT() REPRESENTATION_CONTEXT('2D SPACE',''
  ) );
#4328 = ORIENTED_EDGE('',*,*,#4279,.F.);
#4329 = ORIENTED_EDGE('',*,*,#2402,.T.);
#4330 = ADVANCED_FACE('',(#4331),#2723,.F.);
#4331 = FACE_BOUND('',#4332,.F.);
#4332 = EDGE_LOOP('',(#4333,#4356,#4383,#4384));
#4333 = ORIENTED_EDGE('',*,*,#4334,.T.);
#4334 = EDGE_CURVE('',#2598,#4335,#4337,.T.);
#4335 = VERTEX_POINT('',#4336);
#4336 = CARTESIAN_POINT('',(-5.214290521666,56.588619025605,12.5));
#4337 = SEAM_CURVE('',#4338,(#4342,#4349),.PCURVE_S1.);
#4338 = LINE('',#4339,#4340);
#4339 = CARTESIAN_POINT('',(-5.371338256827,61.085877747191,12.5));
#4340 = VECTOR('',#4341,1.);
#4341 = DIRECTION('',(3.48994967025E-02,-0.999390827019,
    7.061190711983E-34));
#4342 = PCURVE('',#2723,#4343);
#4343 = DEFINITIONAL_REPRESENTATION('',(#4344),#4348);
#4344 = LINE('',#4345,#4346);
#4345 = CARTESIAN_POINT('',(6.28318530718,-0.));
#4346 = VECTOR('',#4347,1.);
#4347 = DIRECTION('',(0.,1.));
#4348 = ( GEOMETRIC_REPRESENTATION_CONTEXT(2) 
PARAMETRIC_REPRESENTATION_CONTEXT() REPRESENTATION_CONTEXT('2D SPACE',''
  ) );
#4349 = PCURVE('',#2723,#4350);
#4350 = DEFINITIONAL_REPRESENTATION('',(#4351),#4355);
#4351 = LINE('',#4352,#4353);
#4352 = CARTESIAN_POINT('',(0.,-0.));
#4353 = VECTOR('',#4354,1.);
#4354 = DIRECTION('',(0.,1.));
#4355 = ( GEOMETRIC_REPRESENTATION_CONTEXT(2) 
PARAMETRIC_REPRESENTATION_CONTEXT() REPRESENTATION_CONTEXT('2D SPACE',''
  ) );
#4356 = ORIENTED_EDGE('',*,*,#4357,.F.);
#4357 = EDGE_CURVE('',#4335,#4335,#4358,.T.);
#4358 = SURFACE_CURVE('',#4359,(#4364,#4371),.PCURVE_S1.);
#4359 = CIRCLE('',#4360,3.);
#4360 = AXIS2_PLACEMENT_3D('',#4361,#4362,#4363);
#4361 = CARTESIAN_POINT('',(-2.216118040609,56.693317515713,12.5));
#4362 = DIRECTION('',(3.48994967025E-02,-0.999390827019,0.));
#4363 = DIRECTION('',(-0.999390827019,-3.48994967025E-02,0.));
#4364 = PCURVE('',#2723,#4365);
#4365 = DEFINITIONAL_REPRESENTATION('',(#4366),#4370);
#4366 = LINE('',#4367,#4368);
#4367 = CARTESIAN_POINT('',(0.,4.5));
#4368 = VECTOR('',#4369,1.);
#4369 = DIRECTION('',(1.,0.));
#4370 = ( GEOMETRIC_REPRESENTATION_CONTEXT(2) 
PARAMETRIC_REPRESENTATION_CONTEXT() REPRESENTATION_CONTEXT('2D SPACE',''
  ) );
#4371 = PCURVE('',#4372,#4377);
#4372 = PLANE('',#4373);
#4373 = AXIS2_PLACEMENT_3D('',#4374,#4375,#4376);
#4374 = CARTESIAN_POINT('',(-2.216118040609,56.693317515713,12.5));
#4375 = DIRECTION('',(3.48994967025E-02,-0.999390827019,0.));
#4376 = DIRECTION('',(-0.999390827019,-3.48994967025E-02,0.));
#4377 = DEFINITIONAL_REPRESENTATION('',(#4378),#4382);
#4378 = CIRCLE('',#4379,3.);
#4379 = AXIS2_PLACEMENT_2D('',#4380,#4381);
#4380 = CARTESIAN_POINT('',(0.,0.));
#4381 = DIRECTION('',(1.,0.));
#4382 = ( GEOMETRIC_REPRESENTATION_CONTEXT(2) 
PARAMETRIC_REPRESENTATION_CONTEXT() REPRESENTATION_CONTEXT('2D SPACE',''
  ) );
#4383 = ORIENTED_EDGE('',*,*,#4334,.F.);
#4384 = ORIENTED_EDGE('',*,*,#2597,.T.);
#4385 = ADVANCED_FACE('',(#4386),#2918,.F.);
#4386 = FACE_BOUND('',#4387,.F.);
#4387 = EDGE_LOOP('',(#4388,#4411,#4438,#4439));
#4388 = ORIENTED_EDGE('',*,*,#4389,.T.);
#4389 = EDGE_CURVE('',#2793,#4390,#4392,.T.);
#4390 = VERTEX_POINT('',#4391);
#4391 = CARTESIAN_POINT('',(-45.57388467854,37.552097419866,12.5));
#4392 = SEAM_CURVE('',#4393,(#4397,#4404),.PCURVE_S1.);
#4393 = LINE('',#4394,#4395);
#4394 = CARTESIAN_POINT('',(-48.64828399354,40.838138936943,12.5));
#4395 = VECTOR('',#4396,1.);
#4396 = DIRECTION('',(0.683199847777,-0.730231448239,2.401648174041E-33)
  );
#4397 = PCURVE('',#2918,#4398);
#4398 = DEFINITIONAL_REPRESENTATION('',(#4399),#4403);
#4399 = LINE('',#4400,#4401);
#4400 = CARTESIAN_POINT('',(6.28318530718,-0.));
#4401 = VECTOR('',#4402,1.);
#4402 = DIRECTION('',(0.,1.));
#4403 = ( GEOMETRIC_REPRESENTATION_CONTEXT(2) 
PARAMETRIC_REPRESENTATION_CONTEXT() REPRESENTATION_CONTEXT('2D SPACE',''
  ) );
#4404 = PCURVE('',#2918,#4405);
#4405 = DEFINITIONAL_REPRESENTATION('',(#4406),#4410);
#4406 = LINE('',#4407,#4408);
#4407 = CARTESIAN_POINT('',(0.,-0.));
#4408 = VECTOR('',#4409,1.);
#4409 = DIRECTION('',(0.,1.));
#4410 = ( GEOMETRIC_REPRESENTATION_CONTEXT(2) 
PARAMETRIC_REPRESENTATION_CONTEXT() REPRESENTATION_CONTEXT('2D SPACE',''
  ) );
#4411 = ORIENTED_EDGE('',*,*,#4412,.F.);
#4412 = EDGE_CURVE('',#4390,#4390,#4413,.T.);
#4413 = SURFACE_CURVE('',#4414,(#4419,#4426),.PCURVE_S1.);
#4414 = CIRCLE('',#4415,3.);
#4415 = AXIS2_PLACEMENT_3D('',#4416,#4417,#4418);
#4416 = CARTESIAN_POINT('',(-43.38319033383,39.601696963197,12.5));
#4417 = DIRECTION('',(0.683199847777,-0.730231448239,0.));
#4418 = DIRECTION('',(-0.730231448239,-0.683199847777,0.));
#4419 = PCURVE('',#2918,#4420);
#4420 = DEFINITIONAL_REPRESENTATION('',(#4421),#4425);
#4421 = LINE('',#4422,#4423);
#4422 = CARTESIAN_POINT('',(0.,4.5));
#4423 = VECTOR('',#4424,1.);
#4424 = DIRECTION('',(1.,0.));
#4425 = ( GEOMETRIC_REPRESENTATION_CONTEXT(2) 
PARAMETRIC_REPRESENTATION_CONTEXT() REPRESENTATION_CONTEXT('2D SPACE',''
  ) );
#4426 = PCURVE('',#4427,#4432);
#4427 = PLANE('',#4428);
#4428 = AXIS2_PLACEMENT_3D('',#4429,#4430,#4431);
#4429 = CARTESIAN_POINT('',(-43.38319033383,39.601696963197,12.5));
#4430 = DIRECTION('',(0.683199847777,-0.730231448239,0.));
#4431 = DIRECTION('',(-0.730231448239,-0.683199847777,0.));
#4432 = DEFINITIONAL_REPRESENTATION('',(#4433),#4437);
#4433 = CIRCLE('',#4434,3.);
#4434 = AXIS2_PLACEMENT_2D('',#4435,#4436);
#4435 = CARTESIAN_POINT('',(0.,0.));
#4436 = DIRECTION('',(1.,0.));
#4437 = ( GEOMETRIC_REPRESENTATION_CONTEXT(2) 
PARAMETRIC_REPRESENTATION_CONTEXT() REPRESENTATION_CONTEXT('2D SPACE',''
  ) );
#4438 = ORIENTED_EDGE('',*,*,#4389,.F.);
#4439 = ORIENTED_EDGE('',*,*,#2792,.T.);
#4440 = ADVANCED_FACE('',(#4441,#4516),#3006,.F.);
#4441 = FACE_BOUND('',#4442,.F.);
#4442 = EDGE_LOOP('',(#4443,#4473,#4494,#4495));
#4443 = ORIENTED_EDGE('',*,*,#4444,.T.);
#4444 = EDGE_CURVE('',#4445,#4447,#4449,.T.);
#4445 = VERTEX_POINT('',#4446);
#4446 = CARTESIAN_POINT('',(29.813189982594,47.650964553377,23.5));
#4447 = VERTEX_POINT('',#4448);
#4448 = CARTESIAN_POINT('',(34.097902439387,45.073904375072,23.5));
#4449 = SURFACE_CURVE('',#4450,(#4454,#4461),.PCURVE_S1.);
#4450 = LINE('',#4451,#4452);
#4451 = CARTESIAN_POINT('',(29.813189982594,47.650964553377,23.5));
#4452 = VECTOR('',#4453,1.);
#4453 = DIRECTION('',(0.856942491358,-0.515412035661,0.));
#4454 = PCURVE('',#3006,#4455);
#4455 = DEFINITIONAL_REPRESENTATION('',(#4456),#4460);
#4456 = LINE('',#4457,#4458);
#4457 = CARTESIAN_POINT('',(-4.719416406702,-2.996182367639));
#4458 = VECTOR('',#4459,1.);
#4459 = DIRECTION('',(0.856942491358,-0.515412035661));
#4460 = ( GEOMETRIC_REPRESENTATION_CONTEXT(2) 
PARAMETRIC_REPRESENTATION_CONTEXT() REPRESENTATION_CONTEXT('2D SPACE',''
  ) );
#4461 = PCURVE('',#4462,#4467);
#4462 = PLANE('',#4463);
#4463 = AXIS2_PLACEMENT_3D('',#4464,#4465,#4466);
#4464 = CARTESIAN_POINT('',(29.813189982594,47.650964553377,1.5));
#4465 = DIRECTION('',(0.515412035661,0.856942491358,-0.));
#4466 = DIRECTION('',(0.856942491358,-0.515412035661,0.));
#4467 = DEFINITIONAL_REPRESENTATION('',(#4468),#4472);
#4468 = LINE('',#4469,#4470);
#4469 = CARTESIAN_POINT('',(0.,-22.));
#4470 = VECTOR('',#4471,1.);
#4471 = DIRECTION('',(1.,0.));
#4472 = ( GEOMETRIC_REPRESENTATION_CONTEXT(2) 
PARAMETRIC_REPRESENTATION_CONTEXT() REPRESENTATION_CONTEXT('2D SPACE',''
  ) );
#4473 = ORIENTED_EDGE('',*,*,#4474,.T.);
#4474 = EDGE_CURVE('',#4447,#2990,#4475,.T.);
#4475 = SURFACE_CURVE('',#4476,(#4480,#4487),.PCURVE_S1.);
#4476 = LINE('',#4477,#4478);
#4477 = CARTESIAN_POINT('',(34.097902439387,45.073904375072,23.5));
#4478 = VECTOR('',#4479,1.);
#4479 = DIRECTION('',(0.515412035661,0.856942491358,0.));
#4480 = PCURVE('',#3006,#4481);
#4481 = DEFINITIONAL_REPRESENTATION('',(#4482),#4486);
#4482 = LINE('',#4483,#4484);
#4483 = CARTESIAN_POINT('',(-0.43470394991,-5.573242545945));
#4484 = VECTOR('',#4485,1.);
#4485 = DIRECTION('',(0.515412035661,0.856942491358));
#4486 = ( GEOMETRIC_REPRESENTATION_CONTEXT(2) 
PARAMETRIC_REPRESENTATION_CONTEXT() REPRESENTATION_CONTEXT('2D SPACE',''
  ) );
#4487 = PCURVE('',#3037,#4488);
#4488 = DEFINITIONAL_REPRESENTATION('',(#4489),#4493);
#4489 = LINE('',#4490,#4491);
#4490 = CARTESIAN_POINT('',(0.,-22.));
#4491 = VECTOR('',#4492,1.);
#4492 = DIRECTION('',(1.,0.));
#4493 = ( GEOMETRIC_REPRESENTATION_CONTEXT(2) 
PARAMETRIC_REPRESENTATION_CONTEXT() REPRESENTATION_CONTEXT('2D SPACE',''
  ) );
#4494 = ORIENTED_EDGE('',*,*,#2987,.F.);
#4495 = ORIENTED_EDGE('',*,*,#4496,.T.);
#4496 = EDGE_CURVE('',#2988,#4445,#4497,.T.);
#4497 = SURFACE_CURVE('',#4498,(#4502,#4509),.PCURVE_S1.);
#4498 = LINE('',#4499,#4500);
#4499 = CARTESIAN_POINT('',(34.967310339206,56.220389466962,23.5));
#4500 = VECTOR('',#4501,1.);
#4501 = DIRECTION('',(-0.515412035661,-0.856942491358,0.));
#4502 = PCURVE('',#3006,#4503);
#4503 = DEFINITIONAL_REPRESENTATION('',(#4504),#4508);
#4504 = LINE('',#4505,#4506);
#4505 = CARTESIAN_POINT('',(0.43470394991,5.573242545945));
#4506 = VECTOR('',#4507,1.);
#4507 = DIRECTION('',(-0.515412035661,-0.856942491358));
#4508 = ( GEOMETRIC_REPRESENTATION_CONTEXT(2) 
PARAMETRIC_REPRESENTATION_CONTEXT() REPRESENTATION_CONTEXT('2D SPACE',''
  ) );
#4509 = PCURVE('',#3094,#4510);
#4510 = DEFINITIONAL_REPRESENTATION('',(#4511),#4515);
#4511 = LINE('',#4512,#4513);
#4512 = CARTESIAN_POINT('',(0.,-22.));
#4513 = VECTOR('',#4514,1.);
#4514 = DIRECTION('',(1.,0.));
#4515 = ( GEOMETRIC_REPRESENTATION_CONTEXT(2) 
PARAMETRIC_REPRESENTATION_CONTEXT() REPRESENTATION_CONTEXT('2D SPACE',''
  ) );
#4516 = FACE_BOUND('',#4517,.F.);
#4517 = EDGE_LOOP('',(#4518));
#4518 = ORIENTED_EDGE('',*,*,#4519,.T.);
#4519 = EDGE_CURVE('',#4520,#4520,#4522,.T.);
#4520 = VERTEX_POINT('',#4521);
#4521 = CARTESIAN_POINT('',(34.844076300143,48.504790692621,23.5));
#4522 = SURFACE_CURVE('',#4523,(#4528,#4539),.PCURVE_S1.);
#4523 = CIRCLE('',#4524,1.6);
#4524 = AXIS2_PLACEMENT_3D('',#4525,#4526,#4527);
#4525 = CARTESIAN_POINT('',(33.244076300143,48.504790692621,23.5));
#4526 = DIRECTION('',(0.,0.,-1.));
#4527 = DIRECTION('',(1.,0.,0.));
#4528 = PCURVE('',#3006,#4529);
#4529 = DEFINITIONAL_REPRESENTATION('',(#4530),#4538);
#4530 = ( BOUNDED_CURVE() B_SPLINE_CURVE(2,(#4531,#4532,#4533,#4534,
#4535,#4536,#4537),.UNSPECIFIED.,.T.,.F.) B_SPLINE_CURVE_WITH_KNOTS((1,2
    ,2,2,2,1),(-2.094395102393,0.,2.094395102393,4.188790204786,
6.28318530718,8.377580409573),.UNSPECIFIED.) CURVE() 
GEOMETRIC_REPRESENTATION_ITEM() RATIONAL_B_SPLINE_CURVE((1.,0.5,1.,0.5,
1.,0.5,1.)) REPRESENTATION_ITEM('') );
#4531 = CARTESIAN_POINT('',(0.311469910847,-2.142356228396));
#4532 = CARTESIAN_POINT('',(0.311469910847,-4.913637520506));
#4533 = CARTESIAN_POINT('',(-2.088530089153,-3.527996874451));
#4534 = CARTESIAN_POINT('',(-4.488530089153,-2.142356228396));
#4535 = CARTESIAN_POINT('',(-2.088530089153,-0.756715582341));
#4536 = CARTESIAN_POINT('',(0.311469910847,0.628925063714));
#4537 = CARTESIAN_POINT('',(0.311469910847,-2.142356228396));
#4538 = ( GEOMETRIC_REPRESENTATION_CONTEXT(2) 
PARAMETRIC_REPRESENTATION_CONTEXT() REPRESENTATION_CONTEXT('2D SPACE',''
  ) );
#4539 = PCURVE('',#4140,#4540);
#4540 = DEFINITIONAL_REPRESENTATION('',(#4541),#4545);
#4541 = LINE('',#4542,#4543);
#4542 = CARTESIAN_POINT('',(-6.28318530718,-23.5));
#4543 = VECTOR('',#4544,1.);
#4544 = DIRECTION('',(1.,-0.));
#4545 = ( GEOMETRIC_REPRESENTATION_CONTEXT(2) 
PARAMETRIC_REPRESENTATION_CONTEXT() REPRESENTATION_CONTEXT('2D SPACE',''
  ) );
#4546 = ADVANCED_FACE('',(#4547),#3094,.T.);
#4547 = FACE_BOUND('',#4548,.T.);
#4548 = EDGE_LOOP('',(#4549,#4572,#4573,#4574));
#4549 = ORIENTED_EDGE('',*,*,#4550,.F.);
#4550 = EDGE_CURVE('',#3049,#4551,#4553,.T.);
#4551 = VERTEX_POINT('',#4552);
#4552 = CARTESIAN_POINT('',(29.813189982594,47.650964553377,1.5));
#4553 = SURFACE_CURVE('',#4554,(#4558,#4565),.PCURVE_S1.);
#4554 = LINE('',#4555,#4556);
#4555 = CARTESIAN_POINT('',(34.967310339206,56.220389466962,1.5));
#4556 = VECTOR('',#4557,1.);
#4557 = DIRECTION('',(-0.515412035661,-0.856942491358,0.));
#4558 = PCURVE('',#3094,#4559);
#4559 = DEFINITIONAL_REPRESENTATION('',(#4560),#4564);
#4560 = LINE('',#4561,#4562);
#4561 = CARTESIAN_POINT('',(0.,0.));
#4562 = VECTOR('',#4563,1.);
#4563 = DIRECTION('',(1.,0.));
#4564 = ( GEOMETRIC_REPRESENTATION_CONTEXT(2) 
PARAMETRIC_REPRESENTATION_CONTEXT() REPRESENTATION_CONTEXT('2D SPACE',''
  ) );
#4565 = PCURVE('',#3065,#4566);
#4566 = DEFINITIONAL_REPRESENTATION('',(#4567),#4571);
#4567 = LINE('',#4568,#4569);
#4568 = CARTESIAN_POINT('',(0.43470394991,5.573242545945));
#4569 = VECTOR('',#4570,1.);
#4570 = DIRECTION('',(-0.515412035661,-0.856942491358));
#4571 = ( GEOMETRIC_REPRESENTATION_CONTEXT(2) 
PARAMETRIC_REPRESENTATION_CONTEXT() REPRESENTATION_CONTEXT('2D SPACE',''
  ) );
#4572 = ORIENTED_EDGE('',*,*,#3081,.F.);
#4573 = ORIENTED_EDGE('',*,*,#4496,.T.);
#4574 = ORIENTED_EDGE('',*,*,#4575,.F.);
#4575 = EDGE_CURVE('',#4551,#4445,#4576,.T.);
#4576 = SURFACE_CURVE('',#4577,(#4581,#4588),.PCURVE_S1.);
#4577 = LINE('',#4578,#4579);
#4578 = CARTESIAN_POINT('',(29.813189982594,47.650964553377,1.5));
#4579 = VECTOR('',#4580,1.);
#4580 = DIRECTION('',(0.,0.,1.));
#4581 = PCURVE('',#3094,#4582);
#4582 = DEFINITIONAL_REPRESENTATION('',(#4583),#4587);
#4583 = LINE('',#4584,#4585);
#4584 = CARTESIAN_POINT('',(10.,0.));
#4585 = VECTOR('',#4586,1.);
#4586 = DIRECTION('',(0.,-1.));
#4587 = ( GEOMETRIC_REPRESENTATION_CONTEXT(2) 
PARAMETRIC_REPRESENTATION_CONTEXT() REPRESENTATION_CONTEXT('2D SPACE',''
  ) );
#4588 = PCURVE('',#4462,#4589);
#4589 = DEFINITIONAL_REPRESENTATION('',(#4590),#4594);
#4590 = LINE('',#4591,#4592);
#4591 = CARTESIAN_POINT('',(0.,0.));
#4592 = VECTOR('',#4593,1.);
#4593 = DIRECTION('',(0.,-1.));
#4594 = ( GEOMETRIC_REPRESENTATION_CONTEXT(2) 
PARAMETRIC_REPRESENTATION_CONTEXT() REPRESENTATION_CONTEXT('2D SPACE',''
  ) );
#4595 = ADVANCED_FACE('',(#4596),#3037,.T.);
#4596 = FACE_BOUND('',#4597,.T.);
#4597 = EDGE_LOOP('',(#4598,#4621,#4642,#4643));
#4598 = ORIENTED_EDGE('',*,*,#4599,.F.);
#4599 = EDGE_CURVE('',#4600,#3023,#4602,.T.);
#4600 = VERTEX_POINT('',#4601);
#4601 = CARTESIAN_POINT('',(34.097902439387,45.073904375072,1.5));
#4602 = SURFACE_CURVE('',#4603,(#4607,#4614),.PCURVE_S1.);
#4603 = LINE('',#4604,#4605);
#4604 = CARTESIAN_POINT('',(34.097902439387,45.073904375072,1.5));
#4605 = VECTOR('',#4606,1.);
#4606 = DIRECTION('',(0.515412035661,0.856942491358,0.));
#4607 = PCURVE('',#3037,#4608);
#4608 = DEFINITIONAL_REPRESENTATION('',(#4609),#4613);
#4609 = LINE('',#4610,#4611);
#4610 = CARTESIAN_POINT('',(0.,0.));
#4611 = VECTOR('',#4612,1.);
#4612 = DIRECTION('',(1.,0.));
#4613 = ( GEOMETRIC_REPRESENTATION_CONTEXT(2) 
PARAMETRIC_REPRESENTATION_CONTEXT() REPRESENTATION_CONTEXT('2D SPACE',''
  ) );
#4614 = PCURVE('',#3065,#4615);
#4615 = DEFINITIONAL_REPRESENTATION('',(#4616),#4620);
#4616 = LINE('',#4617,#4618);
#4617 = CARTESIAN_POINT('',(-0.43470394991,-5.573242545945));
#4618 = VECTOR('',#4619,1.);
#4619 = DIRECTION('',(0.515412035661,0.856942491358));
#4620 = ( GEOMETRIC_REPRESENTATION_CONTEXT(2) 
PARAMETRIC_REPRESENTATION_CONTEXT() REPRESENTATION_CONTEXT('2D SPACE',''
  ) );
#4621 = ORIENTED_EDGE('',*,*,#4622,.T.);
#4622 = EDGE_CURVE('',#4600,#4447,#4623,.T.);
#4623 = SURFACE_CURVE('',#4624,(#4628,#4635),.PCURVE_S1.);
#4624 = LINE('',#4625,#4626);
#4625 = CARTESIAN_POINT('',(34.097902439387,45.073904375072,1.5));
#4626 = VECTOR('',#4627,1.);
#4627 = DIRECTION('',(0.,0.,1.));
#4628 = PCURVE('',#3037,#4629);
#4629 = DEFINITIONAL_REPRESENTATION('',(#4630),#4634);
#4630 = LINE('',#4631,#4632);
#4631 = CARTESIAN_POINT('',(0.,0.));
#4632 = VECTOR('',#4633,1.);
#4633 = DIRECTION('',(0.,-1.));
#4634 = ( GEOMETRIC_REPRESENTATION_CONTEXT(2) 
PARAMETRIC_REPRESENTATION_CONTEXT() REPRESENTATION_CONTEXT('2D SPACE',''
  ) );
#4635 = PCURVE('',#4462,#4636);
#4636 = DEFINITIONAL_REPRESENTATION('',(#4637),#4641);
#4637 = LINE('',#4638,#4639);
#4638 = CARTESIAN_POINT('',(5.,0.));
#4639 = VECTOR('',#4640,1.);
#4640 = DIRECTION('',(0.,-1.));
#4641 = ( GEOMETRIC_REPRESENTATION_CONTEXT(2) 
PARAMETRIC_REPRESENTATION_CONTEXT() REPRESENTATION_CONTEXT('2D SPACE',''
  ) );
#4642 = ORIENTED_EDGE('',*,*,#4474,.T.);
#4643 = ORIENTED_EDGE('',*,*,#3022,.T.);
#4644 = ADVANCED_FACE('',(#4645,#4671),#3065,.T.);
#4645 = FACE_BOUND('',#4646,.T.);
#4646 = EDGE_LOOP('',(#4647,#4668,#4669,#4670));
#4647 = ORIENTED_EDGE('',*,*,#4648,.T.);
#4648 = EDGE_CURVE('',#4551,#4600,#4649,.T.);
#4649 = SURFACE_CURVE('',#4650,(#4654,#4661),.PCURVE_S1.);
#4650 = LINE('',#4651,#4652);
#4651 = CARTESIAN_POINT('',(29.813189982594,47.650964553377,1.5));
#4652 = VECTOR('',#4653,1.);
#4653 = DIRECTION('',(0.856942491358,-0.515412035661,0.));
#4654 = PCURVE('',#3065,#4655);
#4655 = DEFINITIONAL_REPRESENTATION('',(#4656),#4660);
#4656 = LINE('',#4657,#4658);
#4657 = CARTESIAN_POINT('',(-4.719416406702,-2.996182367639));
#4658 = VECTOR('',#4659,1.);
#4659 = DIRECTION('',(0.856942491358,-0.515412035661));
#4660 = ( GEOMETRIC_REPRESENTATION_CONTEXT(2) 
PARAMETRIC_REPRESENTATION_CONTEXT() REPRESENTATION_CONTEXT('2D SPACE',''
  ) );
#4661 = PCURVE('',#4462,#4662);
#4662 = DEFINITIONAL_REPRESENTATION('',(#4663),#4667);
#4663 = LINE('',#4664,#4665);
#4664 = CARTESIAN_POINT('',(0.,0.));
#4665 = VECTOR('',#4666,1.);
#4666 = DIRECTION('',(1.,0.));
#4667 = ( GEOMETRIC_REPRESENTATION_CONTEXT(2) 
PARAMETRIC_REPRESENTATION_CONTEXT() REPRESENTATION_CONTEXT('2D SPACE',''
  ) );
#4668 = ORIENTED_EDGE('',*,*,#4599,.T.);
#4669 = ORIENTED_EDGE('',*,*,#3048,.F.);
#4670 = ORIENTED_EDGE('',*,*,#4550,.T.);
#4671 = FACE_BOUND('',#4672,.T.);
#4672 = EDGE_LOOP('',(#4673));
#4673 = ORIENTED_EDGE('',*,*,#4674,.T.);
#4674 = EDGE_CURVE('',#4675,#4675,#4677,.T.);
#4675 = VERTEX_POINT('',#4676);
#4676 = CARTESIAN_POINT('',(34.844076300143,48.504790692621,1.5));
#4677 = SURFACE_CURVE('',#4678,(#4683,#4694),.PCURVE_S1.);
#4678 = CIRCLE('',#4679,1.6);
#4679 = AXIS2_PLACEMENT_3D('',#4680,#4681,#4682);
#4680 = CARTESIAN_POINT('',(33.244076300143,48.504790692621,1.5));
#4681 = DIRECTION('',(0.,0.,-1.));
#4682 = DIRECTION('',(1.,0.,0.));
#4683 = PCURVE('',#3065,#4684);
#4684 = DEFINITIONAL_REPRESENTATION('',(#4685),#4693);
#4685 = ( BOUNDED_CURVE() B_SPLINE_CURVE(2,(#4686,#4687,#4688,#4689,
#4690,#4691,#4692),.UNSPECIFIED.,.T.,.F.) B_SPLINE_CURVE_WITH_KNOTS((1,2
    ,2,2,2,1),(-2.094395102393,0.,2.094395102393,4.188790204786,
6.28318530718,8.377580409573),.UNSPECIFIED.) CURVE() 
GEOMETRIC_REPRESENTATION_ITEM() RATIONAL_B_SPLINE_CURVE((1.,0.5,1.,0.5,
1.,0.5,1.)) REPRESENTATION_ITEM('') );
#4686 = CARTESIAN_POINT('',(0.311469910847,-2.142356228396));
#4687 = CARTESIAN_POINT('',(0.311469910847,-4.913637520506));
#4688 = CARTESIAN_POINT('',(-2.088530089153,-3.527996874451));
#4689 = CARTESIAN_POINT('',(-4.488530089153,-2.142356228396));
#4690 = CARTESIAN_POINT('',(-2.088530089153,-0.756715582341));
#4691 = CARTESIAN_POINT('',(0.311469910847,0.628925063714));
#4692 = CARTESIAN_POINT('',(0.311469910847,-2.142356228396));
#4693 = ( GEOMETRIC_REPRESENTATION_CONTEXT(2) 
PARAMETRIC_REPRESENTATION_CONTEXT() REPRESENTATION_CONTEXT('2D SPACE',''
  ) );
#4694 = PCURVE('',#3832,#4695);
#4695 = DEFINITIONAL_REPRESENTATION('',(#4696),#4700);
#4696 = LINE('',#4697,#4698);
#4697 = CARTESIAN_POINT('',(-6.28318530718,-1.5));
#4698 = VECTOR('',#4699,1.);
#4699 = DIRECTION('',(1.,-0.));
#4700 = ( GEOMETRIC_REPRESENTATION_CONTEXT(2) 
PARAMETRIC_REPRESENTATION_CONTEXT() REPRESENTATION_CONTEXT('2D SPACE',''
  ) );
#4701 = ADVANCED_FACE('',(#4702,#4777),#3126,.F.);
#4702 = FACE_BOUND('',#4703,.F.);
#4703 = EDGE_LOOP('',(#4704,#4734,#4755,#4756));
#4704 = ORIENTED_EDGE('',*,*,#4705,.T.);
#4705 = EDGE_CURVE('',#4706,#4708,#4710,.T.);
#4706 = VERTEX_POINT('',#4707);
#4707 = CARTESIAN_POINT('',(16.588439482159,53.023919818206,23.5));
#4708 = VERTEX_POINT('',#4709);
#4709 = CARTESIAN_POINT('',(21.348686128511,51.494197011324,23.5));
#4710 = SURFACE_CURVE('',#4711,(#4715,#4722),.PCURVE_S1.);
#4711 = LINE('',#4712,#4713);
#4712 = CARTESIAN_POINT('',(16.588439482159,53.023919818206,23.5));
#4713 = VECTOR('',#4714,1.);
#4714 = DIRECTION('',(0.95204932927,-0.305944561376,0.));
#4715 = PCURVE('',#3126,#4716);
#4716 = DEFINITIONAL_REPRESENTATION('',(#4717),#4721);
#4717 = LINE('',#4718,#4719);
#4718 = CARTESIAN_POINT('',(-17.94416690713,2.376772897189));
#4719 = VECTOR('',#4720,1.);
#4720 = DIRECTION('',(0.95204932927,-0.305944561376));
#4721 = ( GEOMETRIC_REPRESENTATION_CONTEXT(2) 
PARAMETRIC_REPRESENTATION_CONTEXT() REPRESENTATION_CONTEXT('2D SPACE',''
  ) );
#4722 = PCURVE('',#4723,#4728);
#4723 = PLANE('',#4724);
#4724 = AXIS2_PLACEMENT_3D('',#4725,#4726,#4727);
#4725 = CARTESIAN_POINT('',(16.588439482159,53.023919818206,1.5));
#4726 = DIRECTION('',(0.305944561376,0.95204932927,-0.));
#4727 = DIRECTION('',(0.95204932927,-0.305944561376,0.));
#4728 = DEFINITIONAL_REPRESENTATION('',(#4729),#4733);
#4729 = LINE('',#4730,#4731);
#4730 = CARTESIAN_POINT('',(0.,-22.));
#4731 = VECTOR('',#4732,1.);
#4732 = DIRECTION('',(1.,0.));
#4733 = ( GEOMETRIC_REPRESENTATION_CONTEXT(2) 
PARAMETRIC_REPRESENTATION_CONTEXT() REPRESENTATION_CONTEXT('2D SPACE',''
  ) );
#4734 = ORIENTED_EDGE('',*,*,#4735,.T.);
#4735 = EDGE_CURVE('',#4708,#3110,#4736,.T.);
#4736 = SURFACE_CURVE('',#4737,(#4741,#4748),.PCURVE_S1.);
#4737 = LINE('',#4738,#4739);
#4738 = CARTESIAN_POINT('',(21.348686128511,51.494197011324,23.5));
#4739 = VECTOR('',#4740,1.);
#4740 = DIRECTION('',(0.305944561376,0.95204932927,0.));
#4741 = PCURVE('',#3126,#4742);
#4742 = DEFINITIONAL_REPRESENTATION('',(#4743),#4747);
#4743 = LINE('',#4744,#4745);
#4744 = CARTESIAN_POINT('',(-13.18392026078,0.847050090307));
#4745 = VECTOR('',#4746,1.);
#4746 = DIRECTION('',(0.305944561376,0.95204932927));
#4747 = ( GEOMETRIC_REPRESENTATION_CONTEXT(2) 
PARAMETRIC_REPRESENTATION_CONTEXT() REPRESENTATION_CONTEXT('2D SPACE',''
  ) );
#4748 = PCURVE('',#3157,#4749);
#4749 = DEFINITIONAL_REPRESENTATION('',(#4750),#4754);
#4750 = LINE('',#4751,#4752);
#4751 = CARTESIAN_POINT('',(0.,-22.));
#4752 = VECTOR('',#4753,1.);
#4753 = DIRECTION('',(1.,0.));
#4754 = ( GEOMETRIC_REPRESENTATION_CONTEXT(2) 
PARAMETRIC_REPRESENTATION_CONTEXT() REPRESENTATION_CONTEXT('2D SPACE',''
  ) );
#4755 = ORIENTED_EDGE('',*,*,#3107,.F.);
#4756 = ORIENTED_EDGE('',*,*,#4757,.T.);
#4757 = EDGE_CURVE('',#3108,#4706,#4758,.T.);
#4758 = SURFACE_CURVE('',#4759,(#4763,#4770),.PCURVE_S1.);
#4759 = LINE('',#4760,#4761);
#4760 = CARTESIAN_POINT('',(19.647885095923,62.54441311091,23.5));
#4761 = VECTOR('',#4762,1.);
#4762 = DIRECTION('',(-0.305944561376,-0.95204932927,0.));
#4763 = PCURVE('',#3126,#4764);
#4764 = DEFINITIONAL_REPRESENTATION('',(#4765),#4769);
#4765 = LINE('',#4766,#4767);
#4766 = CARTESIAN_POINT('',(-14.88472129337,11.897266189893));
#4767 = VECTOR('',#4768,1.);
#4768 = DIRECTION('',(-0.305944561376,-0.95204932927));
#4769 = ( GEOMETRIC_REPRESENTATION_CONTEXT(2) 
PARAMETRIC_REPRESENTATION_CONTEXT() REPRESENTATION_CONTEXT('2D SPACE',''
  ) );
#4770 = PCURVE('',#3214,#4771);
#4771 = DEFINITIONAL_REPRESENTATION('',(#4772),#4776);
#4772 = LINE('',#4773,#4774);
#4773 = CARTESIAN_POINT('',(0.,-22.));
#4774 = VECTOR('',#4775,1.);
#4775 = DIRECTION('',(1.,0.));
#4776 = ( GEOMETRIC_REPRESENTATION_CONTEXT(2) 
PARAMETRIC_REPRESENTATION_CONTEXT() REPRESENTATION_CONTEXT('2D SPACE',''
  ) );
#4777 = FACE_BOUND('',#4778,.F.);
#4778 = EDGE_LOOP('',(#4779));
#4779 = ORIENTED_EDGE('',*,*,#4780,.T.);
#4780 = EDGE_CURVE('',#4781,#4781,#4783,.T.);
#4781 = VERTEX_POINT('',#4782);
#4782 = CARTESIAN_POINT('',(21.333424208776,54.639181737941,23.5));
#4783 = SURFACE_CURVE('',#4784,(#4789,#4800),.PCURVE_S1.);
#4784 = CIRCLE('',#4785,1.6);
#4785 = AXIS2_PLACEMENT_3D('',#4786,#4787,#4788);
#4786 = CARTESIAN_POINT('',(19.733424208776,54.639181737941,23.5));
#4787 = DIRECTION('',(0.,0.,-1.));
#4788 = DIRECTION('',(1.,0.,0.));
#4789 = PCURVE('',#3126,#4790);
#4790 = DEFINITIONAL_REPRESENTATION('',(#4791),#4799);
#4791 = ( BOUNDED_CURVE() B_SPLINE_CURVE(2,(#4792,#4793,#4794,#4795,
#4796,#4797,#4798),.UNSPECIFIED.,.T.,.F.) B_SPLINE_CURVE_WITH_KNOTS((1,2
    ,2,2,2,1),(-2.094395102393,0.,2.094395102393,4.188790204786,
6.28318530718,8.377580409573),.UNSPECIFIED.) CURVE() 
GEOMETRIC_REPRESENTATION_ITEM() RATIONAL_B_SPLINE_CURVE((1.,0.5,1.,0.5,
1.,0.5,1.)) REPRESENTATION_ITEM('') );
#4792 = CARTESIAN_POINT('',(-13.19918218052,3.992034816924));
#4793 = CARTESIAN_POINT('',(-13.19918218052,1.220753524814));
#4794 = CARTESIAN_POINT('',(-15.59918218052,2.606394170869));
#4795 = CARTESIAN_POINT('',(-17.99918218052,3.992034816924));
#4796 = CARTESIAN_POINT('',(-15.59918218052,5.377675462979));
#4797 = CARTESIAN_POINT('',(-13.19918218052,6.763316109034));
#4798 = CARTESIAN_POINT('',(-13.19918218052,3.992034816924));
#4799 = ( GEOMETRIC_REPRESENTATION_CONTEXT(2) 
PARAMETRIC_REPRESENTATION_CONTEXT() REPRESENTATION_CONTEXT('2D SPACE',''
  ) );
#4800 = PCURVE('',#4233,#4801);
#4801 = DEFINITIONAL_REPRESENTATION('',(#4802),#4806);
#4802 = LINE('',#4803,#4804);
#4803 = CARTESIAN_POINT('',(-6.28318530718,-23.5));
#4804 = VECTOR('',#4805,1.);
#4805 = DIRECTION('',(1.,-0.));
#4806 = ( GEOMETRIC_REPRESENTATION_CONTEXT(2) 
PARAMETRIC_REPRESENTATION_CONTEXT() REPRESENTATION_CONTEXT('2D SPACE',''
  ) );
#4807 = ADVANCED_FACE('',(#4808),#3214,.T.);
#4808 = FACE_BOUND('',#4809,.T.);
#4809 = EDGE_LOOP('',(#4810,#4833,#4834,#4835));
#4810 = ORIENTED_EDGE('',*,*,#4811,.F.);
#4811 = EDGE_CURVE('',#3169,#4812,#4814,.T.);
#4812 = VERTEX_POINT('',#4813);
#4813 = CARTESIAN_POINT('',(16.588439482159,53.023919818206,1.5));
#4814 = SURFACE_CURVE('',#4815,(#4819,#4826),.PCURVE_S1.);
#4815 = LINE('',#4816,#4817);
#4816 = CARTESIAN_POINT('',(19.647885095923,62.54441311091,1.5));
#4817 = VECTOR('',#4818,1.);
#4818 = DIRECTION('',(-0.305944561376,-0.95204932927,0.));
#4819 = PCURVE('',#3214,#4820);
#4820 = DEFINITIONAL_REPRESENTATION('',(#4821),#4825);
#4821 = LINE('',#4822,#4823);
#4822 = CARTESIAN_POINT('',(0.,0.));
#4823 = VECTOR('',#4824,1.);
#4824 = DIRECTION('',(1.,0.));
#4825 = ( GEOMETRIC_REPRESENTATION_CONTEXT(2) 
PARAMETRIC_REPRESENTATION_CONTEXT() REPRESENTATION_CONTEXT('2D SPACE',''
  ) );
#4826 = PCURVE('',#3185,#4827);
#4827 = DEFINITIONAL_REPRESENTATION('',(#4828),#4832);
#4828 = LINE('',#4829,#4830);
#4829 = CARTESIAN_POINT('',(-14.88472129337,11.897266189893));
#4830 = VECTOR('',#4831,1.);
#4831 = DIRECTION('',(-0.305944561376,-0.95204932927));
#4832 = ( GEOMETRIC_REPRESENTATION_CONTEXT(2) 
PARAMETRIC_REPRESENTATION_CONTEXT() REPRESENTATION_CONTEXT('2D SPACE',''
  ) );
#4833 = ORIENTED_EDGE('',*,*,#3201,.F.);
#4834 = ORIENTED_EDGE('',*,*,#4757,.T.);
#4835 = ORIENTED_EDGE('',*,*,#4836,.F.);
#4836 = EDGE_CURVE('',#4812,#4706,#4837,.T.);
#4837 = SURFACE_CURVE('',#4838,(#4842,#4849),.PCURVE_S1.);
#4838 = LINE('',#4839,#4840);
#4839 = CARTESIAN_POINT('',(16.588439482159,53.023919818206,1.5));
#4840 = VECTOR('',#4841,1.);
#4841 = DIRECTION('',(0.,0.,1.));
#4842 = PCURVE('',#3214,#4843);
#4843 = DEFINITIONAL_REPRESENTATION('',(#4844),#4848);
#4844 = LINE('',#4845,#4846);
#4845 = CARTESIAN_POINT('',(10.,0.));
#4846 = VECTOR('',#4847,1.);
#4847 = DIRECTION('',(0.,-1.));
#4848 = ( GEOMETRIC_REPRESENTATION_CONTEXT(2) 
PARAMETRIC_REPRESENTATION_CONTEXT() REPRESENTATION_CONTEXT('2D SPACE',''
  ) );
#4849 = PCURVE('',#4723,#4850);
#4850 = DEFINITIONAL_REPRESENTATION('',(#4851),#4855);
#4851 = LINE('',#4852,#4853);
#4852 = CARTESIAN_POINT('',(0.,0.));
#4853 = VECTOR('',#4854,1.);
#4854 = DIRECTION('',(0.,-1.));
#4855 = ( GEOMETRIC_REPRESENTATION_CONTEXT(2) 
PARAMETRIC_REPRESENTATION_CONTEXT() REPRESENTATION_CONTEXT('2D SPACE',''
  ) );
#4856 = ADVANCED_FACE('',(#4857),#3157,.T.);
#4857 = FACE_BOUND('',#4858,.T.);
#4858 = EDGE_LOOP('',(#4859,#4882,#4903,#4904));
#4859 = ORIENTED_EDGE('',*,*,#4860,.F.);
#4860 = EDGE_CURVE('',#4861,#3143,#4863,.T.);
#4861 = VERTEX_POINT('',#4862);
#4862 = CARTESIAN_POINT('',(21.348686128511,51.494197011324,1.5));
#4863 = SURFACE_CURVE('',#4864,(#4868,#4875),.PCURVE_S1.);
#4864 = LINE('',#4865,#4866);
#4865 = CARTESIAN_POINT('',(21.348686128511,51.494197011324,1.5));
#4866 = VECTOR('',#4867,1.);
#4867 = DIRECTION('',(0.305944561376,0.95204932927,0.));
#4868 = PCURVE('',#3157,#4869);
#4869 = DEFINITIONAL_REPRESENTATION('',(#4870),#4874);
#4870 = LINE('',#4871,#4872);
#4871 = CARTESIAN_POINT('',(0.,0.));
#4872 = VECTOR('',#4873,1.);
#4873 = DIRECTION('',(1.,0.));
#4874 = ( GEOMETRIC_REPRESENTATION_CONTEXT(2) 
PARAMETRIC_REPRESENTATION_CONTEXT() REPRESENTATION_CONTEXT('2D SPACE',''
  ) );
#4875 = PCURVE('',#3185,#4876);
#4876 = DEFINITIONAL_REPRESENTATION('',(#4877),#4881);
#4877 = LINE('',#4878,#4879);
#4878 = CARTESIAN_POINT('',(-13.18392026078,0.847050090307));
#4879 = VECTOR('',#4880,1.);
#4880 = DIRECTION('',(0.305944561376,0.95204932927));
#4881 = ( GEOMETRIC_REPRESENTATION_CONTEXT(2) 
PARAMETRIC_REPRESENTATION_CONTEXT() REPRESENTATION_CONTEXT('2D SPACE',''
  ) );
#4882 = ORIENTED_EDGE('',*,*,#4883,.T.);
#4883 = EDGE_CURVE('',#4861,#4708,#4884,.T.);
#4884 = SURFACE_CURVE('',#4885,(#4889,#4896),.PCURVE_S1.);
#4885 = LINE('',#4886,#4887);
#4886 = CARTESIAN_POINT('',(21.348686128511,51.494197011324,1.5));
#4887 = VECTOR('',#4888,1.);
#4888 = DIRECTION('',(0.,0.,1.));
#4889 = PCURVE('',#3157,#4890);
#4890 = DEFINITIONAL_REPRESENTATION('',(#4891),#4895);
#4891 = LINE('',#4892,#4893);
#4892 = CARTESIAN_POINT('',(0.,0.));
#4893 = VECTOR('',#4894,1.);
#4894 = DIRECTION('',(0.,-1.));
#4895 = ( GEOMETRIC_REPRESENTATION_CONTEXT(2) 
PARAMETRIC_REPRESENTATION_CONTEXT() REPRESENTATION_CONTEXT('2D SPACE',''
  ) );
#4896 = PCURVE('',#4723,#4897);
#4897 = DEFINITIONAL_REPRESENTATION('',(#4898),#4902);
#4898 = LINE('',#4899,#4900);
#4899 = CARTESIAN_POINT('',(5.,0.));
#4900 = VECTOR('',#4901,1.);
#4901 = DIRECTION('',(0.,-1.));
#4902 = ( GEOMETRIC_REPRESENTATION_CONTEXT(2) 
PARAMETRIC_REPRESENTATION_CONTEXT() REPRESENTATION_CONTEXT('2D SPACE',''
  ) );
#4903 = ORIENTED_EDGE('',*,*,#4735,.T.);
#4904 = ORIENTED_EDGE('',*,*,#3142,.T.);
#4905 = ADVANCED_FACE('',(#4906,#4932),#3185,.T.);
#4906 = FACE_BOUND('',#4907,.T.);
#4907 = EDGE_LOOP('',(#4908,#4929,#4930,#4931));
#4908 = ORIENTED_EDGE('',*,*,#4909,.T.);
#4909 = EDGE_CURVE('',#4812,#4861,#4910,.T.);
#4910 = SURFACE_CURVE('',#4911,(#4915,#4922),.PCURVE_S1.);
#4911 = LINE('',#4912,#4913);
#4912 = CARTESIAN_POINT('',(16.588439482159,53.023919818206,1.5));
#4913 = VECTOR('',#4914,1.);
#4914 = DIRECTION('',(0.95204932927,-0.305944561376,0.));
#4915 = PCURVE('',#3185,#4916);
#4916 = DEFINITIONAL_REPRESENTATION('',(#4917),#4921);
#4917 = LINE('',#4918,#4919);
#4918 = CARTESIAN_POINT('',(-17.94416690713,2.376772897189));
#4919 = VECTOR('',#4920,1.);
#4920 = DIRECTION('',(0.95204932927,-0.305944561376));
#4921 = ( GEOMETRIC_REPRESENTATION_CONTEXT(2) 
PARAMETRIC_REPRESENTATION_CONTEXT() REPRESENTATION_CONTEXT('2D SPACE',''
  ) );
#4922 = PCURVE('',#4723,#4923);
#4923 = DEFINITIONAL_REPRESENTATION('',(#4924),#4928);
#4924 = LINE('',#4925,#4926);
#4925 = CARTESIAN_POINT('',(0.,0.));
#4926 = VECTOR('',#4927,1.);
#4927 = DIRECTION('',(1.,0.));
#4928 = ( GEOMETRIC_REPRESENTATION_CONTEXT(2) 
PARAMETRIC_REPRESENTATION_CONTEXT() REPRESENTATION_CONTEXT('2D SPACE',''
  ) );
#4929 = ORIENTED_EDGE('',*,*,#4860,.T.);
#4930 = ORIENTED_EDGE('',*,*,#3168,.F.);
#4931 = ORIENTED_EDGE('',*,*,#4811,.T.);
#4932 = FACE_BOUND('',#4933,.T.);
#4933 = EDGE_LOOP('',(#4934));
#4934 = ORIENTED_EDGE('',*,*,#4935,.T.);
#4935 = EDGE_CURVE('',#4936,#4936,#4938,.T.);
#4936 = VERTEX_POINT('',#4937);
#4937 = CARTESIAN_POINT('',(21.333424208776,54.639181737941,1.5));
#4938 = SURFACE_CURVE('',#4939,(#4944,#4955),.PCURVE_S1.);
#4939 = CIRCLE('',#4940,1.6);
#4940 = AXIS2_PLACEMENT_3D('',#4941,#4942,#4943);
#4941 = CARTESIAN_POINT('',(19.733424208776,54.639181737941,1.5));
#4942 = DIRECTION('',(0.,0.,-1.));
#4943 = DIRECTION('',(1.,0.,0.));
#4944 = PCURVE('',#3185,#4945);
#4945 = DEFINITIONAL_REPRESENTATION('',(#4946),#4954);
#4946 = ( BOUNDED_CURVE() B_SPLINE_CURVE(2,(#4947,#4948,#4949,#4950,
#4951,#4952,#4953),.UNSPECIFIED.,.T.,.F.) B_SPLINE_CURVE_WITH_KNOTS((1,2
    ,2,2,2,1),(-2.094395102393,0.,2.094395102393,4.188790204786,
6.28318530718,8.377580409573),.UNSPECIFIED.) CURVE() 
GEOMETRIC_REPRESENTATION_ITEM() RATIONAL_B_SPLINE_CURVE((1.,0.5,1.,0.5,
1.,0.5,1.)) REPRESENTATION_ITEM('') );
#4947 = CARTESIAN_POINT('',(-13.19918218052,3.992034816924));
#4948 = CARTESIAN_POINT('',(-13.19918218052,1.220753524814));
#4949 = CARTESIAN_POINT('',(-15.59918218052,2.606394170869));
#4950 = CARTESIAN_POINT('',(-17.99918218052,3.992034816924));
#4951 = CARTESIAN_POINT('',(-15.59918218052,5.377675462979));
#4952 = CARTESIAN_POINT('',(-13.19918218052,6.763316109034));
#4953 = CARTESIAN_POINT('',(-13.19918218052,3.992034816924));
#4954 = ( GEOMETRIC_REPRESENTATION_CONTEXT(2) 
PARAMETRIC_REPRESENTATION_CONTEXT() REPRESENTATION_CONTEXT('2D SPACE',''
  ) );
#4955 = PCURVE('',#3925,#4956);
#4956 = DEFINITIONAL_REPRESENTATION('',(#4957),#4961);
#4957 = LINE('',#4958,#4959);
#4958 = CARTESIAN_POINT('',(-6.28318530718,-1.5));
#4959 = VECTOR('',#4960,1.);
#4960 = DIRECTION('',(1.,-0.));
#4961 = ( GEOMETRIC_REPRESENTATION_CONTEXT(2) 
PARAMETRIC_REPRESENTATION_CONTEXT() REPRESENTATION_CONTEXT('2D SPACE',''
  ) );
#4962 = ADVANCED_FACE('',(#4963,#5038),#3246,.F.);
#4963 = FACE_BOUND('',#4964,.F.);
#4964 = EDGE_LOOP('',(#4965,#4995,#5016,#5017));
#4965 = ORIENTED_EDGE('',*,*,#4966,.T.);
#4966 = EDGE_CURVE('',#4967,#4969,#4971,.T.);
#4967 = VERTEX_POINT('',#4968);
#4968 = CARTESIAN_POINT('',(2.485796692225,55.232571084506,23.5));
#4969 = VERTEX_POINT('',#4970);
#4970 = CARTESIAN_POINT('',(7.469656072147,54.831141537556,23.5));
#4971 = SURFACE_CURVE('',#4972,(#4976,#4983),.PCURVE_S1.);
#4972 = LINE('',#4973,#4974);
#4973 = CARTESIAN_POINT('',(2.485796692225,55.232571084506,23.5));
#4974 = VECTOR('',#4975,1.);
#4975 = DIRECTION('',(0.996771875984,-8.028590939009E-02,0.));
#4976 = PCURVE('',#3246,#4977);
#4977 = DEFINITIONAL_REPRESENTATION('',(#4978),#4982);
#4978 = LINE('',#4979,#4980);
#4979 = CARTESIAN_POINT('',(-32.04680969707,4.58542416349));
#4980 = VECTOR('',#4981,1.);
#4981 = DIRECTION('',(0.996771875984,-8.028590939009E-02));
#4982 = ( GEOMETRIC_REPRESENTATION_CONTEXT(2) 
PARAMETRIC_REPRESENTATION_CONTEXT() REPRESENTATION_CONTEXT('2D SPACE',''
  ) );
#4983 = PCURVE('',#4984,#4989);
#4984 = PLANE('',#4985);
#4985 = AXIS2_PLACEMENT_3D('',#4986,#4987,#4988);
#4986 = CARTESIAN_POINT('',(2.485796692225,55.232571084506,1.5));
#4987 = DIRECTION('',(8.028590939009E-02,0.996771875984,-0.));
#4988 = DIRECTION('',(0.996771875984,-8.028590939009E-02,0.));
#4989 = DEFINITIONAL_REPRESENTATION('',(#4990),#4994);
#4990 = LINE('',#4991,#4992);
#4991 = CARTESIAN_POINT('',(0.,-22.));
#4992 = VECTOR('',#4993,1.);
#4993 = DIRECTION('',(1.,0.));
#4994 = ( GEOMETRIC_REPRESENTATION_CONTEXT(2) 
PARAMETRIC_REPRESENTATION_CONTEXT() REPRESENTATION_CONTEXT('2D SPACE',''
  ) );
#4995 = ORIENTED_EDGE('',*,*,#4996,.T.);
#4996 = EDGE_CURVE('',#4969,#3230,#4997,.T.);
#4997 = SURFACE_CURVE('',#4998,(#5002,#5009),.PCURVE_S1.);
#4998 = LINE('',#4999,#5000);
#4999 = CARTESIAN_POINT('',(7.469656072147,54.831141537556,23.5));
#5000 = VECTOR('',#5001,1.);
#5001 = DIRECTION('',(8.028590939009E-02,0.996771875984,0.));
#5002 = PCURVE('',#3246,#5003);
#5003 = DEFINITIONAL_REPRESENTATION('',(#5004),#5008);
#5004 = LINE('',#5005,#5006);
#5005 = CARTESIAN_POINT('',(-27.06295031715,4.183994616539));
#5006 = VECTOR('',#5007,1.);
#5007 = DIRECTION('',(8.028590939009E-02,0.996771875984));
#5008 = ( GEOMETRIC_REPRESENTATION_CONTEXT(2) 
PARAMETRIC_REPRESENTATION_CONTEXT() REPRESENTATION_CONTEXT('2D SPACE',''
  ) );
#5009 = PCURVE('',#3277,#5010);
#5010 = DEFINITIONAL_REPRESENTATION('',(#5011),#5015);
#5011 = LINE('',#5012,#5013);
#5012 = CARTESIAN_POINT('',(0.,-22.));
#5013 = VECTOR('',#5014,1.);
#5014 = DIRECTION('',(1.,0.));
#5015 = ( GEOMETRIC_REPRESENTATION_CONTEXT(2) 
PARAMETRIC_REPRESENTATION_CONTEXT() REPRESENTATION_CONTEXT('2D SPACE',''
  ) );
#5016 = ORIENTED_EDGE('',*,*,#3227,.F.);
#5017 = ORIENTED_EDGE('',*,*,#5018,.T.);
#5018 = EDGE_CURVE('',#3228,#4967,#5019,.T.);
#5019 = SURFACE_CURVE('',#5020,(#5024,#5031),.PCURVE_S1.);
#5020 = LINE('',#5021,#5022);
#5021 = CARTESIAN_POINT('',(3.288655786126,65.20028984435,23.5));
#5022 = VECTOR('',#5023,1.);
#5023 = DIRECTION('',(-8.028590939009E-02,-0.996771875984,0.));
#5024 = PCURVE('',#3246,#5025);
#5025 = DEFINITIONAL_REPRESENTATION('',(#5026),#5030);
#5026 = LINE('',#5027,#5028);
#5027 = CARTESIAN_POINT('',(-31.24395060317,14.553142923333));
#5028 = VECTOR('',#5029,1.);
#5029 = DIRECTION('',(-8.028590939009E-02,-0.996771875984));
#5030 = ( GEOMETRIC_REPRESENTATION_CONTEXT(2) 
PARAMETRIC_REPRESENTATION_CONTEXT() REPRESENTATION_CONTEXT('2D SPACE',''
  ) );
#5031 = PCURVE('',#3334,#5032);
#5032 = DEFINITIONAL_REPRESENTATION('',(#5033),#5037);
#5033 = LINE('',#5034,#5035);
#5034 = CARTESIAN_POINT('',(0.,-22.));
#5035 = VECTOR('',#5036,1.);
#5036 = DIRECTION('',(1.,0.));
#5037 = ( GEOMETRIC_REPRESENTATION_CONTEXT(2) 
PARAMETRIC_REPRESENTATION_CONTEXT() REPRESENTATION_CONTEXT('2D SPACE',''
  ) );
#5038 = FACE_BOUND('',#5039,.F.);
#5039 = EDGE_LOOP('',(#5040));
#5040 = ORIENTED_EDGE('',*,*,#5041,.T.);
#5041 = EDGE_CURVE('',#5042,#5042,#5044,.T.);
#5042 = VERTEX_POINT('',#5043);
#5043 = CARTESIAN_POINT('',(6.778441155661,57.523786000992,23.5));
#5044 = SURFACE_CURVE('',#5045,(#5050,#5061),.PCURVE_S1.);
#5045 = CIRCLE('',#5046,1.6);
#5046 = AXIS2_PLACEMENT_3D('',#5047,#5048,#5049);
#5047 = CARTESIAN_POINT('',(5.178441155661,57.523786000992,23.5));
#5048 = DIRECTION('',(0.,0.,-1.));
#5049 = DIRECTION('',(1.,0.,0.));
#5050 = PCURVE('',#3246,#5051);
#5051 = DEFINITIONAL_REPRESENTATION('',(#5052),#5060);
#5052 = ( BOUNDED_CURVE() B_SPLINE_CURVE(2,(#5053,#5054,#5055,#5056,
#5057,#5058,#5059),.UNSPECIFIED.,.T.,.F.) B_SPLINE_CURVE_WITH_KNOTS((1,2
    ,2,2,2,1),(-2.094395102393,0.,2.094395102393,4.188790204786,
6.28318530718,8.377580409573),.UNSPECIFIED.) CURVE() 
GEOMETRIC_REPRESENTATION_ITEM() RATIONAL_B_SPLINE_CURVE((1.,0.5,1.,0.5,
1.,0.5,1.)) REPRESENTATION_ITEM('') );
#5053 = CARTESIAN_POINT('',(-27.75416523363,6.876639079975));
#5054 = CARTESIAN_POINT('',(-27.75416523363,4.105357787865));
#5055 = CARTESIAN_POINT('',(-30.15416523363,5.49099843392));
#5056 = CARTESIAN_POINT('',(-32.55416523363,6.876639079975));
#5057 = CARTESIAN_POINT('',(-30.15416523363,8.26227972603));
#5058 = CARTESIAN_POINT('',(-27.75416523363,9.647920372086));
#5059 = CARTESIAN_POINT('',(-27.75416523363,6.876639079975));
#5060 = ( GEOMETRIC_REPRESENTATION_CONTEXT(2) 
PARAMETRIC_REPRESENTATION_CONTEXT() REPRESENTATION_CONTEXT('2D SPACE',''
  ) );
#5061 = PCURVE('',#4264,#5062);
#5062 = DEFINITIONAL_REPRESENTATION('',(#5063),#5067);
#5063 = LINE('',#5064,#5065);
#5064 = CARTESIAN_POINT('',(-6.28318530718,-23.5));
#5065 = VECTOR('',#5066,1.);
#5066 = DIRECTION('',(1.,-0.));
#5067 = ( GEOMETRIC_REPRESENTATION_CONTEXT(2) 
PARAMETRIC_REPRESENTATION_CONTEXT() REPRESENTATION_CONTEXT('2D SPACE',''
  ) );
#5068 = ADVANCED_FACE('',(#5069),#3334,.T.);
#5069 = FACE_BOUND('',#5070,.T.);
#5070 = EDGE_LOOP('',(#5071,#5094,#5095,#5096));
#5071 = ORIENTED_EDGE('',*,*,#5072,.F.);
#5072 = EDGE_CURVE('',#3289,#5073,#5075,.T.);
#5073 = VERTEX_POINT('',#5074);
#5074 = CARTESIAN_POINT('',(2.485796692225,55.232571084506,1.5));
#5075 = SURFACE_CURVE('',#5076,(#5080,#5087),.PCURVE_S1.);
#5076 = LINE('',#5077,#5078);
#5077 = CARTESIAN_POINT('',(3.288655786126,65.20028984435,1.5));
#5078 = VECTOR('',#5079,1.);
#5079 = DIRECTION('',(-8.028590939009E-02,-0.996771875984,0.));
#5080 = PCURVE('',#3334,#5081);
#5081 = DEFINITIONAL_REPRESENTATION('',(#5082),#5086);
#5082 = LINE('',#5083,#5084);
#5083 = CARTESIAN_POINT('',(0.,0.));
#5084 = VECTOR('',#5085,1.);
#5085 = DIRECTION('',(1.,0.));
#5086 = ( GEOMETRIC_REPRESENTATION_CONTEXT(2) 
PARAMETRIC_REPRESENTATION_CONTEXT() REPRESENTATION_CONTEXT('2D SPACE',''
  ) );
#5087 = PCURVE('',#3305,#5088);
#5088 = DEFINITIONAL_REPRESENTATION('',(#5089),#5093);
#5089 = LINE('',#5090,#5091);
#5090 = CARTESIAN_POINT('',(-31.24395060317,14.553142923333));
#5091 = VECTOR('',#5092,1.);
#5092 = DIRECTION('',(-8.028590939009E-02,-0.996771875984));
#5093 = ( GEOMETRIC_REPRESENTATION_CONTEXT(2) 
PARAMETRIC_REPRESENTATION_CONTEXT() REPRESENTATION_CONTEXT('2D SPACE',''
  ) );
#5094 = ORIENTED_EDGE('',*,*,#3321,.F.);
#5095 = ORIENTED_EDGE('',*,*,#5018,.T.);
#5096 = ORIENTED_EDGE('',*,*,#5097,.F.);
#5097 = EDGE_CURVE('',#5073,#4967,#5098,.T.);
#5098 = SURFACE_CURVE('',#5099,(#5103,#5110),.PCURVE_S1.);
#5099 = LINE('',#5100,#5101);
#5100 = CARTESIAN_POINT('',(2.485796692225,55.232571084506,1.5));
#5101 = VECTOR('',#5102,1.);
#5102 = DIRECTION('',(0.,0.,1.));
#5103 = PCURVE('',#3334,#5104);
#5104 = DEFINITIONAL_REPRESENTATION('',(#5105),#5109);
#5105 = LINE('',#5106,#5107);
#5106 = CARTESIAN_POINT('',(10.,0.));
#5107 = VECTOR('',#5108,1.);
#5108 = DIRECTION('',(0.,-1.));
#5109 = ( GEOMETRIC_REPRESENTATION_CONTEXT(2) 
PARAMETRIC_REPRESENTATION_CONTEXT() REPRESENTATION_CONTEXT('2D SPACE',''
  ) );
#5110 = PCURVE('',#4984,#5111);
#5111 = DEFINITIONAL_REPRESENTATION('',(#5112),#5116);
#5112 = LINE('',#5113,#5114);
#5113 = CARTESIAN_POINT('',(0.,0.));
#5114 = VECTOR('',#5115,1.);
#5115 = DIRECTION('',(0.,-1.));
#5116 = ( GEOMETRIC_REPRESENTATION_CONTEXT(2) 
PARAMETRIC_REPRESENTATION_CONTEXT() REPRESENTATION_CONTEXT('2D SPACE',''
  ) );
#5117 = ADVANCED_FACE('',(#5118),#3277,.T.);
#5118 = FACE_BOUND('',#5119,.T.);
#5119 = EDGE_LOOP('',(#5120,#5143,#5164,#5165));
#5120 = ORIENTED_EDGE('',*,*,#5121,.F.);
#5121 = EDGE_CURVE('',#5122,#3263,#5124,.T.);
#5122 = VERTEX_POINT('',#5123);
#5123 = CARTESIAN_POINT('',(7.469656072147,54.831141537556,1.5));
#5124 = SURFACE_CURVE('',#5125,(#5129,#5136),.PCURVE_S1.);
#5125 = LINE('',#5126,#5127);
#5126 = CARTESIAN_POINT('',(7.469656072147,54.831141537556,1.5));
#5127 = VECTOR('',#5128,1.);
#5128 = DIRECTION('',(8.028590939009E-02,0.996771875984,0.));
#5129 = PCURVE('',#3277,#5130);
#5130 = DEFINITIONAL_REPRESENTATION('',(#5131),#5135);
#5131 = LINE('',#5132,#5133);
#5132 = CARTESIAN_POINT('',(0.,0.));
#5133 = VECTOR('',#5134,1.);
#5134 = DIRECTION('',(1.,0.));
#5135 = ( GEOMETRIC_REPRESENTATION_CONTEXT(2) 
PARAMETRIC_REPRESENTATION_CONTEXT() REPRESENTATION_CONTEXT('2D SPACE',''
  ) );
#5136 = PCURVE('',#3305,#5137);
#5137 = DEFINITIONAL_REPRESENTATION('',(#5138),#5142);
#5138 = LINE('',#5139,#5140);
#5139 = CARTESIAN_POINT('',(-27.06295031715,4.183994616539));
#5140 = VECTOR('',#5141,1.);
#5141 = DIRECTION('',(8.028590939009E-02,0.996771875984));
#5142 = ( GEOMETRIC_REPRESENTATION_CONTEXT(2) 
PARAMETRIC_REPRESENTATION_CONTEXT() REPRESENTATION_CONTEXT('2D SPACE',''
  ) );
#5143 = ORIENTED_EDGE('',*,*,#5144,.T.);
#5144 = EDGE_CURVE('',#5122,#4969,#5145,.T.);
#5145 = SURFACE_CURVE('',#5146,(#5150,#5157),.PCURVE_S1.);
#5146 = LINE('',#5147,#5148);
#5147 = CARTESIAN_POINT('',(7.469656072147,54.831141537556,1.5));
#5148 = VECTOR('',#5149,1.);
#5149 = DIRECTION('',(0.,0.,1.));
#5150 = PCURVE('',#3277,#5151);
#5151 = DEFINITIONAL_REPRESENTATION('',(#5152),#5156);
#5152 = LINE('',#5153,#5154);
#5153 = CARTESIAN_POINT('',(0.,0.));
#5154 = VECTOR('',#5155,1.);
#5155 = DIRECTION('',(0.,-1.));
#5156 = ( GEOMETRIC_REPRESENTATION_CONTEXT(2) 
PARAMETRIC_REPRESENTATION_CONTEXT() REPRESENTATION_CONTEXT('2D SPACE',''
  ) );
#5157 = PCURVE('',#4984,#5158);
#5158 = DEFINITIONAL_REPRESENTATION('',(#5159),#5163);
#5159 = LINE('',#5160,#5161);
#5160 = CARTESIAN_POINT('',(5.,0.));
#5161 = VECTOR('',#5162,1.);
#5162 = DIRECTION('',(0.,-1.));
#5163 = ( GEOMETRIC_REPRESENTATION_CONTEXT(2) 
PARAMETRIC_REPRESENTATION_CONTEXT() REPRESENTATION_CONTEXT('2D SPACE',''
  ) );
#5164 = ORIENTED_EDGE('',*,*,#4996,.T.);
#5165 = ORIENTED_EDGE('',*,*,#3262,.T.);
#5166 = ADVANCED_FACE('',(#5167,#5193),#3305,.T.);
#5167 = FACE_BOUND('',#5168,.T.);
#5168 = EDGE_LOOP('',(#5169,#5190,#5191,#5192));
#5169 = ORIENTED_EDGE('',*,*,#5170,.T.);
#5170 = EDGE_CURVE('',#5073,#5122,#5171,.T.);
#5171 = SURFACE_CURVE('',#5172,(#5176,#5183),.PCURVE_S1.);
#5172 = LINE('',#5173,#5174);
#5173 = CARTESIAN_POINT('',(2.485796692225,55.232571084506,1.5));
#5174 = VECTOR('',#5175,1.);
#5175 = DIRECTION('',(0.996771875984,-8.028590939009E-02,0.));
#5176 = PCURVE('',#3305,#5177);
#5177 = DEFINITIONAL_REPRESENTATION('',(#5178),#5182);
#5178 = LINE('',#5179,#5180);
#5179 = CARTESIAN_POINT('',(-32.04680969707,4.58542416349));
#5180 = VECTOR('',#5181,1.);
#5181 = DIRECTION('',(0.996771875984,-8.028590939009E-02));
#5182 = ( GEOMETRIC_REPRESENTATION_CONTEXT(2) 
PARAMETRIC_REPRESENTATION_CONTEXT() REPRESENTATION_CONTEXT('2D SPACE',''
  ) );
#5183 = PCURVE('',#4984,#5184);
#5184 = DEFINITIONAL_REPRESENTATION('',(#5185),#5189);
#5185 = LINE('',#5186,#5187);
#5186 = CARTESIAN_POINT('',(0.,0.));
#5187 = VECTOR('',#5188,1.);
#5188 = DIRECTION('',(1.,0.));
#5189 = ( GEOMETRIC_REPRESENTATION_CONTEXT(2) 
PARAMETRIC_REPRESENTATION_CONTEXT() REPRESENTATION_CONTEXT('2D SPACE',''
  ) );
#5190 = ORIENTED_EDGE('',*,*,#5121,.T.);
#5191 = ORIENTED_EDGE('',*,*,#3288,.F.);
#5192 = ORIENTED_EDGE('',*,*,#5072,.T.);
#5193 = FACE_BOUND('',#5194,.T.);
#5194 = EDGE_LOOP('',(#5195));
#5195 = ORIENTED_EDGE('',*,*,#5196,.T.);
#5196 = EDGE_CURVE('',#5197,#5197,#5199,.T.);
#5197 = VERTEX_POINT('',#5198);
#5198 = CARTESIAN_POINT('',(6.778441155661,57.523786000992,1.5));
#5199 = SURFACE_CURVE('',#5200,(#5205,#5216),.PCURVE_S1.);
#5200 = CIRCLE('',#5201,1.6);
#5201 = AXIS2_PLACEMENT_3D('',#5202,#5203,#5204);
#5202 = CARTESIAN_POINT('',(5.178441155661,57.523786000992,1.5));
#5203 = DIRECTION('',(0.,0.,-1.));
#5204 = DIRECTION('',(1.,0.,0.));
#5205 = PCURVE('',#3305,#5206);
#5206 = DEFINITIONAL_REPRESENTATION('',(#5207),#5215);
#5207 = ( BOUNDED_CURVE() B_SPLINE_CURVE(2,(#5208,#5209,#5210,#5211,
#5212,#5213,#5214),.UNSPECIFIED.,.T.,.F.) B_SPLINE_CURVE_WITH_KNOTS((1,2
    ,2,2,2,1),(-2.094395102393,0.,2.094395102393,4.188790204786,
6.28318530718,8.377580409573),.UNSPECIFIED.) CURVE() 
GEOMETRIC_REPRESENTATION_ITEM() RATIONAL_B_SPLINE_CURVE((1.,0.5,1.,0.5,
1.,0.5,1.)) REPRESENTATION_ITEM('') );
#5208 = CARTESIAN_POINT('',(-27.75416523363,6.876639079975));
#5209 = CARTESIAN_POINT('',(-27.75416523363,4.105357787865));
#5210 = CARTESIAN_POINT('',(-30.15416523363,5.49099843392));
#5211 = CARTESIAN_POINT('',(-32.55416523363,6.876639079975));
#5212 = CARTESIAN_POINT('',(-30.15416523363,8.26227972603));
#5213 = CARTESIAN_POINT('',(-27.75416523363,9.647920372086));
#5214 = CARTESIAN_POINT('',(-27.75416523363,6.876639079975));
#5215 = ( GEOMETRIC_REPRESENTATION_CONTEXT(2) 
PARAMETRIC_REPRESENTATION_CONTEXT() REPRESENTATION_CONTEXT('2D SPACE',''
  ) );
#5216 = PCURVE('',#3956,#5217);
#5217 = DEFINITIONAL_REPRESENTATION('',(#5218),#5222);
#5218 = LINE('',#5219,#5220);
#5219 = CARTESIAN_POINT('',(-6.28318530718,-1.5));
#5220 = VECTOR('',#5221,1.);
#5221 = DIRECTION('',(1.,-0.));
#5222 = ( GEOMETRIC_REPRESENTATION_CONTEXT(2) 
PARAMETRIC_REPRESENTATION_CONTEXT() REPRESENTATION_CONTEXT('2D SPACE',''
  ) );
#5223 = ADVANCED_FACE('',(#5224,#5299),#3366,.F.);
#5224 = FACE_BOUND('',#5225,.F.);
#5225 = EDGE_LOOP('',(#5226,#5256,#5277,#5278));
#5226 = ORIENTED_EDGE('',*,*,#5227,.T.);
#5227 = EDGE_CURVE('',#5228,#5230,#5232,.T.);
#5228 = VERTEX_POINT('',#5229);
#5229 = CARTESIAN_POINT('',(-11.7483992647,54.160032257058,23.5));
#5230 = VERTEX_POINT('',#5231);
#5231 = CARTESIAN_POINT('',(-6.804682625395,54.908140397788,23.5));
#5232 = SURFACE_CURVE('',#5233,(#5237,#5244),.PCURVE_S1.);
#5233 = LINE('',#5234,#5235);
#5234 = CARTESIAN_POINT('',(-11.7483992647,54.160032257058,23.5));
#5235 = VECTOR('',#5236,1.);
#5236 = DIRECTION('',(0.988743327862,0.149621628146,0.));
#5237 = PCURVE('',#3366,#5238);
#5238 = DEFINITIONAL_REPRESENTATION('',(#5239),#5243);
#5239 = LINE('',#5240,#5241);
#5240 = CARTESIAN_POINT('',(-46.281005654,3.512885336041));
#5241 = VECTOR('',#5242,1.);
#5242 = DIRECTION('',(0.988743327862,0.149621628146));
#5243 = ( GEOMETRIC_REPRESENTATION_CONTEXT(2) 
PARAMETRIC_REPRESENTATION_CONTEXT() REPRESENTATION_CONTEXT('2D SPACE',''
  ) );
#5244 = PCURVE('',#5245,#5250);
#5245 = PLANE('',#5246);
#5246 = AXIS2_PLACEMENT_3D('',#5247,#5248,#5249);
#5247 = CARTESIAN_POINT('',(-11.7483992647,54.160032257058,1.5));
#5248 = DIRECTION('',(-0.149621628146,0.988743327862,0.));
#5249 = DIRECTION('',(0.988743327862,0.149621628146,0.));
#5250 = DEFINITIONAL_REPRESENTATION('',(#5251),#5255);
#5251 = LINE('',#5252,#5253);
#5252 = CARTESIAN_POINT('',(0.,-22.));
#5253 = VECTOR('',#5254,1.);
#5254 = DIRECTION('',(1.,0.));
#5255 = ( GEOMETRIC_REPRESENTATION_CONTEXT(2) 
PARAMETRIC_REPRESENTATION_CONTEXT() REPRESENTATION_CONTEXT('2D SPACE',''
  ) );
#5256 = ORIENTED_EDGE('',*,*,#5257,.T.);
#5257 = EDGE_CURVE('',#5230,#3350,#5258,.T.);
#5258 = SURFACE_CURVE('',#5259,(#5263,#5270),.PCURVE_S1.);
#5259 = LINE('',#5260,#5261);
#5260 = CARTESIAN_POINT('',(-6.804682625395,54.908140397788,23.5));
#5261 = VECTOR('',#5262,1.);
#5262 = DIRECTION('',(-0.149621628146,0.988743327862,0.));
#5263 = PCURVE('',#3366,#5264);
#5264 = DEFINITIONAL_REPRESENTATION('',(#5265),#5269);
#5265 = LINE('',#5266,#5267);
#5266 = CARTESIAN_POINT('',(-41.33728901469,4.260993476771));
#5267 = VECTOR('',#5268,1.);
#5268 = DIRECTION('',(-0.149621628146,0.988743327862));
#5269 = ( GEOMETRIC_REPRESENTATION_CONTEXT(2) 
PARAMETRIC_REPRESENTATION_CONTEXT() REPRESENTATION_CONTEXT('2D SPACE',''
  ) );
#5270 = PCURVE('',#3397,#5271);
#5271 = DEFINITIONAL_REPRESENTATION('',(#5272),#5276);
#5272 = LINE('',#5273,#5274);
#5273 = CARTESIAN_POINT('',(0.,-22.));
#5274 = VECTOR('',#5275,1.);
#5275 = DIRECTION('',(1.,0.));
#5276 = ( GEOMETRIC_REPRESENTATION_CONTEXT(2) 
PARAMETRIC_REPRESENTATION_CONTEXT() REPRESENTATION_CONTEXT('2D SPACE',''
  ) );
#5277 = ORIENTED_EDGE('',*,*,#3347,.F.);
#5278 = ORIENTED_EDGE('',*,*,#5279,.T.);
#5279 = EDGE_CURVE('',#3348,#5228,#5280,.T.);
#5280 = SURFACE_CURVE('',#5281,(#5285,#5292),.PCURVE_S1.);
#5281 = LINE('',#5282,#5283);
#5282 = CARTESIAN_POINT('',(-13.24461554616,64.047465535675,23.5));
#5283 = VECTOR('',#5284,1.);
#5284 = DIRECTION('',(0.149621628146,-0.988743327862,0.));
#5285 = PCURVE('',#3366,#5286);
#5286 = DEFINITIONAL_REPRESENTATION('',(#5287),#5291);
#5287 = LINE('',#5288,#5289);
#5288 = CARTESIAN_POINT('',(-47.77722193545,13.400318614658));
#5289 = VECTOR('',#5290,1.);
#5290 = DIRECTION('',(0.149621628146,-0.988743327862));
#5291 = ( GEOMETRIC_REPRESENTATION_CONTEXT(2) 
PARAMETRIC_REPRESENTATION_CONTEXT() REPRESENTATION_CONTEXT('2D SPACE',''
  ) );
#5292 = PCURVE('',#3454,#5293);
#5293 = DEFINITIONAL_REPRESENTATION('',(#5294),#5298);
#5294 = LINE('',#5295,#5296);
#5295 = CARTESIAN_POINT('',(0.,-22.));
#5296 = VECTOR('',#5297,1.);
#5297 = DIRECTION('',(1.,0.));
#5298 = ( GEOMETRIC_REPRESENTATION_CONTEXT(2) 
PARAMETRIC_REPRESENTATION_CONTEXT() REPRESENTATION_CONTEXT('2D SPACE',''
  ) );
#5299 = FACE_BOUND('',#5300,.F.);
#5300 = EDGE_LOOP('',(#5301));
#5301 = ORIENTED_EDGE('',*,*,#5302,.T.);
#5302 = EDGE_CURVE('',#5303,#5303,#5305,.T.);
#5303 = VERTEX_POINT('',#5304);
#5304 = CARTESIAN_POINT('',(-8.050595015414,57.005944647077,23.5));
#5305 = SURFACE_CURVE('',#5306,(#5311,#5322),.PCURVE_S1.);
#5306 = CIRCLE('',#5307,1.6);
#5307 = AXIS2_PLACEMENT_3D('',#5308,#5309,#5310);
#5308 = CARTESIAN_POINT('',(-9.650595015414,57.005944647077,23.5));
#5309 = DIRECTION('',(0.,0.,-1.));
#5310 = DIRECTION('',(1.,0.,0.));
#5311 = PCURVE('',#3366,#5312);
#5312 = DEFINITIONAL_REPRESENTATION('',(#5313),#5321);
#5313 = ( BOUNDED_CURVE() B_SPLINE_CURVE(2,(#5314,#5315,#5316,#5317,
#5318,#5319,#5320),.UNSPECIFIED.,.T.,.F.) B_SPLINE_CURVE_WITH_KNOTS((1,2
    ,2,2,2,1),(-2.094395102393,0.,2.094395102393,4.188790204786,
6.28318530718,8.377580409573),.UNSPECIFIED.) CURVE() 
GEOMETRIC_REPRESENTATION_ITEM() RATIONAL_B_SPLINE_CURVE((1.,0.5,1.,0.5,
1.,0.5,1.)) REPRESENTATION_ITEM('') );
#5314 = CARTESIAN_POINT('',(-42.58320140471,6.35879772606));
#5315 = CARTESIAN_POINT('',(-42.58320140471,3.58751643395));
#5316 = CARTESIAN_POINT('',(-44.98320140471,4.973157080005));
#5317 = CARTESIAN_POINT('',(-47.38320140471,6.35879772606));
#5318 = CARTESIAN_POINT('',(-44.98320140471,7.744438372116));
#5319 = CARTESIAN_POINT('',(-42.58320140471,9.130079018171));
#5320 = CARTESIAN_POINT('',(-42.58320140471,6.35879772606));
#5321 = ( GEOMETRIC_REPRESENTATION_CONTEXT(2) 
PARAMETRIC_REPRESENTATION_CONTEXT() REPRESENTATION_CONTEXT('2D SPACE',''
  ) );
#5322 = PCURVE('',#4202,#5323);
#5323 = DEFINITIONAL_REPRESENTATION('',(#5324),#5328);
#5324 = LINE('',#5325,#5326);
#5325 = CARTESIAN_POINT('',(-6.28318530718,-23.5));
#5326 = VECTOR('',#5327,1.);
#5327 = DIRECTION('',(1.,-0.));
#5328 = ( GEOMETRIC_REPRESENTATION_CONTEXT(2) 
PARAMETRIC_REPRESENTATION_CONTEXT() REPRESENTATION_CONTEXT('2D SPACE',''
  ) );
#5329 = ADVANCED_FACE('',(#5330),#3454,.T.);
#5330 = FACE_BOUND('',#5331,.T.);
#5331 = EDGE_LOOP('',(#5332,#5355,#5356,#5357));
#5332 = ORIENTED_EDGE('',*,*,#5333,.F.);
#5333 = EDGE_CURVE('',#3409,#5334,#5336,.T.);
#5334 = VERTEX_POINT('',#5335);
#5335 = CARTESIAN_POINT('',(-11.7483992647,54.160032257058,1.5));
#5336 = SURFACE_CURVE('',#5337,(#5341,#5348),.PCURVE_S1.);
#5337 = LINE('',#5338,#5339);
#5338 = CARTESIAN_POINT('',(-13.24461554616,64.047465535675,1.5));
#5339 = VECTOR('',#5340,1.);
#5340 = DIRECTION('',(0.149621628146,-0.988743327862,0.));
#5341 = PCURVE('',#3454,#5342);
#5342 = DEFINITIONAL_REPRESENTATION('',(#5343),#5347);
#5343 = LINE('',#5344,#5345);
#5344 = CARTESIAN_POINT('',(0.,0.));
#5345 = VECTOR('',#5346,1.);
#5346 = DIRECTION('',(1.,0.));
#5347 = ( GEOMETRIC_REPRESENTATION_CONTEXT(2) 
PARAMETRIC_REPRESENTATION_CONTEXT() REPRESENTATION_CONTEXT('2D SPACE',''
  ) );
#5348 = PCURVE('',#3425,#5349);
#5349 = DEFINITIONAL_REPRESENTATION('',(#5350),#5354);
#5350 = LINE('',#5351,#5352);
#5351 = CARTESIAN_POINT('',(-47.77722193545,13.400318614658));
#5352 = VECTOR('',#5353,1.);
#5353 = DIRECTION('',(0.149621628146,-0.988743327862));
#5354 = ( GEOMETRIC_REPRESENTATION_CONTEXT(2) 
PARAMETRIC_REPRESENTATION_CONTEXT() REPRESENTATION_CONTEXT('2D SPACE',''
  ) );
#5355 = ORIENTED_EDGE('',*,*,#3441,.F.);
#5356 = ORIENTED_EDGE('',*,*,#5279,.T.);
#5357 = ORIENTED_EDGE('',*,*,#5358,.F.);
#5358 = EDGE_CURVE('',#5334,#5228,#5359,.T.);
#5359 = SURFACE_CURVE('',#5360,(#5364,#5371),.PCURVE_S1.);
#5360 = LINE('',#5361,#5362);
#5361 = CARTESIAN_POINT('',(-11.7483992647,54.160032257058,1.5));
#5362 = VECTOR('',#5363,1.);
#5363 = DIRECTION('',(0.,0.,1.));
#5364 = PCURVE('',#3454,#5365);
#5365 = DEFINITIONAL_REPRESENTATION('',(#5366),#5370);
#5366 = LINE('',#5367,#5368);
#5367 = CARTESIAN_POINT('',(10.,0.));
#5368 = VECTOR('',#5369,1.);
#5369 = DIRECTION('',(0.,-1.));
#5370 = ( GEOMETRIC_REPRESENTATION_CONTEXT(2) 
PARAMETRIC_REPRESENTATION_CONTEXT() REPRESENTATION_CONTEXT('2D SPACE',''
  ) );
#5371 = PCURVE('',#5245,#5372);
#5372 = DEFINITIONAL_REPRESENTATION('',(#5373),#5377);
#5373 = LINE('',#5374,#5375);
#5374 = CARTESIAN_POINT('',(0.,0.));
#5375 = VECTOR('',#5376,1.);
#5376 = DIRECTION('',(0.,-1.));
#5377 = ( GEOMETRIC_REPRESENTATION_CONTEXT(2) 
PARAMETRIC_REPRESENTATION_CONTEXT() REPRESENTATION_CONTEXT('2D SPACE',''
  ) );
#5378 = ADVANCED_FACE('',(#5379),#3397,.T.);
#5379 = FACE_BOUND('',#5380,.T.);
#5380 = EDGE_LOOP('',(#5381,#5404,#5425,#5426));
#5381 = ORIENTED_EDGE('',*,*,#5382,.F.);
#5382 = EDGE_CURVE('',#5383,#3383,#5385,.T.);
#5383 = VERTEX_POINT('',#5384);
#5384 = CARTESIAN_POINT('',(-6.804682625395,54.908140397788,1.5));
#5385 = SURFACE_CURVE('',#5386,(#5390,#5397),.PCURVE_S1.);
#5386 = LINE('',#5387,#5388);
#5387 = CARTESIAN_POINT('',(-6.804682625395,54.908140397788,1.5));
#5388 = VECTOR('',#5389,1.);
#5389 = DIRECTION('',(-0.149621628146,0.988743327862,0.));
#5390 = PCURVE('',#3397,#5391);
#5391 = DEFINITIONAL_REPRESENTATION('',(#5392),#5396);
#5392 = LINE('',#5393,#5394);
#5393 = CARTESIAN_POINT('',(0.,0.));
#5394 = VECTOR('',#5395,1.);
#5395 = DIRECTION('',(1.,0.));
#5396 = ( GEOMETRIC_REPRESENTATION_CONTEXT(2) 
PARAMETRIC_REPRESENTATION_CONTEXT() REPRESENTATION_CONTEXT('2D SPACE',''
  ) );
#5397 = PCURVE('',#3425,#5398);
#5398 = DEFINITIONAL_REPRESENTATION('',(#5399),#5403);
#5399 = LINE('',#5400,#5401);
#5400 = CARTESIAN_POINT('',(-41.33728901469,4.260993476771));
#5401 = VECTOR('',#5402,1.);
#5402 = DIRECTION('',(-0.149621628146,0.988743327862));
#5403 = ( GEOMETRIC_REPRESENTATION_CONTEXT(2) 
PARAMETRIC_REPRESENTATION_CONTEXT() REPRESENTATION_CONTEXT('2D SPACE',''
  ) );
#5404 = ORIENTED_EDGE('',*,*,#5405,.T.);
#5405 = EDGE_CURVE('',#5383,#5230,#5406,.T.);
#5406 = SURFACE_CURVE('',#5407,(#5411,#5418),.PCURVE_S1.);
#5407 = LINE('',#5408,#5409);
#5408 = CARTESIAN_POINT('',(-6.804682625395,54.908140397788,1.5));
#5409 = VECTOR('',#5410,1.);
#5410 = DIRECTION('',(0.,0.,1.));
#5411 = PCURVE('',#3397,#5412);
#5412 = DEFINITIONAL_REPRESENTATION('',(#5413),#5417);
#5413 = LINE('',#5414,#5415);
#5414 = CARTESIAN_POINT('',(0.,0.));
#5415 = VECTOR('',#5416,1.);
#5416 = DIRECTION('',(0.,-1.));
#5417 = ( GEOMETRIC_REPRESENTATION_CONTEXT(2) 
PARAMETRIC_REPRESENTATION_CONTEXT() REPRESENTATION_CONTEXT('2D SPACE',''
  ) );
#5418 = PCURVE('',#5245,#5419);
#5419 = DEFINITIONAL_REPRESENTATION('',(#5420),#5424);
#5420 = LINE('',#5421,#5422);
#5421 = CARTESIAN_POINT('',(5.,0.));
#5422 = VECTOR('',#5423,1.);
#5423 = DIRECTION('',(0.,-1.));
#5424 = ( GEOMETRIC_REPRESENTATION_CONTEXT(2) 
PARAMETRIC_REPRESENTATION_CONTEXT() REPRESENTATION_CONTEXT('2D SPACE',''
  ) );
#5425 = ORIENTED_EDGE('',*,*,#5257,.T.);
#5426 = ORIENTED_EDGE('',*,*,#3382,.T.);
#5427 = ADVANCED_FACE('',(#5428,#5454),#3425,.T.);
#5428 = FACE_BOUND('',#5429,.T.);
#5429 = EDGE_LOOP('',(#5430,#5451,#5452,#5453));
#5430 = ORIENTED_EDGE('',*,*,#5431,.T.);
#5431 = EDGE_CURVE('',#5334,#5383,#5432,.T.);
#5432 = SURFACE_CURVE('',#5433,(#5437,#5444),.PCURVE_S1.);
#5433 = LINE('',#5434,#5435);
#5434 = CARTESIAN_POINT('',(-11.7483992647,54.160032257058,1.5));
#5435 = VECTOR('',#5436,1.);
#5436 = DIRECTION('',(0.988743327862,0.149621628146,0.));
#5437 = PCURVE('',#3425,#5438);
#5438 = DEFINITIONAL_REPRESENTATION('',(#5439),#5443);
#5439 = LINE('',#5440,#5441);
#5440 = CARTESIAN_POINT('',(-46.281005654,3.512885336041));
#5441 = VECTOR('',#5442,1.);
#5442 = DIRECTION('',(0.988743327862,0.149621628146));
#5443 = ( GEOMETRIC_REPRESENTATION_CONTEXT(2) 
PARAMETRIC_REPRESENTATION_CONTEXT() REPRESENTATION_CONTEXT('2D SPACE',''
  ) );
#5444 = PCURVE('',#5245,#5445);
#5445 = DEFINITIONAL_REPRESENTATION('',(#5446),#5450);
#5446 = LINE('',#5447,#5448);
#5447 = CARTESIAN_POINT('',(0.,0.));
#5448 = VECTOR('',#5449,1.);
#5449 = DIRECTION('',(1.,0.));
#5450 = ( GEOMETRIC_REPRESENTATION_CONTEXT(2) 
PARAMETRIC_REPRESENTATION_CONTEXT() REPRESENTATION_CONTEXT('2D SPACE',''
  ) );
#5451 = ORIENTED_EDGE('',*,*,#5382,.T.);
#5452 = ORIENTED_EDGE('',*,*,#3408,.F.);
#5453 = ORIENTED_EDGE('',*,*,#5333,.T.);
#5454 = FACE_BOUND('',#5455,.T.);
#5455 = EDGE_LOOP('',(#5456));
#5456 = ORIENTED_EDGE('',*,*,#5457,.T.);
#5457 = EDGE_CURVE('',#5458,#5458,#5460,.T.);
#5458 = VERTEX_POINT('',#5459);
#5459 = CARTESIAN_POINT('',(-8.050595015414,57.005944647077,1.5));
#5460 = SURFACE_CURVE('',#5461,(#5466,#5477),.PCURVE_S1.);
#5461 = CIRCLE('',#5462,1.6);
#5462 = AXIS2_PLACEMENT_3D('',#5463,#5464,#5465);
#5463 = CARTESIAN_POINT('',(-9.650595015414,57.005944647077,1.5));
#5464 = DIRECTION('',(0.,0.,-1.));
#5465 = DIRECTION('',(1.,0.,0.));
#5466 = PCURVE('',#3425,#5467);
#5467 = DEFINITIONAL_REPRESENTATION('',(#5468),#5476);
#5468 = ( BOUNDED_CURVE() B_SPLINE_CURVE(2,(#5469,#5470,#5471,#5472,
#5473,#5474,#5475),.UNSPECIFIED.,.T.,.F.) B_SPLINE_CURVE_WITH_KNOTS((1,2
    ,2,2,2,1),(-2.094395102393,0.,2.094395102393,4.188790204786,
6.28318530718,8.377580409573),.UNSPECIFIED.) CURVE() 
GEOMETRIC_REPRESENTATION_ITEM() RATIONAL_B_SPLINE_CURVE((1.,0.5,1.,0.5,
1.,0.5,1.)) REPRESENTATION_ITEM('') );
#5469 = CARTESIAN_POINT('',(-42.58320140471,6.35879772606));
#5470 = CARTESIAN_POINT('',(-42.58320140471,3.58751643395));
#5471 = CARTESIAN_POINT('',(-44.98320140471,4.973157080005));
#5472 = CARTESIAN_POINT('',(-47.38320140471,6.35879772606));
#5473 = CARTESIAN_POINT('',(-44.98320140471,7.744438372116));
#5474 = CARTESIAN_POINT('',(-42.58320140471,9.130079018171));
#5475 = CARTESIAN_POINT('',(-42.58320140471,6.35879772606));
#5476 = ( GEOMETRIC_REPRESENTATION_CONTEXT(2) 
PARAMETRIC_REPRESENTATION_CONTEXT() REPRESENTATION_CONTEXT('2D SPACE',''
  ) );
#5477 = PCURVE('',#3894,#5478);
#5478 = DEFINITIONAL_REPRESENTATION('',(#5479),#5483);
#5479 = LINE('',#5480,#5481);
#5480 = CARTESIAN_POINT('',(-6.28318530718,-1.5));
#5481 = VECTOR('',#5482,1.);
#5482 = DIRECTION('',(1.,-0.));
#5483 = ( GEOMETRIC_REPRESENTATION_CONTEXT(2) 
PARAMETRIC_REPRESENTATION_CONTEXT() REPRESENTATION_CONTEXT('2D SPACE',''
  ) );
#5484 = ADVANCED_FACE('',(#5485,#5560),#3486,.F.);
#5485 = FACE_BOUND('',#5486,.F.);
#5486 = EDGE_LOOP('',(#5487,#5517,#5538,#5539));
#5487 = ORIENTED_EDGE('',*,*,#5488,.T.);
#5488 = EDGE_CURVE('',#5489,#5491,#5493,.T.);
#5489 = VERTEX_POINT('',#5490);
#5490 = CARTESIAN_POINT('',(-25.36084721817,49.863064164257,23.5));
#5491 = VERTEX_POINT('',#5492);
#5492 = CARTESIAN_POINT('',(-20.71890436222,51.721118663467,23.5));
#5493 = SURFACE_CURVE('',#5494,(#5498,#5505),.PCURVE_S1.);
#5494 = LINE('',#5495,#5496);
#5495 = CARTESIAN_POINT('',(-25.36084721817,49.863064164257,23.5));
#5496 = VECTOR('',#5497,1.);
#5497 = DIRECTION('',(0.928388571191,0.371610899842,0.));
#5498 = PCURVE('',#3486,#5499);
#5499 = DEFINITIONAL_REPRESENTATION('',(#5500),#5504);
#5500 = LINE('',#5501,#5502);
#5501 = CARTESIAN_POINT('',(-59.89345360747,-0.78408275676));
#5502 = VECTOR('',#5503,1.);
#5503 = DIRECTION('',(0.928388571191,0.371610899842));
#5504 = ( GEOMETRIC_REPRESENTATION_CONTEXT(2) 
PARAMETRIC_REPRESENTATION_CONTEXT() REPRESENTATION_CONTEXT('2D SPACE',''
  ) );
#5505 = PCURVE('',#5506,#5511);
#5506 = PLANE('',#5507);
#5507 = AXIS2_PLACEMENT_3D('',#5508,#5509,#5510);
#5508 = CARTESIAN_POINT('',(-25.36084721817,49.863064164257,1.5));
#5509 = DIRECTION('',(-0.371610899842,0.928388571191,0.));
#5510 = DIRECTION('',(0.928388571191,0.371610899842,0.));
#5511 = DEFINITIONAL_REPRESENTATION('',(#5512),#5516);
#5512 = LINE('',#5513,#5514);
#5513 = CARTESIAN_POINT('',(0.,-22.));
#5514 = VECTOR('',#5515,1.);
#5515 = DIRECTION('',(1.,0.));
#5516 = ( GEOMETRIC_REPRESENTATION_CONTEXT(2) 
PARAMETRIC_REPRESENTATION_CONTEXT() REPRESENTATION_CONTEXT('2D SPACE',''
  ) );
#5517 = ORIENTED_EDGE('',*,*,#5518,.T.);
#5518 = EDGE_CURVE('',#5491,#3470,#5519,.T.);
#5519 = SURFACE_CURVE('',#5520,(#5524,#5531),.PCURVE_S1.);
#5520 = LINE('',#5521,#5522);
#5521 = CARTESIAN_POINT('',(-20.71890436222,51.721118663467,23.5));
#5522 = VECTOR('',#5523,1.);
#5523 = DIRECTION('',(-0.371610899842,0.928388571191,0.));
#5524 = PCURVE('',#3486,#5525);
#5525 = DEFINITIONAL_REPRESENTATION('',(#5526),#5530);
#5526 = LINE('',#5527,#5528);
#5527 = CARTESIAN_POINT('',(-55.25151075151,1.07397174245));
#5528 = VECTOR('',#5529,1.);
#5529 = DIRECTION('',(-0.371610899842,0.928388571191));
#5530 = ( GEOMETRIC_REPRESENTATION_CONTEXT(2) 
PARAMETRIC_REPRESENTATION_CONTEXT() REPRESENTATION_CONTEXT('2D SPACE',''
  ) );
#5531 = PCURVE('',#3517,#5532);
#5532 = DEFINITIONAL_REPRESENTATION('',(#5533),#5537);
#5533 = LINE('',#5534,#5535);
#5534 = CARTESIAN_POINT('',(0.,-22.));
#5535 = VECTOR('',#5536,1.);
#5536 = DIRECTION('',(1.,0.));
#5537 = ( GEOMETRIC_REPRESENTATION_CONTEXT(2) 
PARAMETRIC_REPRESENTATION_CONTEXT() REPRESENTATION_CONTEXT('2D SPACE',''
  ) );
#5538 = ORIENTED_EDGE('',*,*,#3467,.F.);
#5539 = ORIENTED_EDGE('',*,*,#5540,.T.);
#5540 = EDGE_CURVE('',#3468,#5489,#5541,.T.);
#5541 = SURFACE_CURVE('',#5542,(#5546,#5553),.PCURVE_S1.);
#5542 = LINE('',#5543,#5544);
#5543 = CARTESIAN_POINT('',(-29.07695621659,59.14694987617,23.5));
#5544 = VECTOR('',#5545,1.);
#5545 = DIRECTION('',(0.371610899842,-0.928388571191,0.));
#5546 = PCURVE('',#3486,#5547);
#5547 = DEFINITIONAL_REPRESENTATION('',(#5548),#5552);
#5548 = LINE('',#5549,#5550);
#5549 = CARTESIAN_POINT('',(-63.60956260589,8.499802955154));
#5550 = VECTOR('',#5551,1.);
#5551 = DIRECTION('',(0.371610899842,-0.928388571191));
#5552 = ( GEOMETRIC_REPRESENTATION_CONTEXT(2) 
PARAMETRIC_REPRESENTATION_CONTEXT() REPRESENTATION_CONTEXT('2D SPACE',''
  ) );
#5553 = PCURVE('',#3574,#5554);
#5554 = DEFINITIONAL_REPRESENTATION('',(#5555),#5559);
#5555 = LINE('',#5556,#5557);
#5556 = CARTESIAN_POINT('',(0.,-22.));
#5557 = VECTOR('',#5558,1.);
#5558 = DIRECTION('',(1.,0.));
#5559 = ( GEOMETRIC_REPRESENTATION_CONTEXT(2) 
PARAMETRIC_REPRESENTATION_CONTEXT() REPRESENTATION_CONTEXT('2D SPACE',''
  ) );
#5560 = FACE_BOUND('',#5561,.F.);
#5561 = EDGE_LOOP('',(#5562));
#5562 = ORIENTED_EDGE('',*,*,#5563,.T.);
#5563 = EDGE_CURVE('',#5564,#5564,#5566,.T.);
#5564 = VERTEX_POINT('',#5565);
#5565 = CARTESIAN_POINT('',(-22.3689030398,53.11306284184,23.5));
#5566 = SURFACE_CURVE('',#5567,(#5572,#5583),.PCURVE_S1.);
#5567 = CIRCLE('',#5568,1.6);
#5568 = AXIS2_PLACEMENT_3D('',#5569,#5570,#5571);
#5569 = CARTESIAN_POINT('',(-23.9689030398,53.11306284184,23.5));
#5570 = DIRECTION('',(0.,0.,-1.));
#5571 = DIRECTION('',(1.,0.,0.));
#5572 = PCURVE('',#3486,#5573);
#5573 = DEFINITIONAL_REPRESENTATION('',(#5574),#5582);
#5574 = ( BOUNDED_CURVE() B_SPLINE_CURVE(2,(#5575,#5576,#5577,#5578,
#5579,#5580,#5581),.UNSPECIFIED.,.T.,.F.) B_SPLINE_CURVE_WITH_KNOTS((1,2
    ,2,2,2,1),(-2.094395102393,0.,2.094395102393,4.188790204786,
6.28318530718,8.377580409573),.UNSPECIFIED.) CURVE() 
GEOMETRIC_REPRESENTATION_ITEM() RATIONAL_B_SPLINE_CURVE((1.,0.5,1.,0.5,
1.,0.5,1.)) REPRESENTATION_ITEM('') );
#5575 = CARTESIAN_POINT('',(-56.9015094291,2.465915920824));
#5576 = CARTESIAN_POINT('',(-56.9015094291,-0.305365371287));
#5577 = CARTESIAN_POINT('',(-59.3015094291,1.080275274768));
#5578 = CARTESIAN_POINT('',(-61.7015094291,2.465915920824));
#5579 = CARTESIAN_POINT('',(-59.3015094291,3.851556566879));
#5580 = CARTESIAN_POINT('',(-56.9015094291,5.237197212934));
#5581 = CARTESIAN_POINT('',(-56.9015094291,2.465915920824));
#5582 = ( GEOMETRIC_REPRESENTATION_CONTEXT(2) 
PARAMETRIC_REPRESENTATION_CONTEXT() REPRESENTATION_CONTEXT('2D SPACE',''
  ) );
#5583 = PCURVE('',#4171,#5584);
#5584 = DEFINITIONAL_REPRESENTATION('',(#5585),#5589);
#5585 = LINE('',#5586,#5587);
#5586 = CARTESIAN_POINT('',(-6.28318530718,-23.5));
#5587 = VECTOR('',#5588,1.);
#5588 = DIRECTION('',(1.,-0.));
#5589 = ( GEOMETRIC_REPRESENTATION_CONTEXT(2) 
PARAMETRIC_REPRESENTATION_CONTEXT() REPRESENTATION_CONTEXT('2D SPACE',''
  ) );
#5590 = ADVANCED_FACE('',(#5591),#3574,.T.);
#5591 = FACE_BOUND('',#5592,.T.);
#5592 = EDGE_LOOP('',(#5593,#5616,#5617,#5618));
#5593 = ORIENTED_EDGE('',*,*,#5594,.F.);
#5594 = EDGE_CURVE('',#3529,#5595,#5597,.T.);
#5595 = VERTEX_POINT('',#5596);
#5596 = CARTESIAN_POINT('',(-25.36084721817,49.863064164257,1.5));
#5597 = SURFACE_CURVE('',#5598,(#5602,#5609),.PCURVE_S1.);
#5598 = LINE('',#5599,#5600);
#5599 = CARTESIAN_POINT('',(-29.07695621659,59.14694987617,1.5));
#5600 = VECTOR('',#5601,1.);
#5601 = DIRECTION('',(0.371610899842,-0.928388571191,0.));
#5602 = PCURVE('',#3574,#5603);
#5603 = DEFINITIONAL_REPRESENTATION('',(#5604),#5608);
#5604 = LINE('',#5605,#5606);
#5605 = CARTESIAN_POINT('',(0.,0.));
#5606 = VECTOR('',#5607,1.);
#5607 = DIRECTION('',(1.,0.));
#5608 = ( GEOMETRIC_REPRESENTATION_CONTEXT(2) 
PARAMETRIC_REPRESENTATION_CONTEXT() REPRESENTATION_CONTEXT('2D SPACE',''
  ) );
#5609 = PCURVE('',#3545,#5610);
#5610 = DEFINITIONAL_REPRESENTATION('',(#5611),#5615);
#5611 = LINE('',#5612,#5613);
#5612 = CARTESIAN_POINT('',(-63.60956260589,8.499802955154));
#5613 = VECTOR('',#5614,1.);
#5614 = DIRECTION('',(0.371610899842,-0.928388571191));
#5615 = ( GEOMETRIC_REPRESENTATION_CONTEXT(2) 
PARAMETRIC_REPRESENTATION_CONTEXT() REPRESENTATION_CONTEXT('2D SPACE',''
  ) );
#5616 = ORIENTED_EDGE('',*,*,#3561,.F.);
#5617 = ORIENTED_EDGE('',*,*,#5540,.T.);
#5618 = ORIENTED_EDGE('',*,*,#5619,.F.);
#5619 = EDGE_CURVE('',#5595,#5489,#5620,.T.);
#5620 = SURFACE_CURVE('',#5621,(#5625,#5632),.PCURVE_S1.);
#5621 = LINE('',#5622,#5623);
#5622 = CARTESIAN_POINT('',(-25.36084721817,49.863064164257,1.5));
#5623 = VECTOR('',#5624,1.);
#5624 = DIRECTION('',(0.,0.,1.));
#5625 = PCURVE('',#3574,#5626);
#5626 = DEFINITIONAL_REPRESENTATION('',(#5627),#5631);
#5627 = LINE('',#5628,#5629);
#5628 = CARTESIAN_POINT('',(10.,0.));
#5629 = VECTOR('',#5630,1.);
#5630 = DIRECTION('',(0.,-1.));
#5631 = ( GEOMETRIC_REPRESENTATION_CONTEXT(2) 
PARAMETRIC_REPRESENTATION_CONTEXT() REPRESENTATION_CONTEXT('2D SPACE',''
  ) );
#5632 = PCURVE('',#5506,#5633);
#5633 = DEFINITIONAL_REPRESENTATION('',(#5634),#5638);
#5634 = LINE('',#5635,#5636);
#5635 = CARTESIAN_POINT('',(0.,0.));
#5636 = VECTOR('',#5637,1.);
#5637 = DIRECTION('',(0.,-1.));
#5638 = ( GEOMETRIC_REPRESENTATION_CONTEXT(2) 
PARAMETRIC_REPRESENTATION_CONTEXT() REPRESENTATION_CONTEXT('2D SPACE',''
  ) );
#5639 = ADVANCED_FACE('',(#5640),#3517,.T.);
#5640 = FACE_BOUND('',#5641,.T.);
#5641 = EDGE_LOOP('',(#5642,#5665,#5686,#5687));
#5642 = ORIENTED_EDGE('',*,*,#5643,.F.);
#5643 = EDGE_CURVE('',#5644,#3503,#5646,.T.);
#5644 = VERTEX_POINT('',#5645);
#5645 = CARTESIAN_POINT('',(-20.71890436222,51.721118663467,1.5));
#5646 = SURFACE_CURVE('',#5647,(#5651,#5658),.PCURVE_S1.);
#5647 = LINE('',#5648,#5649);
#5648 = CARTESIAN_POINT('',(-20.71890436222,51.721118663467,1.5));
#5649 = VECTOR('',#5650,1.);
#5650 = DIRECTION('',(-0.371610899842,0.928388571191,0.));
#5651 = PCURVE('',#3517,#5652);
#5652 = DEFINITIONAL_REPRESENTATION('',(#5653),#5657);
#5653 = LINE('',#5654,#5655);
#5654 = CARTESIAN_POINT('',(0.,0.));
#5655 = VECTOR('',#5656,1.);
#5656 = DIRECTION('',(1.,0.));
#5657 = ( GEOMETRIC_REPRESENTATION_CONTEXT(2) 
PARAMETRIC_REPRESENTATION_CONTEXT() REPRESENTATION_CONTEXT('2D SPACE',''
  ) );
#5658 = PCURVE('',#3545,#5659);
#5659 = DEFINITIONAL_REPRESENTATION('',(#5660),#5664);
#5660 = LINE('',#5661,#5662);
#5661 = CARTESIAN_POINT('',(-55.25151075151,1.07397174245));
#5662 = VECTOR('',#5663,1.);
#5663 = DIRECTION('',(-0.371610899842,0.928388571191));
#5664 = ( GEOMETRIC_REPRESENTATION_CONTEXT(2) 
PARAMETRIC_REPRESENTATION_CONTEXT() REPRESENTATION_CONTEXT('2D SPACE',''
  ) );
#5665 = ORIENTED_EDGE('',*,*,#5666,.T.);
#5666 = EDGE_CURVE('',#5644,#5491,#5667,.T.);
#5667 = SURFACE_CURVE('',#5668,(#5672,#5679),.PCURVE_S1.);
#5668 = LINE('',#5669,#5670);
#5669 = CARTESIAN_POINT('',(-20.71890436222,51.721118663467,1.5));
#5670 = VECTOR('',#5671,1.);
#5671 = DIRECTION('',(0.,0.,1.));
#5672 = PCURVE('',#3517,#5673);
#5673 = DEFINITIONAL_REPRESENTATION('',(#5674),#5678);
#5674 = LINE('',#5675,#5676);
#5675 = CARTESIAN_POINT('',(0.,0.));
#5676 = VECTOR('',#5677,1.);
#5677 = DIRECTION('',(0.,-1.));
#5678 = ( GEOMETRIC_REPRESENTATION_CONTEXT(2) 
PARAMETRIC_REPRESENTATION_CONTEXT() REPRESENTATION_CONTEXT('2D SPACE',''
  ) );
#5679 = PCURVE('',#5506,#5680);
#5680 = DEFINITIONAL_REPRESENTATION('',(#5681),#5685);
#5681 = LINE('',#5682,#5683);
#5682 = CARTESIAN_POINT('',(5.,0.));
#5683 = VECTOR('',#5684,1.);
#5684 = DIRECTION('',(0.,-1.));
#5685 = ( GEOMETRIC_REPRESENTATION_CONTEXT(2) 
PARAMETRIC_REPRESENTATION_CONTEXT() REPRESENTATION_CONTEXT('2D SPACE',''
  ) );
#5686 = ORIENTED_EDGE('',*,*,#5518,.T.);
#5687 = ORIENTED_EDGE('',*,*,#3502,.T.);
#5688 = ADVANCED_FACE('',(#5689,#5715),#3545,.T.);
#5689 = FACE_BOUND('',#5690,.T.);
#5690 = EDGE_LOOP('',(#5691,#5712,#5713,#5714));
#5691 = ORIENTED_EDGE('',*,*,#5692,.T.);
#5692 = EDGE_CURVE('',#5595,#5644,#5693,.T.);
#5693 = SURFACE_CURVE('',#5694,(#5698,#5705),.PCURVE_S1.);
#5694 = LINE('',#5695,#5696);
#5695 = CARTESIAN_POINT('',(-25.36084721817,49.863064164257,1.5));
#5696 = VECTOR('',#5697,1.);
#5697 = DIRECTION('',(0.928388571191,0.371610899842,0.));
#5698 = PCURVE('',#3545,#5699);
#5699 = DEFINITIONAL_REPRESENTATION('',(#5700),#5704);
#5700 = LINE('',#5701,#5702);
#5701 = CARTESIAN_POINT('',(-59.89345360747,-0.78408275676));
#5702 = VECTOR('',#5703,1.);
#5703 = DIRECTION('',(0.928388571191,0.371610899842));
#5704 = ( GEOMETRIC_REPRESENTATION_CONTEXT(2) 
PARAMETRIC_REPRESENTATION_CONTEXT() REPRESENTATION_CONTEXT('2D SPACE',''
  ) );
#5705 = PCURVE('',#5506,#5706);
#5706 = DEFINITIONAL_REPRESENTATION('',(#5707),#5711);
#5707 = LINE('',#5708,#5709);
#5708 = CARTESIAN_POINT('',(0.,0.));
#5709 = VECTOR('',#5710,1.);
#5710 = DIRECTION('',(1.,0.));
#5711 = ( GEOMETRIC_REPRESENTATION_CONTEXT(2) 
PARAMETRIC_REPRESENTATION_CONTEXT() REPRESENTATION_CONTEXT('2D SPACE',''
  ) );
#5712 = ORIENTED_EDGE('',*,*,#5643,.T.);
#5713 = ORIENTED_EDGE('',*,*,#3528,.F.);
#5714 = ORIENTED_EDGE('',*,*,#5594,.T.);
#5715 = FACE_BOUND('',#5716,.T.);
#5716 = EDGE_LOOP('',(#5717));
#5717 = ORIENTED_EDGE('',*,*,#5718,.T.);
#5718 = EDGE_CURVE('',#5719,#5719,#5721,.T.);
#5719 = VERTEX_POINT('',#5720);
#5720 = CARTESIAN_POINT('',(-22.3689030398,53.11306284184,1.5));
#5721 = SURFACE_CURVE('',#5722,(#5727,#5738),.PCURVE_S1.);
#5722 = CIRCLE('',#5723,1.6);
#5723 = AXIS2_PLACEMENT_3D('',#5724,#5725,#5726);
#5724 = CARTESIAN_POINT('',(-23.9689030398,53.11306284184,1.5));
#5725 = DIRECTION('',(0.,0.,-1.));
#5726 = DIRECTION('',(1.,0.,0.));
#5727 = PCURVE('',#3545,#5728);
#5728 = DEFINITIONAL_REPRESENTATION('',(#5729),#5737);
#5729 = ( BOUNDED_CURVE() B_SPLINE_CURVE(2,(#5730,#5731,#5732,#5733,
#5734,#5735,#5736),.UNSPECIFIED.,.T.,.F.) B_SPLINE_CURVE_WITH_KNOTS((1,2
    ,2,2,2,1),(-2.094395102393,0.,2.094395102393,4.188790204786,
6.28318530718,8.377580409573),.UNSPECIFIED.) CURVE() 
GEOMETRIC_REPRESENTATION_ITEM() RATIONAL_B_SPLINE_CURVE((1.,0.5,1.,0.5,
1.,0.5,1.)) REPRESENTATION_ITEM('') );
#5730 = CARTESIAN_POINT('',(-56.9015094291,2.465915920824));
#5731 = CARTESIAN_POINT('',(-56.9015094291,-0.305365371287));
#5732 = CARTESIAN_POINT('',(-59.3015094291,1.080275274768));
#5733 = CARTESIAN_POINT('',(-61.7015094291,2.465915920824));
#5734 = CARTESIAN_POINT('',(-59.3015094291,3.851556566879));
#5735 = CARTESIAN_POINT('',(-56.9015094291,5.237197212934));
#5736 = CARTESIAN_POINT('',(-56.9015094291,2.465915920824));
#5737 = ( GEOMETRIC_REPRESENTATION_CONTEXT(2) 
PARAMETRIC_REPRESENTATION_CONTEXT() REPRESENTATION_CONTEXT('2D SPACE',''
  ) );
#5738 = PCURVE('',#3863,#5739);
#5739 = DEFINITIONAL_REPRESENTATION('',(#5740),#5744);
#5740 = LINE('',#5741,#5742);
#5741 = CARTESIAN_POINT('',(-6.28318530718,-1.5));
#5742 = VECTOR('',#5743,1.);
#5743 = DIRECTION('',(1.,-0.));
#5744 = ( GEOMETRIC_REPRESENTATION_CONTEXT(2) 
PARAMETRIC_REPRESENTATION_CONTEXT() REPRESENTATION_CONTEXT('2D SPACE',''
  ) );
#5745 = ADVANCED_FACE('',(#5746,#5821),#3606,.F.);
#5746 = FACE_BOUND('',#5747,.F.);
#5747 = EDGE_LOOP('',(#5748,#5778,#5799,#5800));
#5748 = ORIENTED_EDGE('',*,*,#5749,.T.);
#5749 = EDGE_CURVE('',#5750,#5752,#5754,.T.);
#5750 = VERTEX_POINT('',#5751);
#5751 = CARTESIAN_POINT('',(-37.63115010418,42.569070665336,23.5));
#5752 = VERTEX_POINT('',#5753);
#5753 = CARTESIAN_POINT('',(-33.53664162225,45.438739686563,23.5));
#5754 = SURFACE_CURVE('',#5755,(#5759,#5766),.PCURVE_S1.);
#5755 = LINE('',#5756,#5757);
#5756 = CARTESIAN_POINT('',(-37.63115010418,42.569070665336,23.5));
#5757 = VECTOR('',#5758,1.);
#5758 = DIRECTION('',(0.818901696386,0.573933804245,0.));
#5759 = PCURVE('',#3606,#5760);
#5760 = DEFINITIONAL_REPRESENTATION('',(#5761),#5765);
#5761 = LINE('',#5762,#5763);
#5762 = CARTESIAN_POINT('',(-72.16375649348,-8.078076255681));
#5763 = VECTOR('',#5764,1.);
#5764 = DIRECTION('',(0.818901696386,0.573933804245));
#5765 = ( GEOMETRIC_REPRESENTATION_CONTEXT(2) 
PARAMETRIC_REPRESENTATION_CONTEXT() REPRESENTATION_CONTEXT('2D SPACE',''
  ) );
#5766 = PCURVE('',#5767,#5772);
#5767 = PLANE('',#5768);
#5768 = AXIS2_PLACEMENT_3D('',#5769,#5770,#5771);
#5769 = CARTESIAN_POINT('',(-37.63115010418,42.569070665336,1.5));
#5770 = DIRECTION('',(-0.573933804245,0.818901696386,0.));
#5771 = DIRECTION('',(0.818901696386,0.573933804245,0.));
#5772 = DEFINITIONAL_REPRESENTATION('',(#5773),#5777);
#5773 = LINE('',#5774,#5775);
#5774 = CARTESIAN_POINT('',(0.,-22.));
#5775 = VECTOR('',#5776,1.);
#5776 = DIRECTION('',(1.,0.));
#5777 = ( GEOMETRIC_REPRESENTATION_CONTEXT(2) 
PARAMETRIC_REPRESENTATION_CONTEXT() REPRESENTATION_CONTEXT('2D SPACE',''
  ) );
#5778 = ORIENTED_EDGE('',*,*,#5779,.T.);
#5779 = EDGE_CURVE('',#5752,#3590,#5780,.T.);
#5780 = SURFACE_CURVE('',#5781,(#5785,#5792),.PCURVE_S1.);
#5781 = LINE('',#5782,#5783);
#5782 = CARTESIAN_POINT('',(-33.53664162225,45.438739686563,23.5));
#5783 = VECTOR('',#5784,1.);
#5784 = DIRECTION('',(-0.573933804245,0.818901696386,0.));
#5785 = PCURVE('',#3606,#5786);
#5786 = DEFINITIONAL_REPRESENTATION('',(#5787),#5791);
#5787 = LINE('',#5788,#5789);
#5788 = CARTESIAN_POINT('',(-68.06924801154,-5.208407234453));
#5789 = VECTOR('',#5790,1.);
#5790 = DIRECTION('',(-0.573933804245,0.818901696386));
#5791 = ( GEOMETRIC_REPRESENTATION_CONTEXT(2) 
PARAMETRIC_REPRESENTATION_CONTEXT() REPRESENTATION_CONTEXT('2D SPACE',''
  ) );
#5792 = PCURVE('',#3637,#5793);
#5793 = DEFINITIONAL_REPRESENTATION('',(#5794),#5798);
#5794 = LINE('',#5795,#5796);
#5795 = CARTESIAN_POINT('',(0.,-22.));
#5796 = VECTOR('',#5797,1.);
#5797 = DIRECTION('',(1.,0.));
#5798 = ( GEOMETRIC_REPRESENTATION_CONTEXT(2) 
PARAMETRIC_REPRESENTATION_CONTEXT() REPRESENTATION_CONTEXT('2D SPACE',''
  ) );
#5799 = ORIENTED_EDGE('',*,*,#3587,.F.);
#5800 = ORIENTED_EDGE('',*,*,#5801,.T.);
#5801 = EDGE_CURVE('',#3588,#5750,#5802,.T.);
#5802 = SURFACE_CURVE('',#5803,(#5807,#5814),.PCURVE_S1.);
#5803 = LINE('',#5804,#5805);
#5804 = CARTESIAN_POINT('',(-43.37048814663,50.758087629199,23.5));
#5805 = VECTOR('',#5806,1.);
#5806 = DIRECTION('',(0.573933804245,-0.818901696386,0.));
#5807 = PCURVE('',#3606,#5808);
#5808 = DEFINITIONAL_REPRESENTATION('',(#5809),#5813);
#5809 = LINE('',#5810,#5811);
#5810 = CARTESIAN_POINT('',(-77.90309453593,0.110940708182));
#5811 = VECTOR('',#5812,1.);
#5812 = DIRECTION('',(0.573933804245,-0.818901696386));
#5813 = ( GEOMETRIC_REPRESENTATION_CONTEXT(2) 
PARAMETRIC_REPRESENTATION_CONTEXT() REPRESENTATION_CONTEXT('2D SPACE',''
  ) );
#5814 = PCURVE('',#3694,#5815);
#5815 = DEFINITIONAL_REPRESENTATION('',(#5816),#5820);
#5816 = LINE('',#5817,#5818);
#5817 = CARTESIAN_POINT('',(0.,-22.));
#5818 = VECTOR('',#5819,1.);
#5819 = DIRECTION('',(1.,0.));
#5820 = ( GEOMETRIC_REPRESENTATION_CONTEXT(2) 
PARAMETRIC_REPRESENTATION_CONTEXT() REPRESENTATION_CONTEXT('2D SPACE',''
  ) );
#5821 = FACE_BOUND('',#5822,.F.);
#5822 = EDGE_LOOP('',(#5823));
#5823 = ORIENTED_EDGE('',*,*,#5824,.T.);
#5824 = EDGE_CURVE('',#5825,#5825,#5827,.T.);
#5825 = VERTEX_POINT('',#5826);
#5826 = CARTESIAN_POINT('',(-35.41873037383,46.051159416915,23.5));
#5827 = SURFACE_CURVE('',#5828,(#5833,#5844),.PCURVE_S1.);
#5828 = CIRCLE('',#5829,1.6);
#5829 = AXIS2_PLACEMENT_3D('',#5830,#5831,#5832);
#5830 = CARTESIAN_POINT('',(-37.01873037383,46.051159416915,23.5));
#5831 = DIRECTION('',(0.,0.,-1.));
#5832 = DIRECTION('',(1.,0.,0.));
#5833 = PCURVE('',#3606,#5834);
#5834 = DEFINITIONAL_REPRESENTATION('',(#5835),#5843);
#5835 = ( BOUNDED_CURVE() B_SPLINE_CURVE(2,(#5836,#5837,#5838,#5839,
#5840,#5841,#5842),.UNSPECIFIED.,.T.,.F.) B_SPLINE_CURVE_WITH_KNOTS((1,2
    ,2,2,2,1),(-2.094395102393,0.,2.094395102393,4.188790204786,
6.28318530718,8.377580409573),.UNSPECIFIED.) CURVE() 
GEOMETRIC_REPRESENTATION_ITEM() RATIONAL_B_SPLINE_CURVE((1.,0.5,1.,0.5,
1.,0.5,1.)) REPRESENTATION_ITEM('') );
#5836 = CARTESIAN_POINT('',(-69.95133676312,-4.595987504101));
#5837 = CARTESIAN_POINT('',(-69.95133676312,-7.367268796211));
#5838 = CARTESIAN_POINT('',(-72.35133676312,-5.981628150156));
#5839 = CARTESIAN_POINT('',(-74.75133676312,-4.595987504101));
#5840 = CARTESIAN_POINT('',(-72.35133676312,-3.210346858046));
#5841 = CARTESIAN_POINT('',(-69.95133676312,-1.824706211991));
#5842 = CARTESIAN_POINT('',(-69.95133676312,-4.595987504101));
#5843 = ( GEOMETRIC_REPRESENTATION_CONTEXT(2) 
PARAMETRIC_REPRESENTATION_CONTEXT() REPRESENTATION_CONTEXT('2D SPACE',''
  ) );
#5844 = PCURVE('',#4109,#5845);
#5845 = DEFINITIONAL_REPRESENTATION('',(#5846),#5850);
#5846 = LINE('',#5847,#5848);
#5847 = CARTESIAN_POINT('',(-6.28318530718,-23.5));
#5848 = VECTOR('',#5849,1.);
#5849 = DIRECTION('',(1.,-0.));
#5850 = ( GEOMETRIC_REPRESENTATION_CONTEXT(2) 
PARAMETRIC_REPRESENTATION_CONTEXT() REPRESENTATION_CONTEXT('2D SPACE',''
  ) );
#5851 = ADVANCED_FACE('',(#5852),#3694,.T.);
#5852 = FACE_BOUND('',#5853,.T.);
#5853 = EDGE_LOOP('',(#5854,#5877,#5878,#5879));
#5854 = ORIENTED_EDGE('',*,*,#5855,.F.);
#5855 = EDGE_CURVE('',#3649,#5856,#5858,.T.);
#5856 = VERTEX_POINT('',#5857);
#5857 = CARTESIAN_POINT('',(-37.63115010418,42.569070665336,1.5));
#5858 = SURFACE_CURVE('',#5859,(#5863,#5870),.PCURVE_S1.);
#5859 = LINE('',#5860,#5861);
#5860 = CARTESIAN_POINT('',(-43.37048814663,50.758087629199,1.5));
#5861 = VECTOR('',#5862,1.);
#5862 = DIRECTION('',(0.573933804245,-0.818901696386,0.));
#5863 = PCURVE('',#3694,#5864);
#5864 = DEFINITIONAL_REPRESENTATION('',(#5865),#5869);
#5865 = LINE('',#5866,#5867);
#5866 = CARTESIAN_POINT('',(0.,0.));
#5867 = VECTOR('',#5868,1.);
#5868 = DIRECTION('',(1.,0.));
#5869 = ( GEOMETRIC_REPRESENTATION_CONTEXT(2) 
PARAMETRIC_REPRESENTATION_CONTEXT() REPRESENTATION_CONTEXT('2D SPACE',''
  ) );
#5870 = PCURVE('',#3665,#5871);
#5871 = DEFINITIONAL_REPRESENTATION('',(#5872),#5876);
#5872 = LINE('',#5873,#5874);
#5873 = CARTESIAN_POINT('',(-77.90309453593,0.110940708182));
#5874 = VECTOR('',#5875,1.);
#5875 = DIRECTION('',(0.573933804245,-0.818901696386));
#5876 = ( GEOMETRIC_REPRESENTATION_CONTEXT(2) 
PARAMETRIC_REPRESENTATION_CONTEXT() REPRESENTATION_CONTEXT('2D SPACE',''
  ) );
#5877 = ORIENTED_EDGE('',*,*,#3681,.F.);
#5878 = ORIENTED_EDGE('',*,*,#5801,.T.);
#5879 = ORIENTED_EDGE('',*,*,#5880,.F.);
#5880 = EDGE_CURVE('',#5856,#5750,#5881,.T.);
#5881 = SURFACE_CURVE('',#5882,(#5886,#5893),.PCURVE_S1.);
#5882 = LINE('',#5883,#5884);
#5883 = CARTESIAN_POINT('',(-37.63115010418,42.569070665336,1.5));
#5884 = VECTOR('',#5885,1.);
#5885 = DIRECTION('',(0.,0.,1.));
#5886 = PCURVE('',#3694,#5887);
#5887 = DEFINITIONAL_REPRESENTATION('',(#5888),#5892);
#5888 = LINE('',#5889,#5890);
#5889 = CARTESIAN_POINT('',(10.,0.));
#5890 = VECTOR('',#5891,1.);
#5891 = DIRECTION('',(0.,-1.));
#5892 = ( GEOMETRIC_REPRESENTATION_CONTEXT(2) 
PARAMETRIC_REPRESENTATION_CONTEXT() REPRESENTATION_CONTEXT('2D SPACE',''
  ) );
#5893 = PCURVE('',#5767,#5894);
#5894 = DEFINITIONAL_REPRESENTATION('',(#5895),#5899);
#5895 = LINE('',#5896,#5897);
#5896 = CARTESIAN_POINT('',(0.,0.));
#5897 = VECTOR('',#5898,1.);
#5898 = DIRECTION('',(0.,-1.));
#5899 = ( GEOMETRIC_REPRESENTATION_CONTEXT(2) 
PARAMETRIC_REPRESENTATION_CONTEXT() REPRESENTATION_CONTEXT('2D SPACE',''
  ) );
#5900 = ADVANCED_FACE('',(#5901),#3637,.T.);
#5901 = FACE_BOUND('',#5902,.T.);
#5902 = EDGE_LOOP('',(#5903,#5926,#5947,#5948));
#5903 = ORIENTED_EDGE('',*,*,#5904,.F.);
#5904 = EDGE_CURVE('',#5905,#3623,#5907,.T.);
#5905 = VERTEX_POINT('',#5906);
#5906 = CARTESIAN_POINT('',(-33.53664162225,45.438739686563,1.5));
#5907 = SURFACE_CURVE('',#5908,(#5912,#5919),.PCURVE_S1.);
#5908 = LINE('',#5909,#5910);
#5909 = CARTESIAN_POINT('',(-33.53664162225,45.438739686563,1.5));
#5910 = VECTOR('',#5911,1.);
#5911 = DIRECTION('',(-0.573933804245,0.818901696386,0.));
#5912 = PCURVE('',#3637,#5913);
#5913 = DEFINITIONAL_REPRESENTATION('',(#5914),#5918);
#5914 = LINE('',#5915,#5916);
#5915 = CARTESIAN_POINT('',(0.,0.));
#5916 = VECTOR('',#5917,1.);
#5917 = DIRECTION('',(1.,0.));
#5918 = ( GEOMETRIC_REPRESENTATION_CONTEXT(2) 
PARAMETRIC_REPRESENTATION_CONTEXT() REPRESENTATION_CONTEXT('2D SPACE',''
  ) );
#5919 = PCURVE('',#3665,#5920);
#5920 = DEFINITIONAL_REPRESENTATION('',(#5921),#5925);
#5921 = LINE('',#5922,#5923);
#5922 = CARTESIAN_POINT('',(-68.06924801154,-5.208407234453));
#5923 = VECTOR('',#5924,1.);
#5924 = DIRECTION('',(-0.573933804245,0.818901696386));
#5925 = ( GEOMETRIC_REPRESENTATION_CONTEXT(2) 
PARAMETRIC_REPRESENTATION_CONTEXT() REPRESENTATION_CONTEXT('2D SPACE',''
  ) );
#5926 = ORIENTED_EDGE('',*,*,#5927,.T.);
#5927 = EDGE_CURVE('',#5905,#5752,#5928,.T.);
#5928 = SURFACE_CURVE('',#5929,(#5933,#5940),.PCURVE_S1.);
#5929 = LINE('',#5930,#5931);
#5930 = CARTESIAN_POINT('',(-33.53664162225,45.438739686563,1.5));
#5931 = VECTOR('',#5932,1.);
#5932 = DIRECTION('',(0.,0.,1.));
#5933 = PCURVE('',#3637,#5934);
#5934 = DEFINITIONAL_REPRESENTATION('',(#5935),#5939);
#5935 = LINE('',#5936,#5937);
#5936 = CARTESIAN_POINT('',(0.,0.));
#5937 = VECTOR('',#5938,1.);
#5938 = DIRECTION('',(0.,-1.));
#5939 = ( GEOMETRIC_REPRESENTATION_CONTEXT(2) 
PARAMETRIC_REPRESENTATION_CONTEXT() REPRESENTATION_CONTEXT('2D SPACE',''
  ) );
#5940 = PCURVE('',#5767,#5941);
#5941 = DEFINITIONAL_REPRESENTATION('',(#5942),#5946);
#5942 = LINE('',#5943,#5944);
#5943 = CARTESIAN_POINT('',(5.,0.));
#5944 = VECTOR('',#5945,1.);
#5945 = DIRECTION('',(0.,-1.));
#5946 = ( GEOMETRIC_REPRESENTATION_CONTEXT(2) 
PARAMETRIC_REPRESENTATION_CONTEXT() REPRESENTATION_CONTEXT('2D SPACE',''
  ) );
#5947 = ORIENTED_EDGE('',*,*,#5779,.T.);
#5948 = ORIENTED_EDGE('',*,*,#3622,.T.);
#5949 = ADVANCED_FACE('',(#5950,#5976),#3665,.T.);
#5950 = FACE_BOUND('',#5951,.T.);
#5951 = EDGE_LOOP('',(#5952,#5973,#5974,#5975));
#5952 = ORIENTED_EDGE('',*,*,#5953,.T.);
#5953 = EDGE_CURVE('',#5856,#5905,#5954,.T.);
#5954 = SURFACE_CURVE('',#5955,(#5959,#5966),.PCURVE_S1.);
#5955 = LINE('',#5956,#5957);
#5956 = CARTESIAN_POINT('',(-37.63115010418,42.569070665336,1.5));
#5957 = VECTOR('',#5958,1.);
#5958 = DIRECTION('',(0.818901696386,0.573933804245,0.));
#5959 = PCURVE('',#3665,#5960);
#5960 = DEFINITIONAL_REPRESENTATION('',(#5961),#5965);
#5961 = LINE('',#5962,#5963);
#5962 = CARTESIAN_POINT('',(-72.16375649348,-8.078076255681));
#5963 = VECTOR('',#5964,1.);
#5964 = DIRECTION('',(0.818901696386,0.573933804245));
#5965 = ( GEOMETRIC_REPRESENTATION_CONTEXT(2) 
PARAMETRIC_REPRESENTATION_CONTEXT() REPRESENTATION_CONTEXT('2D SPACE',''
  ) );
#5966 = PCURVE('',#5767,#5967);
#5967 = DEFINITIONAL_REPRESENTATION('',(#5968),#5972);
#5968 = LINE('',#5969,#5970);
#5969 = CARTESIAN_POINT('',(0.,0.));
#5970 = VECTOR('',#5971,1.);
#5971 = DIRECTION('',(1.,0.));
#5972 = ( GEOMETRIC_REPRESENTATION_CONTEXT(2) 
PARAMETRIC_REPRESENTATION_CONTEXT() REPRESENTATION_CONTEXT('2D SPACE',''
  ) );
#5973 = ORIENTED_EDGE('',*,*,#5904,.T.);
#5974 = ORIENTED_EDGE('',*,*,#3648,.F.);
#5975 = ORIENTED_EDGE('',*,*,#5855,.T.);
#5976 = FACE_BOUND('',#5977,.T.);
#5977 = EDGE_LOOP('',(#5978));
#5978 = ORIENTED_EDGE('',*,*,#5979,.T.);
#5979 = EDGE_CURVE('',#5980,#5980,#5982,.T.);
#5980 = VERTEX_POINT('',#5981);
#5981 = CARTESIAN_POINT('',(-35.41873037383,46.051159416915,1.5));
#5982 = SURFACE_CURVE('',#5983,(#5988,#5999),.PCURVE_S1.);
#5983 = CIRCLE('',#5984,1.6);
#5984 = AXIS2_PLACEMENT_3D('',#5985,#5986,#5987);
#5985 = CARTESIAN_POINT('',(-37.01873037383,46.051159416915,1.5));
#5986 = DIRECTION('',(0.,0.,-1.));
#5987 = DIRECTION('',(1.,0.,0.));
#5988 = PCURVE('',#3665,#5989);
#5989 = DEFINITIONAL_REPRESENTATION('',(#5990),#5998);
#5990 = ( BOUNDED_CURVE() B_SPLINE_CURVE(2,(#5991,#5992,#5993,#5994,
#5995,#5996,#5997),.UNSPECIFIED.,.T.,.F.) B_SPLINE_CURVE_WITH_KNOTS((1,2
    ,2,2,2,1),(-2.094395102393,0.,2.094395102393,4.188790204786,
6.28318530718,8.377580409573),.UNSPECIFIED.) CURVE() 
GEOMETRIC_REPRESENTATION_ITEM() RATIONAL_B_SPLINE_CURVE((1.,0.5,1.,0.5,
1.,0.5,1.)) REPRESENTATION_ITEM('') );
#5991 = CARTESIAN_POINT('',(-69.95133676312,-4.595987504101));
#5992 = CARTESIAN_POINT('',(-69.95133676312,-7.367268796211));
#5993 = CARTESIAN_POINT('',(-72.35133676312,-5.981628150156));
#5994 = CARTESIAN_POINT('',(-74.75133676312,-4.595987504101));
#5995 = CARTESIAN_POINT('',(-72.35133676312,-3.210346858046));
#5996 = CARTESIAN_POINT('',(-69.95133676312,-1.824706211991));
#5997 = CARTESIAN_POINT('',(-69.95133676312,-4.595987504101));
#5998 = ( GEOMETRIC_REPRESENTATION_CONTEXT(2) 
PARAMETRIC_REPRESENTATION_CONTEXT() REPRESENTATION_CONTEXT('2D SPACE',''
  ) );
#5999 = PCURVE('',#3801,#6000);
#6000 = DEFINITIONAL_REPRESENTATION('',(#6001),#6005);
#6001 = LINE('',#6002,#6003);
#6002 = CARTESIAN_POINT('',(-6.28318530718,-1.5));
#6003 = VECTOR('',#6004,1.);
#6004 = DIRECTION('',(1.,-0.));
#6005 = ( GEOMETRIC_REPRESENTATION_CONTEXT(2) 
PARAMETRIC_REPRESENTATION_CONTEXT() REPRESENTATION_CONTEXT('2D SPACE',''
  ) );
#6006 = ADVANCED_FACE('',(#6007,#6013,#6166,#6319),#3770,.F.);
#6007 = FACE_BOUND('',#6008,.T.);
#6008 = EDGE_LOOP('',(#6009,#6010,#6011,#6012));
#6009 = ORIENTED_EDGE('',*,*,#3755,.F.);
#6010 = ORIENTED_EDGE('',*,*,#3972,.F.);
#6011 = ORIENTED_EDGE('',*,*,#4068,.T.);
#6012 = ORIENTED_EDGE('',*,*,#4043,.T.);
#6013 = FACE_BOUND('',#6014,.T.);
#6014 = EDGE_LOOP('',(#6015));
#6015 = ORIENTED_EDGE('',*,*,#6016,.F.);
#6016 = EDGE_CURVE('',#6017,#6017,#6019,.T.);
#6017 = VERTEX_POINT('',#6018);
#6018 = CARTESIAN_POINT('',(-3.79209354312,53.112046981947,12.5));
#6019 = SURFACE_CURVE('',#6020,(#6065,#6113),.PCURVE_S1.);
#6020 = B_SPLINE_CURVE_WITH_KNOTS('',7,(#6021,#6022,#6023,#6024,#6025,
    #6026,#6027,#6028,#6029,#6030,#6031,#6032,#6033,#6034,#6035,#6036,
    #6037,#6038,#6039,#6040,#6041,#6042,#6043,#6044,#6045,#6046,#6047,
    #6048,#6049,#6050,#6051,#6052,#6053,#6054,#6055,#6056,#6057,#6058,
    #6059,#6060,#6061,#6062,#6063,#6064),.UNSPECIFIED.,.T.,.F.,(8,6,6,6,
    6,6,6,8),(0.,0.152727253533,0.285697368453,0.421890404419,
    0.588710542594,0.71448299612,0.837882922343,1.),.UNSPECIFIED.);
#6021 = CARTESIAN_POINT('',(-3.79209354312,53.112046981947,12.5));
#6022 = CARTESIAN_POINT('',(-3.79209354312,53.112046981947,
    12.296869908293));
#6023 = CARTESIAN_POINT('',(-3.763823100336,53.113837255314,
    12.093834794307));
#6024 = CARTESIAN_POINT('',(-3.707320972303,53.117415648902,
    11.893344705661));
#6025 = CARTESIAN_POINT('',(-3.621741454512,53.122750257534,
    11.698193290131));
#6026 = CARTESIAN_POINT('',(-3.505710782304,53.129762237494,
    11.512061702316));
#6027 = CARTESIAN_POINT('',(-3.357654550143,53.138252034569,
    11.3401038912));
#6028 = CARTESIAN_POINT('',(-3.018946387005,53.15620949617,
    11.059552365925));
#6029 = CARTESIAN_POINT('',(-2.830785486696,53.165699761684,
    10.941086527936));
#6030 = CARTESIAN_POINT('',(-2.615853370244,53.175788047602,
    10.848243250629));
#6031 = CARTESIAN_POINT('',(-2.381894507886,53.18569002686,
    10.790348332561));
#6032 = CARTESIAN_POINT('',(-2.13929610037,53.194666472378,
    10.772423787213));
#6033 = CARTESIAN_POINT('',(-1.89914922971,53.202368858571,
    10.794911968984));
#6034 = CARTESIAN_POINT('',(-1.4381357675,53.215216162231,10.91332312137
    ));
#6035 = CARTESIAN_POINT('',(-1.225984994069,53.22006897601,
    11.008928723075));
#6036 = CARTESIAN_POINT('',(-1.03870922922,53.223515194817,
    11.132130746464));
#6037 = CARTESIAN_POINT('',(-0.877993269761,53.225907771236,
    11.276129373721));
#6038 = CARTESIAN_POINT('',(-0.744367037601,53.227549179208,
    11.43492497362));
#6039 = CARTESIAN_POINT('',(-0.637442038393,53.228669065617,
    11.60317830646));
#6040 = CARTESIAN_POINT('',(-0.456271322296,53.230348024417,
    11.988075660214));
#6041 = CARTESIAN_POINT('',(-0.393413857344,53.230737086149,
    12.21000020146));
#6042 = CARTESIAN_POINT('',(-0.365553926428,53.230865851519,
    12.43696809902));
#6043 = CARTESIAN_POINT('',(-0.372112375119,53.230832711765,
    12.665503307275));
#6044 = CARTESIAN_POINT('',(-0.413456016341,53.230627066019,
    12.891879252704));
#6045 = CARTESIAN_POINT('',(-0.490543957757,53.230102939158,
    13.111730415951));
#6046 = CARTESIAN_POINT('',(-0.690434341667,53.228088906614,
    13.475236034347));
#6047 = CARTESIAN_POINT('',(-0.798465321093,53.226856826652,
    13.626410055719));
#6048 = CARTESIAN_POINT('',(-0.929439489777,53.225117102039,
    13.768361835645));
#6049 = CARTESIAN_POINT('',(-1.083442896998,53.222675723022,
    13.896558190698));
#6050 = CARTESIAN_POINT('',(-1.259774094383,53.219290106793,
    14.006065932903));
#6051 = CARTESIAN_POINT('',(-1.456800315093,53.214696027506,
    14.091470861389));
#6052 = CARTESIAN_POINT('',(-1.881956610233,53.202847974304,
    14.200672112498));
#6053 = CARTESIAN_POINT('',(-2.103946911666,53.195798374745,
    14.224191070164));
#6054 = CARTESIAN_POINT('',(-2.329160802906,53.187628402078,
    14.213096580833));
#6055 = CARTESIAN_POINT('',(-2.548376236074,53.178606925645,
    14.167264685541));
#6056 = CARTESIAN_POINT('',(-2.752773136688,53.169302264247,
    14.09031958687));
#6057 = CARTESIAN_POINT('',(-2.935418607228,53.160357199975,
    13.989449834285));
#6058 = CARTESIAN_POINT('',(-3.298416472113,53.141623964775,
    13.725402107801));
#6059 = CARTESIAN_POINT('',(-3.46706025649,53.132091302935,
    13.54751855258));
#6060 = CARTESIAN_POINT('',(-3.598973051167,53.124167837195,
    13.351971713404));
#6061 = CARTESIAN_POINT('',(-3.696085597859,53.118127387102,
    13.145306432349));
#6062 = CARTESIAN_POINT('',(-3.760075742915,53.114074512115,
    12.932257600134));
#6063 = CARTESIAN_POINT('',(-3.79209354312,53.112046981947,
    12.716167704034));
#6064 = CARTESIAN_POINT('',(-3.79209354312,53.112046981947,12.5));
#6065 = PCURVE('',#3770,#6066);
#6066 = DEFINITIONAL_REPRESENTATION('',(#6067),#6112);
#6067 = B_SPLINE_CURVE_WITH_KNOTS('',7,(#6068,#6069,#6070,#6071,#6072,
    #6073,#6074,#6075,#6076,#6077,#6078,#6079,#6080,#6081,#6082,#6083,
    #6084,#6085,#6086,#6087,#6088,#6089,#6090,#6091,#6092,#6093,#6094,
    #6095,#6096,#6097,#6098,#6099,#6100,#6101,#6102,#6103,#6104,#6105,
    #6106,#6107,#6108,#6109,#6110,#6111),.UNSPECIFIED.,.T.,.F.,(8,6,6,6,
    6,6,6,8),(0.,0.152727253533,0.285697368453,0.421890404419,
    0.588710542594,0.71448299612,0.837882922343,1.),.UNSPECIFIED.);
#6068 = CARTESIAN_POINT('',(-1.634040037433,-12.5));
#6069 = CARTESIAN_POINT('',(-1.634040037433,-12.29686990829));
#6070 = CARTESIAN_POINT('',(-1.633567919558,-12.0938347943));
#6071 = CARTESIAN_POINT('',(-1.632624330781,-11.89334470566));
#6072 = CARTESIAN_POINT('',(-1.631195237766,-11.69819329013));
#6073 = CARTESIAN_POINT('',(-1.629257872938,-11.51206170231));
#6074 = CARTESIAN_POINT('',(-1.626786238553,-11.3401038912));
#6075 = CARTESIAN_POINT('',(-1.621133174236,-11.05955236592));
#6076 = CARTESIAN_POINT('',(-1.617993183771,-10.94108652793));
#6077 = CARTESIAN_POINT('',(-1.614407071798,-10.84824325062));
#6078 = CARTESIAN_POINT('',(-1.610504355,-10.79034833256));
#6079 = CARTESIAN_POINT('',(-1.606458362734,-10.77242378721));
#6080 = CARTESIAN_POINT('',(-1.602453891611,-10.79491196898));
#6081 = CARTESIAN_POINT('',(-1.594767350966,-10.91332312137));
#6082 = CARTESIAN_POINT('',(-1.591230623945,-11.00892872307));
#6083 = CARTESIAN_POINT('',(-1.588108875865,-11.13213074646));
#6084 = CARTESIAN_POINT('',(-1.585429996865,-11.27612937372));
#6085 = CARTESIAN_POINT('',(-1.583202731544,-11.43492497362));
#6086 = CARTESIAN_POINT('',(-1.581420551682,-11.60317830646));
#6087 = CARTESIAN_POINT('',(-1.578400910089,-11.98807566021));
#6088 = CARTESIAN_POINT('',(-1.5773532705,-12.21000020145));
#6089 = CARTESIAN_POINT('',(-1.576888931243,-12.43696809902));
#6090 = CARTESIAN_POINT('',(-1.576998240432,-12.66550330727));
#6091 = CARTESIAN_POINT('',(-1.577687311596,-12.8918792527));
#6092 = CARTESIAN_POINT('',(-1.578972133473,-13.11173041595));
#6093 = CARTESIAN_POINT('',(-1.582303808974,-13.47523603434));
#6094 = CARTESIAN_POINT('',(-1.58410444085,-13.62641005571));
#6095 = CARTESIAN_POINT('',(-1.586287529536,-13.76836183564));
#6096 = CARTESIAN_POINT('',(-1.588854558898,-13.89655819069));
#6097 = CARTESIAN_POINT('',(-1.591793918638,-14.0060659329));
#6098 = CARTESIAN_POINT('',(-1.595078547526,-14.09147086138));
#6099 = CARTESIAN_POINT('',(-1.60216723671,-14.20067211249));
#6100 = CARTESIAN_POINT('',(-1.6058689125,-14.22419107016));
#6101 = CARTESIAN_POINT('',(-1.609624883158,-14.21309658083));
#6102 = CARTESIAN_POINT('',(-1.613281494275,-14.16726468554));
#6103 = CARTESIAN_POINT('',(-1.616691605126,-14.09031958687));
#6104 = CARTESIAN_POINT('',(-1.619739334067,-13.98944983428));
#6105 = CARTESIAN_POINT('',(-1.62579734951,-13.7254021078));
#6106 = CARTESIAN_POINT('',(-1.628612532085,-13.54751855258));
#6107 = CARTESIAN_POINT('',(-1.630815029648,-13.3519717134));
#6108 = CARTESIAN_POINT('',(-1.632436699285,-13.14530643234));
#6109 = CARTESIAN_POINT('',(-1.633505338521,-12.93225760013));
#6110 = CARTESIAN_POINT('',(-1.634040037433,-12.71616770403));
#6111 = CARTESIAN_POINT('',(-1.634040037433,-12.5));
#6112 = ( GEOMETRIC_REPRESENTATION_CONTEXT(2) 
PARAMETRIC_REPRESENTATION_CONTEXT() REPRESENTATION_CONTEXT('2D SPACE',''
  ) );
#6113 = PCURVE('',#6114,#6119);
#6114 = CYLINDRICAL_SURFACE('',#6115,1.7);
#6115 = AXIS2_PLACEMENT_3D('',#6116,#6117,#6118);
#6116 = CARTESIAN_POINT('',(-2.37316577577,61.190576237299,12.5));
#6117 = DIRECTION('',(3.48994967025E-02,-0.999390827019,0.));
#6118 = DIRECTION('',(-0.999390827019,-3.48994967025E-02,0.));
#6119 = DEFINITIONAL_REPRESENTATION('',(#6120),#6165);
#6120 = B_SPLINE_CURVE_WITH_KNOTS('',7,(#6121,#6122,#6123,#6124,#6125,
    #6126,#6127,#6128,#6129,#6130,#6131,#6132,#6133,#6134,#6135,#6136,
    #6137,#6138,#6139,#6140,#6141,#6142,#6143,#6144,#6145,#6146,#6147,
    #6148,#6149,#6150,#6151,#6152,#6153,#6154,#6155,#6156,#6157,#6158,
    #6159,#6160,#6161,#6162,#6163,#6164),.UNSPECIFIED.,.F.,.F.,(8,6,6,6,
    6,6,6,8),(0.,0.152727253533,0.285697368453,0.421890404419,
    0.588710542594,0.71448299612,0.837882922343,1.),.UNSPECIFIED.);
#6121 = CARTESIAN_POINT('',(0.,8.024088168666));
#6122 = CARTESIAN_POINT('',(0.119488289239,8.024088168666));
#6123 = CARTESIAN_POINT('',(0.238919938736,8.02328561011));
#6124 = CARTESIAN_POINT('',(0.359645268056,8.021681292213));
#6125 = CARTESIAN_POINT('',(0.48278095803,8.01933661538));
#6126 = CARTESIAN_POINT('',(0.609566901674,8.01637831899));
#6127 = CARTESIAN_POINT('',(0.741242909092,8.013060781657));
#6128 = CARTESIAN_POINT('',(1.000144851347,8.006935003679));
#6129 = CARTESIAN_POINT('',(1.129946399159,8.004017240098));
#6130 = CARTESIAN_POINT('',(1.265124944151,8.001436122381));
#6131 = CARTESIAN_POINT('',(1.40355108348,7.999705221686));
#6132 = CARTESIAN_POINT('',(1.54357596825,7.999200806699));
#6133 = CARTESIAN_POINT('',(1.683759454613,7.999884117513));
#6134 = CARTESIAN_POINT('',(1.96384168813,8.003133777887));
#6135 = CARTESIAN_POINT('',(2.098725223374,8.005687875529));
#6136 = CARTESIAN_POINT('',(2.228097093225,8.008779586004));
#6137 = CARTESIAN_POINT('',(2.35266876189,8.011997373174));
#6138 = CARTESIAN_POINT('',(2.472977010089,8.015020453353));
#6139 = CARTESIAN_POINT('',(2.589303016963,8.017632877805));
#6140 = CARTESIAN_POINT('',(2.839527861007,8.02227770859));
#6141 = CARTESIAN_POINT('',(2.973385049827,8.024082577755));
#6142 = CARTESIAN_POINT('',(3.105429850979,8.024926188393));
#6143 = CARTESIAN_POINT('',(3.237161664762,8.0247304214));
#6144 = CARTESIAN_POINT('',(3.369962016278,8.023493069602));
#6145 = CARTESIAN_POINT('',(3.505126944531,8.021326546822));
#6146 = CARTESIAN_POINT('',(3.749136078799,8.016363278678));
#6147 = CARTESIAN_POINT('',(3.857669867887,8.01382438128));
#6148 = CARTESIAN_POINT('',(3.969839843185,8.010992113531));
#6149 = CARTESIAN_POINT('',(4.085800540697,8.008057363923));
#6150 = CARTESIAN_POINT('',(4.205909258089,8.005287047685));
#6151 = CARTESIAN_POINT('',(4.330683001966,8.003002212443));
#6152 = CARTESIAN_POINT('',(4.588980718839,8.000005307411));
#6153 = CARTESIAN_POINT('',(4.718963911532,7.999303262751));
#6154 = CARTESIAN_POINT('',(4.849163322068,7.999608407038));
#6155 = CARTESIAN_POINT('',(4.978208045964,8.000973879543));
#6156 = CARTESIAN_POINT('',(5.10460685847,8.003139523834));
#6157 = CARTESIAN_POINT('',(5.226499189768,8.005704904017));
#6158 = CARTESIAN_POINT('',(5.490749086212,8.011758284648));
#6159 = CARTESIAN_POINT('',(5.632620640251,8.015399556252));
#6160 = CARTESIAN_POINT('',(5.768609678317,8.018714505088));
#6161 = CARTESIAN_POINT('',(5.900231843049,8.021362096498));
#6162 = CARTESIAN_POINT('',(6.028917000551,8.023179278728));
#6163 = CARTESIAN_POINT('',(6.156027834218,8.024088168666));
#6164 = CARTESIAN_POINT('',(6.28318530718,8.024088168666));
#6165 = ( GEOMETRIC_REPRESENTATION_CONTEXT(2) 
PARAMETRIC_REPRESENTATION_CONTEXT() REPRESENTATION_CONTEXT('2D SPACE',''
  ) );
#6166 = FACE_BOUND('',#6167,.T.);
#6167 = EDGE_LOOP('',(#6168));
#6168 = ORIENTED_EDGE('',*,*,#6169,.F.);
#6169 = EDGE_CURVE('',#6170,#6170,#6172,.T.);
#6170 = VERTEX_POINT('',#6171);
#6171 = CARTESIAN_POINT('',(38.140933023086,39.549051159681,12.5));
#6172 = SURFACE_CURVE('',#6173,(#6218,#6266),.PCURVE_S1.);
#6173 = B_SPLINE_CURVE_WITH_KNOTS('',7,(#6174,#6175,#6176,#6177,#6178,
    #6179,#6180,#6181,#6182,#6183,#6184,#6185,#6186,#6187,#6188,#6189,
    #6190,#6191,#6192,#6193,#6194,#6195,#6196,#6197,#6198,#6199,#6200,
    #6201,#6202,#6203,#6204,#6205,#6206,#6207,#6208,#6209,#6210,#6211,
    #6212,#6213,#6214,#6215,#6216,#6217),.UNSPECIFIED.,.T.,.F.,(8,6,6,6,
    6,6,6,8),(0.,0.152727253891,0.285697369123,0.421890405468,
    0.588710541302,0.714482995222,0.837882921834,1.),.UNSPECIFIED.);
#6174 = CARTESIAN_POINT('',(38.140933023086,39.549051159681,12.5));
#6175 = CARTESIAN_POINT('',(38.140933023086,39.549051159681,
    12.296869908293));
#6176 = CARTESIAN_POINT('',(38.162800103954,39.531044111388,
    12.093834794307));
#6177 = CARTESIAN_POINT('',(38.206504492691,39.495054921649,
    11.893344705662));
#6178 = CARTESIAN_POINT('',(38.272641951712,39.440482507108,
    11.698193290131));
#6179 = CARTESIAN_POINT('',(38.36216178116,39.3663307378,11.512061702316
    ));
#6180 = CARTESIAN_POINT('',(38.476077326061,39.271378259337,
    11.3401038912));
#6181 = CARTESIAN_POINT('',(38.735681213592,39.053085997033,
    11.059552365925));
#6182 = CARTESIAN_POINT('',(38.879565968281,38.931464588915,
    10.941086527936));
#6183 = CARTESIAN_POINT('',(39.043408474355,38.791989783308,
    10.848243250629));
#6184 = CARTESIAN_POINT('',(39.221017623965,38.639379860813,
    10.790348332561));
#6185 = CARTESIAN_POINT('',(39.404303316637,38.480191548539,
    10.772423787213));
#6186 = CARTESIAN_POINT('',(39.584928382863,38.321747767683,
    10.794911968984));
#6187 = CARTESIAN_POINT('',(39.930352187012,38.016164945569,
    10.913323121396));
#6188 = CARTESIAN_POINT('',(40.088586795104,37.874767246751,
    11.008928723113));
#6189 = CARTESIAN_POINT('',(40.227695904191,37.749337010121,
    11.132130746431));
#6190 = CARTESIAN_POINT('',(40.346690359883,37.641283025614,
    11.276129373642));
#6191 = CARTESIAN_POINT('',(40.445389846653,37.551188211808,
    11.434924973605));
#6192 = CARTESIAN_POINT('',(40.524234949918,37.478954844885,
    11.603178306561));
#6193 = CARTESIAN_POINT('',(40.657678567396,37.356405068948,
    11.988075656527));
#6194 = CARTESIAN_POINT('',(40.703844875805,37.313744960056,
    12.210000215915));
#6195 = CARTESIAN_POINT('',(40.724277042385,37.294805091331,
    12.436968072988));
#6196 = CARTESIAN_POINT('',(40.71946521461,37.299261623894,
    12.665503333145));
#6197 = CARTESIAN_POINT('',(40.689134295942,37.32735741927,
    12.891879238527));
#6198 = CARTESIAN_POINT('',(40.632484168792,37.379641159463,
    13.11173041951));
#6199 = CARTESIAN_POINT('',(40.485141938976,37.514735528098,
    13.475236034347));
#6200 = CARTESIAN_POINT('',(40.405412563572,37.587642573262,
    13.626410055719));
#6201 = CARTESIAN_POINT('',(40.308582527102,37.675853703746,
    13.768361835644));
#6202 = CARTESIAN_POINT('',(40.19445644624,37.779286036382,
    13.896558190698));
#6203 = CARTESIAN_POINT('',(40.063380808111,37.897283200151,
    14.006065932903));
#6204 = CARTESIAN_POINT('',(39.916367391351,38.028536742977,
    14.091470861389));
#6205 = CARTESIAN_POINT('',(39.597810306076,38.310351638053,
    14.200672112499));
#6206 = CARTESIAN_POINT('',(39.430889721426,38.456867538899,
    14.224191070162));
#6207 = CARTESIAN_POINT('',(39.26084973138,38.604767664138,
    14.213096580835));
#6208 = CARTESIAN_POINT('',(39.09460825681,38.747947848913,
    14.167264685541));
#6209 = CARTESIAN_POINT('',(38.938994268809,38.88079722393,
    14.090319586866));
#6210 = CARTESIAN_POINT('',(38.799509535798,38.999048614359,
    13.989449834288));
#6211 = CARTESIAN_POINT('',(38.521638535775,39.233369102923,
    13.725402107802));
#6212 = CARTESIAN_POINT('',(38.391976827754,39.341625461277,
    13.54751855258));
#6213 = CARTESIAN_POINT('',(38.290236646069,39.425962298657,
    13.351971713405));
#6214 = CARTESIAN_POINT('',(38.215195175872,39.487898649156,
    13.145306432347));
#6215 = CARTESIAN_POINT('',(38.165698636001,39.528657169745,
    12.932257600135));
#6216 = CARTESIAN_POINT('',(38.140933023086,39.549051159681,
    12.716167704034));
#6217 = CARTESIAN_POINT('',(38.140933023086,39.549051159681,12.5));
#6218 = PCURVE('',#3770,#6219);
#6219 = DEFINITIONAL_REPRESENTATION('',(#6220),#6265);
#6220 = B_SPLINE_CURVE_WITH_KNOTS('',7,(#6221,#6222,#6223,#6224,#6225,
    #6226,#6227,#6228,#6229,#6230,#6231,#6232,#6233,#6234,#6235,#6236,
    #6237,#6238,#6239,#6240,#6241,#6242,#6243,#6244,#6245,#6246,#6247,
    #6248,#6249,#6250,#6251,#6252,#6253,#6254,#6255,#6256,#6257,#6258,
    #6259,#6260,#6261,#6262,#6263,#6264),.UNSPECIFIED.,.T.,.F.,(8,6,6,6,
    6,6,6,8),(0.,0.152727253891,0.285697369123,0.421890405468,
    0.588710541302,0.714482995222,0.837882921834,1.),.UNSPECIFIED.);
#6221 = CARTESIAN_POINT('',(-0.881904370883,-12.5));
#6222 = CARTESIAN_POINT('',(-0.881904370883,-12.29686990829));
#6223 = CARTESIAN_POINT('',(-0.881432253007,-12.0938347943));
#6224 = CARTESIAN_POINT('',(-0.880488664231,-11.89334470566));
#6225 = CARTESIAN_POINT('',(-0.879059571216,-11.69819329013));
#6226 = CARTESIAN_POINT('',(-0.877122206388,-11.51206170231));
#6227 = CARTESIAN_POINT('',(-0.874650572003,-11.3401038912));
#6228 = CARTESIAN_POINT('',(-0.868997507686,-11.05955236592));
#6229 = CARTESIAN_POINT('',(-0.865857517221,-10.94108652793));
#6230 = CARTESIAN_POINT('',(-0.862271405248,-10.84824325062));
#6231 = CARTESIAN_POINT('',(-0.85836868845,-10.79034833256));
#6232 = CARTESIAN_POINT('',(-0.854322696184,-10.77242378721));
#6233 = CARTESIAN_POINT('',(-0.850318225061,-10.79491196898));
#6234 = CARTESIAN_POINT('',(-0.842631684414,-10.91332312139));
#6235 = CARTESIAN_POINT('',(-0.839094957394,-11.00892872311));
#6236 = CARTESIAN_POINT('',(-0.835973209317,-11.13213074643));
#6237 = CARTESIAN_POINT('',(-0.833294330316,-11.27612937364));
#6238 = CARTESIAN_POINT('',(-0.831067064994,-11.4349249736));
#6239 = CARTESIAN_POINT('',(-0.829284885131,-11.60317830656));
#6240 = CARTESIAN_POINT('',(-0.826265243567,-11.98807565652));
#6241 = CARTESIAN_POINT('',(-0.825217603892,-12.21000021591));
#6242 = CARTESIAN_POINT('',(-0.824753264716,-12.43696807298));
#6243 = CARTESIAN_POINT('',(-0.824862573933,-12.66550333314));
#6244 = CARTESIAN_POINT('',(-0.825551644973,-12.89187923852));
#6245 = CARTESIAN_POINT('',(-0.826836466955,-13.11173041951));
#6246 = CARTESIAN_POINT('',(-0.830168142423,-13.47523603434));
#6247 = CARTESIAN_POINT('',(-0.8319687743,-13.62641005571));
#6248 = CARTESIAN_POINT('',(-0.834151862986,-13.76836183564));
#6249 = CARTESIAN_POINT('',(-0.836718892348,-13.89655819069));
#6250 = CARTESIAN_POINT('',(-0.839658252088,-14.0060659329));
#6251 = CARTESIAN_POINT('',(-0.842942880976,-14.09147086138));
#6252 = CARTESIAN_POINT('',(-0.85003157016,-14.20067211249));
#6253 = CARTESIAN_POINT('',(-0.85373324595,-14.22419107016));
#6254 = CARTESIAN_POINT('',(-0.857489216608,-14.21309658083));
#6255 = CARTESIAN_POINT('',(-0.861145827725,-14.16726468554));
#6256 = CARTESIAN_POINT('',(-0.864555938576,-14.09031958686));
#6257 = CARTESIAN_POINT('',(-0.867603667517,-13.98944983428));
#6258 = CARTESIAN_POINT('',(-0.87366168296,-13.7254021078));
#6259 = CARTESIAN_POINT('',(-0.876476865534,-13.54751855258));
#6260 = CARTESIAN_POINT('',(-0.878679363098,-13.3519717134));
#6261 = CARTESIAN_POINT('',(-0.880301032735,-13.14530643234));
#6262 = CARTESIAN_POINT('',(-0.881369671971,-12.93225760013));
#6263 = CARTESIAN_POINT('',(-0.881904370883,-12.71616770403));
#6264 = CARTESIAN_POINT('',(-0.881904370883,-12.5));
#6265 = ( GEOMETRIC_REPRESENTATION_CONTEXT(2) 
PARAMETRIC_REPRESENTATION_CONTEXT() REPRESENTATION_CONTEXT('2D SPACE',''
  ) );
#6266 = PCURVE('',#6267,#6272);
#6267 = CYLINDRICAL_SURFACE('',#6268,1.7);
#6268 = AXIS2_PLACEMENT_3D('',#6269,#6270,#6271);
#6269 = CARTESIAN_POINT('',(44.696328659101,44.4788360428,12.5));
#6270 = DIRECTION('',(-0.657298950869,-0.753629941806,0.));
#6271 = DIRECTION('',(-0.753629941806,0.657298950869,0.));
#6272 = DEFINITIONAL_REPRESENTATION('',(#6273),#6318);
#6273 = B_SPLINE_CURVE_WITH_KNOTS('',7,(#6274,#6275,#6276,#6277,#6278,
    #6279,#6280,#6281,#6282,#6283,#6284,#6285,#6286,#6287,#6288,#6289,
    #6290,#6291,#6292,#6293,#6294,#6295,#6296,#6297,#6298,#6299,#6300,
    #6301,#6302,#6303,#6304,#6305,#6306,#6307,#6308,#6309,#6310,#6311,
    #6312,#6313,#6314,#6315,#6316,#6317),.UNSPECIFIED.,.F.,.F.,(8,6,6,6,
    6,6,6,8),(0.,0.152727253891,0.285697369123,0.421890405468,
    0.588710541302,0.714482995222,0.837882921834,1.),.UNSPECIFIED.);
#6274 = CARTESIAN_POINT('',(0.,8.024088168665));
#6275 = CARTESIAN_POINT('',(0.119488289239,8.024088168665));
#6276 = CARTESIAN_POINT('',(0.238919938736,8.023285610109));
#6277 = CARTESIAN_POINT('',(0.359645268055,8.021681292213));
#6278 = CARTESIAN_POINT('',(0.48278095803,8.01933661538));
#6279 = CARTESIAN_POINT('',(0.609566901674,8.01637831899));
#6280 = CARTESIAN_POINT('',(0.741242909092,8.013060781657));
#6281 = CARTESIAN_POINT('',(1.000144851347,8.006935003678));
#6282 = CARTESIAN_POINT('',(1.129946399159,8.004017240098));
#6283 = CARTESIAN_POINT('',(1.265124944152,8.00143612238));
#6284 = CARTESIAN_POINT('',(1.40355108348,7.999705221686));
#6285 = CARTESIAN_POINT('',(1.54357596825,7.999200806699));
#6286 = CARTESIAN_POINT('',(1.683759454613,7.999884117513));
#6287 = CARTESIAN_POINT('',(1.963841688192,8.003133777888));
#6288 = CARTESIAN_POINT('',(2.098725223385,8.00568787553));
#6289 = CARTESIAN_POINT('',(2.228097093181,8.008779586002));
#6290 = CARTESIAN_POINT('',(2.352668761837,8.011997373173));
#6291 = CARTESIAN_POINT('',(2.472977010087,8.015020453353));
#6292 = CARTESIAN_POINT('',(2.589303017028,8.017632877806));
#6293 = CARTESIAN_POINT('',(2.83952785861,8.022277708545));
#6294 = CARTESIAN_POINT('',(2.973385059133,8.024082577845));
#6295 = CARTESIAN_POINT('',(3.10542983425,8.024926188353));
#6296 = CARTESIAN_POINT('',(3.237161681477,8.024730421325));
#6297 = CARTESIAN_POINT('',(3.369962006993,8.02349306971));
#6298 = CARTESIAN_POINT('',(3.50512694692,8.021326546774));
#6299 = CARTESIAN_POINT('',(3.749136078799,8.016363278677));
#6300 = CARTESIAN_POINT('',(3.857669867887,8.013824381279));
#6301 = CARTESIAN_POINT('',(3.969839843185,8.010992113531));
#6302 = CARTESIAN_POINT('',(4.085800540697,8.008057363923));
#6303 = CARTESIAN_POINT('',(4.205909258088,8.005287047685));
#6304 = CARTESIAN_POINT('',(4.330683001966,8.003002212443));
#6305 = CARTESIAN_POINT('',(4.588980718841,8.00000530741));
#6306 = CARTESIAN_POINT('',(4.718963911529,7.999303262751));
#6307 = CARTESIAN_POINT('',(4.849163322067,7.999608407037));
#6308 = CARTESIAN_POINT('',(4.978208045965,8.000973879543));
#6309 = CARTESIAN_POINT('',(5.104606858473,8.003139523834));
#6310 = CARTESIAN_POINT('',(5.226499189766,8.005704904017));
#6311 = CARTESIAN_POINT('',(5.490749086212,8.011758284648));
#6312 = CARTESIAN_POINT('',(5.632620640251,8.015399556252));
#6313 = CARTESIAN_POINT('',(5.768609678316,8.018714505087));
#6314 = CARTESIAN_POINT('',(5.900231843049,8.021362096498));
#6315 = CARTESIAN_POINT('',(6.028917000551,8.023179278728));
#6316 = CARTESIAN_POINT('',(6.156027834218,8.024088168665));
#6317 = CARTESIAN_POINT('',(6.28318530718,8.024088168665));
#6318 = ( GEOMETRIC_REPRESENTATION_CONTEXT(2) 
PARAMETRIC_REPRESENTATION_CONTEXT() REPRESENTATION_CONTEXT('2D SPACE',''
  ) );
#6319 = FACE_BOUND('',#6320,.T.);
#6320 = EDGE_LOOP('',(#6321));
#6321 = ORIENTED_EDGE('',*,*,#6322,.F.);
#6322 = EDGE_CURVE('',#6323,#6323,#6325,.T.);
#6323 = VERTEX_POINT('',#6324);
#6324 = CARTESIAN_POINT('',(-42.21692729545,35.866857214848,12.5));
#6325 = SURFACE_CURVE('',#6326,(#6371,#6419),.PCURVE_S1.);
#6326 = B_SPLINE_CURVE_WITH_KNOTS('',7,(#6327,#6328,#6329,#6330,#6331,
    #6332,#6333,#6334,#6335,#6336,#6337,#6338,#6339,#6340,#6341,#6342,
    #6343,#6344,#6345,#6346,#6347,#6348,#6349,#6350,#6351,#6352,#6353,
    #6354,#6355,#6356,#6357,#6358,#6359,#6360,#6361,#6362,#6363,#6364,
    #6365,#6366,#6367,#6368,#6369,#6370),.UNSPECIFIED.,.T.,.F.,(8,6,6,6,
    6,6,6,8),(0.,0.152727253532,0.285697368452,0.421890404418,
    0.588710542592,0.714482996118,0.837882922343,1.),.UNSPECIFIED.);
#6327 = CARTESIAN_POINT('',(-42.21692729545,35.866857214848,12.5));
#6328 = CARTESIAN_POINT('',(-42.21692729545,35.866857214848,
    12.296869908293));
#6329 = CARTESIAN_POINT('',(-42.1967985881,35.886788550843,
    12.093834794307));
#6330 = CARTESIAN_POINT('',(-42.15656896699,35.926624124873,
    11.893344705662));
#6331 = CARTESIAN_POINT('',(-42.09558011264,35.986895772926,
    11.698193290131));
#6332 = CARTESIAN_POINT('',(-42.01274489097,36.068447050086,
    11.512061702316));
#6333 = CARTESIAN_POINT('',(-41.90674561605,36.17216242143,11.3401038912
    ));
#6334 = CARTESIAN_POINT('',(-41.66328842344,36.408328222453,
    11.059552365925));
#6335 = CARTESIAN_POINT('',(-41.52772267666,36.539158333067,
    10.941086527936));
#6336 = CARTESIAN_POINT('',(-41.372374418,36.68803582205,10.848243250628
    ));
#6337 = CARTESIAN_POINT('',(-41.20256457475,36.849279164876,
    10.790348332561));
#6338 = CARTESIAN_POINT('',(-41.02563535923,37.015503761732,
    10.772423787213));
#6339 = CARTESIAN_POINT('',(-40.84971625744,37.179156796729,
    10.794911968984));
#6340 = CARTESIAN_POINT('',(-40.51072722796,37.491862574486,
    10.91332312137));
#6341 = CARTESIAN_POINT('',(-40.35403380233,37.634966281054,
    11.008928723074));
#6342 = CARTESIAN_POINT('',(-40.21516237457,37.760659618492,
    11.132130746464));
#6343 = CARTESIAN_POINT('',(-40.09561465336,37.868101167259,
    11.276129373721));
#6344 = CARTESIAN_POINT('',(-39.99598881954,37.957170563662,
    11.43492497362));
#6345 = CARTESIAN_POINT('',(-39.91614303877,38.028296233391,
    11.60317830646));
#6346 = CARTESIAN_POINT('',(-39.7807109404,38.148644868633,
    11.988075660212));
#6347 = CARTESIAN_POINT('',(-39.73359540261,38.190254222971,
    12.210000201458));
#6348 = CARTESIAN_POINT('',(-39.71268396184,38.208663567772,
    12.43696809902));
#6349 = CARTESIAN_POINT('',(-39.71760482242,38.204327731217,
    12.665503307275));
#6350 = CARTESIAN_POINT('',(-39.74862745761,38.176997618425,
    12.891879252706));
#6351 = CARTESIAN_POINT('',(-39.80637873038,38.125932797711,
    13.111730415953));
#6352 = CARTESIAN_POINT('',(-39.9556982873,37.99302722285,
    13.475236034347));
#6353 = CARTESIAN_POINT('',(-40.03630382317,37.921090041062,
    13.626410055719));
#6354 = CARTESIAN_POINT('',(-40.13386635913,37.833689748836,
    13.768361835644));
#6355 = CARTESIAN_POINT('',(-40.24832322208,37.730623574513,
    13.896558190698));
#6356 = CARTESIAN_POINT('',(-40.37898633011,37.612169761705,
    14.006065932903));
#6357 = CARTESIAN_POINT('',(-40.52445150586,37.479202397832,
    14.091470861389));
#6358 = CARTESIAN_POINT('',(-40.83707430689,37.190818563435,
    14.200672112498));
#6359 = CARTESIAN_POINT('',(-40.99973915044,37.039591781897,
    14.224191070163));
#6360 = CARTESIAN_POINT('',(-41.16409696773,36.885401791439,
    14.213096580834));
#6361 = CARTESIAN_POINT('',(-41.32337447488,36.734512862441,
    14.167264685541));
#6362 = CARTESIAN_POINT('',(-41.47129815502,36.593150722679,
    14.090319586868));
#6363 = CARTESIAN_POINT('',(-41.60306566899,36.466356778248,
    13.989449834287));
#6364 = CARTESIAN_POINT('',(-41.86431839294,36.213640735536,
    13.725402107801));
#6365 = CARTESIAN_POINT('',(-41.98514758972,36.095607253606,
    13.54751855258));
#6366 = CARTESIAN_POINT('',(-42.07935293577,36.002929751034,
    13.351971713404));
#6367 = CARTESIAN_POINT('',(-42.14856947718,35.934545511926,
    13.145306432348));
#6368 = CARTESIAN_POINT('',(-42.19413041599,35.889430488774,
    12.932257600135));
#6369 = CARTESIAN_POINT('',(-42.21692729545,35.866857214848,
    12.716167704034));
#6370 = CARTESIAN_POINT('',(-42.21692729545,35.866857214848,12.5));
#6371 = PCURVE('',#3770,#6372);
#6372 = DEFINITIONAL_REPRESENTATION('',(#6373),#6418);
#6373 = B_SPLINE_CURVE_WITH_KNOTS('',7,(#6374,#6375,#6376,#6377,#6378,
    #6379,#6380,#6381,#6382,#6383,#6384,#6385,#6386,#6387,#6388,#6389,
    #6390,#6391,#6392,#6393,#6394,#6395,#6396,#6397,#6398,#6399,#6400,
    #6401,#6402,#6403,#6404,#6405,#6406,#6407,#6408,#6409,#6410,#6411,
    #6412,#6413,#6414,#6415,#6416,#6417),.UNSPECIFIED.,.T.,.F.,(8,6,6,6,
    6,6,6,8),(0.,0.152727253532,0.285697368452,0.421890404418,
    0.588710542592,0.714482996118,0.837882922343,1.),.UNSPECIFIED.);
#6374 = CARTESIAN_POINT('',(-2.351269118944,-12.5));
#6375 = CARTESIAN_POINT('',(-2.351269118944,-12.29686990829));
#6376 = CARTESIAN_POINT('',(-2.350797001068,-12.0938347943));
#6377 = CARTESIAN_POINT('',(-2.349853412291,-11.89334470566));
#6378 = CARTESIAN_POINT('',(-2.348424319277,-11.69819329013));
#6379 = CARTESIAN_POINT('',(-2.346486954448,-11.51206170231));
#6380 = CARTESIAN_POINT('',(-2.344015320063,-11.3401038912));
#6381 = CARTESIAN_POINT('',(-2.338362255746,-11.05955236592));
#6382 = CARTESIAN_POINT('',(-2.335222265281,-10.94108652793));
#6383 = CARTESIAN_POINT('',(-2.331636153308,-10.84824325062));
#6384 = CARTESIAN_POINT('',(-2.327733436511,-10.79034833256));
#6385 = CARTESIAN_POINT('',(-2.323687444245,-10.77242378721));
#6386 = CARTESIAN_POINT('',(-2.319682973122,-10.79491196898));
#6387 = CARTESIAN_POINT('',(-2.311996432476,-10.91332312137));
#6388 = CARTESIAN_POINT('',(-2.308459705455,-11.00892872307));
#6389 = CARTESIAN_POINT('',(-2.305337957376,-11.13213074646));
#6390 = CARTESIAN_POINT('',(-2.302659078375,-11.27612937372));
#6391 = CARTESIAN_POINT('',(-2.300431813055,-11.43492497362));
#6392 = CARTESIAN_POINT('',(-2.298649633192,-11.60317830646));
#6393 = CARTESIAN_POINT('',(-2.295629991599,-11.98807566021));
#6394 = CARTESIAN_POINT('',(-2.29458235201,-12.21000020145));
#6395 = CARTESIAN_POINT('',(-2.294118012753,-12.43696809902));
#6396 = CARTESIAN_POINT('',(-2.294227321942,-12.66550330727));
#6397 = CARTESIAN_POINT('',(-2.294916393107,-12.8918792527));
#6398 = CARTESIAN_POINT('',(-2.296201214983,-13.11173041595));
#6399 = CARTESIAN_POINT('',(-2.299532890484,-13.47523603434));
#6400 = CARTESIAN_POINT('',(-2.30133352236,-13.62641005571));
#6401 = CARTESIAN_POINT('',(-2.303516611046,-13.76836183564));
#6402 = CARTESIAN_POINT('',(-2.306083640409,-13.89655819069));
#6403 = CARTESIAN_POINT('',(-2.309023000148,-14.0060659329));
#6404 = CARTESIAN_POINT('',(-2.312307629036,-14.09147086138));
#6405 = CARTESIAN_POINT('',(-2.319396318221,-14.20067211249));
#6406 = CARTESIAN_POINT('',(-2.323097994011,-14.22419107016));
#6407 = CARTESIAN_POINT('',(-2.326853964668,-14.21309658083));
#6408 = CARTESIAN_POINT('',(-2.330510575785,-14.16726468554));
#6409 = CARTESIAN_POINT('',(-2.333920686637,-14.09031958686));
#6410 = CARTESIAN_POINT('',(-2.336968415577,-13.98944983428));
#6411 = CARTESIAN_POINT('',(-2.343026431021,-13.7254021078));
#6412 = CARTESIAN_POINT('',(-2.345841613595,-13.54751855258));
#6413 = CARTESIAN_POINT('',(-2.348044111158,-13.3519717134));
#6414 = CARTESIAN_POINT('',(-2.349665780795,-13.14530643234));
#6415 = CARTESIAN_POINT('',(-2.350734420031,-12.93225760013));
#6416 = CARTESIAN_POINT('',(-2.351269118944,-12.71616770403));
#6417 = CARTESIAN_POINT('',(-2.351269118944,-12.5));
#6418 = ( GEOMETRIC_REPRESENTATION_CONTEXT(2) 
PARAMETRIC_REPRESENTATION_CONTEXT() REPRESENTATION_CONTEXT('2D SPACE',''
  ) );
#6419 = PCURVE('',#6420,#6425);
#6420 = CYLINDRICAL_SURFACE('',#6421,1.7);
#6421 = AXIS2_PLACEMENT_3D('',#6422,#6423,#6424);
#6422 = CARTESIAN_POINT('',(-46.45758964882,42.887738480273,12.5));
#6423 = DIRECTION('',(0.683199847777,-0.730231448239,0.));
#6424 = DIRECTION('',(-0.730231448239,-0.683199847777,0.));
#6425 = DEFINITIONAL_REPRESENTATION('',(#6426),#6471);
#6426 = B_SPLINE_CURVE_WITH_KNOTS('',7,(#6427,#6428,#6429,#6430,#6431,
    #6432,#6433,#6434,#6435,#6436,#6437,#6438,#6439,#6440,#6441,#6442,
    #6443,#6444,#6445,#6446,#6447,#6448,#6449,#6450,#6451,#6452,#6453,
    #6454,#6455,#6456,#6457,#6458,#6459,#6460,#6461,#6462,#6463,#6464,
    #6465,#6466,#6467,#6468,#6469,#6470),.UNSPECIFIED.,.F.,.F.,(8,6,6,6,
    6,6,6,8),(0.,0.152727253532,0.285697368452,0.421890404418,
    0.588710542592,0.714482996118,0.837882922343,1.),.UNSPECIFIED.);
#6427 = CARTESIAN_POINT('',(0.,8.024088168666));
#6428 = CARTESIAN_POINT('',(0.119488289239,8.024088168666));
#6429 = CARTESIAN_POINT('',(0.238919938736,8.02328561011));
#6430 = CARTESIAN_POINT('',(0.359645268056,8.021681292213));
#6431 = CARTESIAN_POINT('',(0.48278095803,8.01933661538));
#6432 = CARTESIAN_POINT('',(0.609566901674,8.016378318991));
#6433 = CARTESIAN_POINT('',(0.741242909092,8.013060781658));
#6434 = CARTESIAN_POINT('',(1.000144851347,8.006935003679));
#6435 = CARTESIAN_POINT('',(1.129946399159,8.004017240098));
#6436 = CARTESIAN_POINT('',(1.265124944152,8.001436122381));
#6437 = CARTESIAN_POINT('',(1.40355108348,7.999705221686));
#6438 = CARTESIAN_POINT('',(1.54357596825,7.999200806699));
#6439 = CARTESIAN_POINT('',(1.683759454613,7.999884117513));
#6440 = CARTESIAN_POINT('',(1.96384168813,8.003133777887));
#6441 = CARTESIAN_POINT('',(2.098725223374,8.005687875529));
#6442 = CARTESIAN_POINT('',(2.228097093225,8.008779586004));
#6443 = CARTESIAN_POINT('',(2.352668761889,8.011997373175));
#6444 = CARTESIAN_POINT('',(2.472977010089,8.015020453353));
#6445 = CARTESIAN_POINT('',(2.589303016963,8.017632877806));
#6446 = CARTESIAN_POINT('',(2.839527861006,8.02227770859));
#6447 = CARTESIAN_POINT('',(2.973385049826,8.024082577756));
#6448 = CARTESIAN_POINT('',(3.105429850979,8.024926188393));
#6449 = CARTESIAN_POINT('',(3.237161664762,8.024730421401));
#6450 = CARTESIAN_POINT('',(3.36996201628,8.023493069602));
#6451 = CARTESIAN_POINT('',(3.505126944532,8.021326546823));
#6452 = CARTESIAN_POINT('',(3.749136078799,8.016363278678));
#6453 = CARTESIAN_POINT('',(3.857669867887,8.01382438128));
#6454 = CARTESIAN_POINT('',(3.969839843185,8.010992113532));
#6455 = CARTESIAN_POINT('',(4.085800540697,8.008057363923));
#6456 = CARTESIAN_POINT('',(4.205909258088,8.005287047685));
#6457 = CARTESIAN_POINT('',(4.330683001966,8.003002212444));
#6458 = CARTESIAN_POINT('',(4.58898071884,8.000005307411));
#6459 = CARTESIAN_POINT('',(4.71896391153,7.999303262752));
#6460 = CARTESIAN_POINT('',(4.849163322068,7.999608407038));
#6461 = CARTESIAN_POINT('',(4.978208045964,8.000973879543));
#6462 = CARTESIAN_POINT('',(5.104606858472,8.003139523834));
#6463 = CARTESIAN_POINT('',(5.226499189767,8.005704904018));
#6464 = CARTESIAN_POINT('',(5.490749086212,8.011758284649));
#6465 = CARTESIAN_POINT('',(5.632620640251,8.015399556252));
#6466 = CARTESIAN_POINT('',(5.768609678317,8.018714505088));
#6467 = CARTESIAN_POINT('',(5.900231843049,8.021362096499));
#6468 = CARTESIAN_POINT('',(6.028917000551,8.023179278728));
#6469 = CARTESIAN_POINT('',(6.156027834218,8.024088168666));
#6470 = CARTESIAN_POINT('',(6.28318530718,8.024088168666));
#6471 = ( GEOMETRIC_REPRESENTATION_CONTEXT(2) 
PARAMETRIC_REPRESENTATION_CONTEXT() REPRESENTATION_CONTEXT('2D SPACE',''
  ) );
#6472 = ADVANCED_FACE('',(#6473),#3801,.F.);
#6473 = FACE_BOUND('',#6474,.T.);
#6474 = EDGE_LOOP('',(#6475,#6476,#6497,#6498));
#6475 = ORIENTED_EDGE('',*,*,#3784,.F.);
#6476 = ORIENTED_EDGE('',*,*,#6477,.T.);
#6477 = EDGE_CURVE('',#3785,#5980,#6478,.T.);
#6478 = SEAM_CURVE('',#6479,(#6483,#6490),.PCURVE_S1.);
#6479 = LINE('',#6480,#6481);
#6480 = CARTESIAN_POINT('',(-35.41873037383,46.051159416915,0.));
#6481 = VECTOR('',#6482,1.);
#6482 = DIRECTION('',(0.,0.,1.));
#6483 = PCURVE('',#3801,#6484);
#6484 = DEFINITIONAL_REPRESENTATION('',(#6485),#6489);
#6485 = LINE('',#6486,#6487);
#6486 = CARTESIAN_POINT('',(-6.28318530718,0.));
#6487 = VECTOR('',#6488,1.);
#6488 = DIRECTION('',(-0.,-1.));
#6489 = ( GEOMETRIC_REPRESENTATION_CONTEXT(2) 
PARAMETRIC_REPRESENTATION_CONTEXT() REPRESENTATION_CONTEXT('2D SPACE',''
  ) );
#6490 = PCURVE('',#3801,#6491);
#6491 = DEFINITIONAL_REPRESENTATION('',(#6492),#6496);
#6492 = LINE('',#6493,#6494);
#6493 = CARTESIAN_POINT('',(-0.,0.));
#6494 = VECTOR('',#6495,1.);
#6495 = DIRECTION('',(-0.,-1.));
#6496 = ( GEOMETRIC_REPRESENTATION_CONTEXT(2) 
PARAMETRIC_REPRESENTATION_CONTEXT() REPRESENTATION_CONTEXT('2D SPACE',''
  ) );
#6497 = ORIENTED_EDGE('',*,*,#5979,.F.);
#6498 = ORIENTED_EDGE('',*,*,#6477,.F.);
#6499 = ADVANCED_FACE('',(#6500),#3832,.F.);
#6500 = FACE_BOUND('',#6501,.T.);
#6501 = EDGE_LOOP('',(#6502,#6503,#6524,#6525));
#6502 = ORIENTED_EDGE('',*,*,#3815,.F.);
#6503 = ORIENTED_EDGE('',*,*,#6504,.T.);
#6504 = EDGE_CURVE('',#3816,#4675,#6505,.T.);
#6505 = SEAM_CURVE('',#6506,(#6510,#6517),.PCURVE_S1.);
#6506 = LINE('',#6507,#6508);
#6507 = CARTESIAN_POINT('',(34.844076300143,48.504790692621,0.));
#6508 = VECTOR('',#6509,1.);
#6509 = DIRECTION('',(0.,0.,1.));
#6510 = PCURVE('',#3832,#6511);
#6511 = DEFINITIONAL_REPRESENTATION('',(#6512),#6516);
#6512 = LINE('',#6513,#6514);
#6513 = CARTESIAN_POINT('',(-6.28318530718,0.));
#6514 = VECTOR('',#6515,1.);
#6515 = DIRECTION('',(-0.,-1.));
#6516 = ( GEOMETRIC_REPRESENTATION_CONTEXT(2) 
PARAMETRIC_REPRESENTATION_CONTEXT() REPRESENTATION_CONTEXT('2D SPACE',''
  ) );
#6517 = PCURVE('',#3832,#6518);
#6518 = DEFINITIONAL_REPRESENTATION('',(#6519),#6523);
#6519 = LINE('',#6520,#6521);
#6520 = CARTESIAN_POINT('',(-0.,0.));
#6521 = VECTOR('',#6522,1.);
#6522 = DIRECTION('',(-0.,-1.));
#6523 = ( GEOMETRIC_REPRESENTATION_CONTEXT(2) 
PARAMETRIC_REPRESENTATION_CONTEXT() REPRESENTATION_CONTEXT('2D SPACE',''
  ) );
#6524 = ORIENTED_EDGE('',*,*,#4674,.F.);
#6525 = ORIENTED_EDGE('',*,*,#6504,.F.);
#6526 = ADVANCED_FACE('',(#6527),#3863,.F.);
#6527 = FACE_BOUND('',#6528,.T.);
#6528 = EDGE_LOOP('',(#6529,#6530,#6551,#6552));
#6529 = ORIENTED_EDGE('',*,*,#3846,.F.);
#6530 = ORIENTED_EDGE('',*,*,#6531,.T.);
#6531 = EDGE_CURVE('',#3847,#5719,#6532,.T.);
#6532 = SEAM_CURVE('',#6533,(#6537,#6544),.PCURVE_S1.);
#6533 = LINE('',#6534,#6535);
#6534 = CARTESIAN_POINT('',(-22.3689030398,53.11306284184,0.));
#6535 = VECTOR('',#6536,1.);
#6536 = DIRECTION('',(0.,0.,1.));
#6537 = PCURVE('',#3863,#6538);
#6538 = DEFINITIONAL_REPRESENTATION('',(#6539),#6543);
#6539 = LINE('',#6540,#6541);
#6540 = CARTESIAN_POINT('',(-6.28318530718,0.));
#6541 = VECTOR('',#6542,1.);
#6542 = DIRECTION('',(-0.,-1.));
#6543 = ( GEOMETRIC_REPRESENTATION_CONTEXT(2) 
PARAMETRIC_REPRESENTATION_CONTEXT() REPRESENTATION_CONTEXT('2D SPACE',''
  ) );
#6544 = PCURVE('',#3863,#6545);
#6545 = DEFINITIONAL_REPRESENTATION('',(#6546),#6550);
#6546 = LINE('',#6547,#6548);
#6547 = CARTESIAN_POINT('',(-0.,0.));
#6548 = VECTOR('',#6549,1.);
#6549 = DIRECTION('',(-0.,-1.));
#6550 = ( GEOMETRIC_REPRESENTATION_CONTEXT(2) 
PARAMETRIC_REPRESENTATION_CONTEXT() REPRESENTATION_CONTEXT('2D SPACE',''
  ) );
#6551 = ORIENTED_EDGE('',*,*,#5718,.F.);
#6552 = ORIENTED_EDGE('',*,*,#6531,.F.);
#6553 = ADVANCED_FACE('',(#6554),#3894,.F.);
#6554 = FACE_BOUND('',#6555,.T.);
#6555 = EDGE_LOOP('',(#6556,#6557,#6578,#6579));
#6556 = ORIENTED_EDGE('',*,*,#3877,.F.);
#6557 = ORIENTED_EDGE('',*,*,#6558,.T.);
#6558 = EDGE_CURVE('',#3878,#5458,#6559,.T.);
#6559 = SEAM_CURVE('',#6560,(#6564,#6571),.PCURVE_S1.);
#6560 = LINE('',#6561,#6562);
#6561 = CARTESIAN_POINT('',(-8.050595015414,57.005944647077,0.));
#6562 = VECTOR('',#6563,1.);
#6563 = DIRECTION('',(0.,0.,1.));
#6564 = PCURVE('',#3894,#6565);
#6565 = DEFINITIONAL_REPRESENTATION('',(#6566),#6570);
#6566 = LINE('',#6567,#6568);
#6567 = CARTESIAN_POINT('',(-6.28318530718,0.));
#6568 = VECTOR('',#6569,1.);
#6569 = DIRECTION('',(-0.,-1.));
#6570 = ( GEOMETRIC_REPRESENTATION_CONTEXT(2) 
PARAMETRIC_REPRESENTATION_CONTEXT() REPRESENTATION_CONTEXT('2D SPACE',''
  ) );
#6571 = PCURVE('',#3894,#6572);
#6572 = DEFINITIONAL_REPRESENTATION('',(#6573),#6577);
#6573 = LINE('',#6574,#6575);
#6574 = CARTESIAN_POINT('',(-0.,0.));
#6575 = VECTOR('',#6576,1.);
#6576 = DIRECTION('',(-0.,-1.));
#6577 = ( GEOMETRIC_REPRESENTATION_CONTEXT(2) 
PARAMETRIC_REPRESENTATION_CONTEXT() REPRESENTATION_CONTEXT('2D SPACE',''
  ) );
#6578 = ORIENTED_EDGE('',*,*,#5457,.F.);
#6579 = ORIENTED_EDGE('',*,*,#6558,.F.);
#6580 = ADVANCED_FACE('',(#6581),#3925,.F.);
#6581 = FACE_BOUND('',#6582,.T.);
#6582 = EDGE_LOOP('',(#6583,#6584,#6605,#6606));
#6583 = ORIENTED_EDGE('',*,*,#3908,.F.);
#6584 = ORIENTED_EDGE('',*,*,#6585,.T.);
#6585 = EDGE_CURVE('',#3909,#4936,#6586,.T.);
#6586 = SEAM_CURVE('',#6587,(#6591,#6598),.PCURVE_S1.);
#6587 = LINE('',#6588,#6589);
#6588 = CARTESIAN_POINT('',(21.333424208776,54.639181737941,0.));
#6589 = VECTOR('',#6590,1.);
#6590 = DIRECTION('',(0.,0.,1.));
#6591 = PCURVE('',#3925,#6592);
#6592 = DEFINITIONAL_REPRESENTATION('',(#6593),#6597);
#6593 = LINE('',#6594,#6595);
#6594 = CARTESIAN_POINT('',(-6.28318530718,0.));
#6595 = VECTOR('',#6596,1.);
#6596 = DIRECTION('',(-0.,-1.));
#6597 = ( GEOMETRIC_REPRESENTATION_CONTEXT(2) 
PARAMETRIC_REPRESENTATION_CONTEXT() REPRESENTATION_CONTEXT('2D SPACE',''
  ) );
#6598 = PCURVE('',#3925,#6599);
#6599 = DEFINITIONAL_REPRESENTATION('',(#6600),#6604);
#6600 = LINE('',#6601,#6602);
#6601 = CARTESIAN_POINT('',(-0.,0.));
#6602 = VECTOR('',#6603,1.);
#6603 = DIRECTION('',(-0.,-1.));
#6604 = ( GEOMETRIC_REPRESENTATION_CONTEXT(2) 
PARAMETRIC_REPRESENTATION_CONTEXT() REPRESENTATION_CONTEXT('2D SPACE',''
  ) );
#6605 = ORIENTED_EDGE('',*,*,#4935,.F.);
#6606 = ORIENTED_EDGE('',*,*,#6585,.F.);
#6607 = ADVANCED_FACE('',(#6608),#3956,.F.);
#6608 = FACE_BOUND('',#6609,.T.);
#6609 = EDGE_LOOP('',(#6610,#6611,#6632,#6633));
#6610 = ORIENTED_EDGE('',*,*,#3939,.F.);
#6611 = ORIENTED_EDGE('',*,*,#6612,.T.);
#6612 = EDGE_CURVE('',#3940,#5197,#6613,.T.);
#6613 = SEAM_CURVE('',#6614,(#6618,#6625),.PCURVE_S1.);
#6614 = LINE('',#6615,#6616);
#6615 = CARTESIAN_POINT('',(6.778441155661,57.523786000992,0.));
#6616 = VECTOR('',#6617,1.);
#6617 = DIRECTION('',(0.,0.,1.));
#6618 = PCURVE('',#3956,#6619);
#6619 = DEFINITIONAL_REPRESENTATION('',(#6620),#6624);
#6620 = LINE('',#6621,#6622);
#6621 = CARTESIAN_POINT('',(-6.28318530718,0.));
#6622 = VECTOR('',#6623,1.);
#6623 = DIRECTION('',(-0.,-1.));
#6624 = ( GEOMETRIC_REPRESENTATION_CONTEXT(2) 
PARAMETRIC_REPRESENTATION_CONTEXT() REPRESENTATION_CONTEXT('2D SPACE',''
  ) );
#6625 = PCURVE('',#3956,#6626);
#6626 = DEFINITIONAL_REPRESENTATION('',(#6627),#6631);
#6627 = LINE('',#6628,#6629);
#6628 = CARTESIAN_POINT('',(-0.,0.));
#6629 = VECTOR('',#6630,1.);
#6630 = DIRECTION('',(-0.,-1.));
#6631 = ( GEOMETRIC_REPRESENTATION_CONTEXT(2) 
PARAMETRIC_REPRESENTATION_CONTEXT() REPRESENTATION_CONTEXT('2D SPACE',''
  ) );
#6632 = ORIENTED_EDGE('',*,*,#5196,.F.);
#6633 = ORIENTED_EDGE('',*,*,#6612,.F.);
#6634 = ADVANCED_FACE('',(#6635),#4109,.F.);
#6635 = FACE_BOUND('',#6636,.T.);
#6636 = EDGE_LOOP('',(#6637,#6638,#6659,#6660));
#6637 = ORIENTED_EDGE('',*,*,#5824,.T.);
#6638 = ORIENTED_EDGE('',*,*,#6639,.T.);
#6639 = EDGE_CURVE('',#5825,#4093,#6640,.T.);
#6640 = SEAM_CURVE('',#6641,(#6645,#6652),.PCURVE_S1.);
#6641 = LINE('',#6642,#6643);
#6642 = CARTESIAN_POINT('',(-35.41873037383,46.051159416915,0.));
#6643 = VECTOR('',#6644,1.);
#6644 = DIRECTION('',(0.,0.,1.));
#6645 = PCURVE('',#4109,#6646);
#6646 = DEFINITIONAL_REPRESENTATION('',(#6647),#6651);
#6647 = LINE('',#6648,#6649);
#6648 = CARTESIAN_POINT('',(-6.28318530718,0.));
#6649 = VECTOR('',#6650,1.);
#6650 = DIRECTION('',(-0.,-1.));
#6651 = ( GEOMETRIC_REPRESENTATION_CONTEXT(2) 
PARAMETRIC_REPRESENTATION_CONTEXT() REPRESENTATION_CONTEXT('2D SPACE',''
  ) );
#6652 = PCURVE('',#4109,#6653);
#6653 = DEFINITIONAL_REPRESENTATION('',(#6654),#6658);
#6654 = LINE('',#6655,#6656);
#6655 = CARTESIAN_POINT('',(-0.,0.));
#6656 = VECTOR('',#6657,1.);
#6657 = DIRECTION('',(-0.,-1.));
#6658 = ( GEOMETRIC_REPRESENTATION_CONTEXT(2) 
PARAMETRIC_REPRESENTATION_CONTEXT() REPRESENTATION_CONTEXT('2D SPACE',''
  ) );
#6659 = ORIENTED_EDGE('',*,*,#4092,.T.);
#6660 = ORIENTED_EDGE('',*,*,#6639,.F.);
#6661 = ADVANCED_FACE('',(#6662),#4140,.F.);
#6662 = FACE_BOUND('',#6663,.T.);
#6663 = EDGE_LOOP('',(#6664,#6665,#6686,#6687));
#6664 = ORIENTED_EDGE('',*,*,#4519,.T.);
#6665 = ORIENTED_EDGE('',*,*,#6666,.T.);
#6666 = EDGE_CURVE('',#4520,#4124,#6667,.T.);
#6667 = SEAM_CURVE('',#6668,(#6672,#6679),.PCURVE_S1.);
#6668 = LINE('',#6669,#6670);
#6669 = CARTESIAN_POINT('',(34.844076300143,48.504790692621,0.));
#6670 = VECTOR('',#6671,1.);
#6671 = DIRECTION('',(0.,0.,1.));
#6672 = PCURVE('',#4140,#6673);
#6673 = DEFINITIONAL_REPRESENTATION('',(#6674),#6678);
#6674 = LINE('',#6675,#6676);
#6675 = CARTESIAN_POINT('',(-6.28318530718,0.));
#6676 = VECTOR('',#6677,1.);
#6677 = DIRECTION('',(-0.,-1.));
#6678 = ( GEOMETRIC_REPRESENTATION_CONTEXT(2) 
PARAMETRIC_REPRESENTATION_CONTEXT() REPRESENTATION_CONTEXT('2D SPACE',''
  ) );
#6679 = PCURVE('',#4140,#6680);
#6680 = DEFINITIONAL_REPRESENTATION('',(#6681),#6685);
#6681 = LINE('',#6682,#6683);
#6682 = CARTESIAN_POINT('',(-0.,0.));
#6683 = VECTOR('',#6684,1.);
#6684 = DIRECTION('',(-0.,-1.));
#6685 = ( GEOMETRIC_REPRESENTATION_CONTEXT(2) 
PARAMETRIC_REPRESENTATION_CONTEXT() REPRESENTATION_CONTEXT('2D SPACE',''
  ) );
#6686 = ORIENTED_EDGE('',*,*,#4123,.T.);
#6687 = ORIENTED_EDGE('',*,*,#6666,.F.);
#6688 = ADVANCED_FACE('',(#6689),#4171,.F.);
#6689 = FACE_BOUND('',#6690,.T.);
#6690 = EDGE_LOOP('',(#6691,#6692,#6713,#6714));
#6691 = ORIENTED_EDGE('',*,*,#5563,.T.);
#6692 = ORIENTED_EDGE('',*,*,#6693,.T.);
#6693 = EDGE_CURVE('',#5564,#4155,#6694,.T.);
#6694 = SEAM_CURVE('',#6695,(#6699,#6706),.PCURVE_S1.);
#6695 = LINE('',#6696,#6697);
#6696 = CARTESIAN_POINT('',(-22.3689030398,53.11306284184,0.));
#6697 = VECTOR('',#6698,1.);
#6698 = DIRECTION('',(0.,0.,1.));
#6699 = PCURVE('',#4171,#6700);
#6700 = DEFINITIONAL_REPRESENTATION('',(#6701),#6705);
#6701 = LINE('',#6702,#6703);
#6702 = CARTESIAN_POINT('',(-6.28318530718,0.));
#6703 = VECTOR('',#6704,1.);
#6704 = DIRECTION('',(-0.,-1.));
#6705 = ( GEOMETRIC_REPRESENTATION_CONTEXT(2) 
PARAMETRIC_REPRESENTATION_CONTEXT() REPRESENTATION_CONTEXT('2D SPACE',''
  ) );
#6706 = PCURVE('',#4171,#6707);
#6707 = DEFINITIONAL_REPRESENTATION('',(#6708),#6712);
#6708 = LINE('',#6709,#6710);
#6709 = CARTESIAN_POINT('',(-0.,0.));
#6710 = VECTOR('',#6711,1.);
#6711 = DIRECTION('',(-0.,-1.));
#6712 = ( GEOMETRIC_REPRESENTATION_CONTEXT(2) 
PARAMETRIC_REPRESENTATION_CONTEXT() REPRESENTATION_CONTEXT('2D SPACE',''
  ) );
#6713 = ORIENTED_EDGE('',*,*,#4154,.T.);
#6714 = ORIENTED_EDGE('',*,*,#6693,.F.);
#6715 = ADVANCED_FACE('',(#6716),#4202,.F.);
#6716 = FACE_BOUND('',#6717,.T.);
#6717 = EDGE_LOOP('',(#6718,#6719,#6740,#6741));
#6718 = ORIENTED_EDGE('',*,*,#5302,.T.);
#6719 = ORIENTED_EDGE('',*,*,#6720,.T.);
#6720 = EDGE_CURVE('',#5303,#4186,#6721,.T.);
#6721 = SEAM_CURVE('',#6722,(#6726,#6733),.PCURVE_S1.);
#6722 = LINE('',#6723,#6724);
#6723 = CARTESIAN_POINT('',(-8.050595015414,57.005944647077,0.));
#6724 = VECTOR('',#6725,1.);
#6725 = DIRECTION('',(0.,0.,1.));
#6726 = PCURVE('',#4202,#6727);
#6727 = DEFINITIONAL_REPRESENTATION('',(#6728),#6732);
#6728 = LINE('',#6729,#6730);
#6729 = CARTESIAN_POINT('',(-6.28318530718,0.));
#6730 = VECTOR('',#6731,1.);
#6731 = DIRECTION('',(-0.,-1.));
#6732 = ( GEOMETRIC_REPRESENTATION_CONTEXT(2) 
PARAMETRIC_REPRESENTATION_CONTEXT() REPRESENTATION_CONTEXT('2D SPACE',''
  ) );
#6733 = PCURVE('',#4202,#6734);
#6734 = DEFINITIONAL_REPRESENTATION('',(#6735),#6739);
#6735 = LINE('',#6736,#6737);
#6736 = CARTESIAN_POINT('',(-0.,0.));
#6737 = VECTOR('',#6738,1.);
#6738 = DIRECTION('',(-0.,-1.));
#6739 = ( GEOMETRIC_REPRESENTATION_CONTEXT(2) 
PARAMETRIC_REPRESENTATION_CONTEXT() REPRESENTATION_CONTEXT('2D SPACE',''
  ) );
#6740 = ORIENTED_EDGE('',*,*,#4185,.T.);
#6741 = ORIENTED_EDGE('',*,*,#6720,.F.);
#6742 = ADVANCED_FACE('',(#6743),#4233,.F.);
#6743 = FACE_BOUND('',#6744,.T.);
#6744 = EDGE_LOOP('',(#6745,#6746,#6767,#6768));
#6745 = ORIENTED_EDGE('',*,*,#4780,.T.);
#6746 = ORIENTED_EDGE('',*,*,#6747,.T.);
#6747 = EDGE_CURVE('',#4781,#4217,#6748,.T.);
#6748 = SEAM_CURVE('',#6749,(#6753,#6760),.PCURVE_S1.);
#6749 = LINE('',#6750,#6751);
#6750 = CARTESIAN_POINT('',(21.333424208776,54.639181737941,0.));
#6751 = VECTOR('',#6752,1.);
#6752 = DIRECTION('',(0.,0.,1.));
#6753 = PCURVE('',#4233,#6754);
#6754 = DEFINITIONAL_REPRESENTATION('',(#6755),#6759);
#6755 = LINE('',#6756,#6757);
#6756 = CARTESIAN_POINT('',(-6.28318530718,0.));
#6757 = VECTOR('',#6758,1.);
#6758 = DIRECTION('',(-0.,-1.));
#6759 = ( GEOMETRIC_REPRESENTATION_CONTEXT(2) 
PARAMETRIC_REPRESENTATION_CONTEXT() REPRESENTATION_CONTEXT('2D SPACE',''
  ) );
#6760 = PCURVE('',#4233,#6761);
#6761 = DEFINITIONAL_REPRESENTATION('',(#6762),#6766);
#6762 = LINE('',#6763,#6764);
#6763 = CARTESIAN_POINT('',(-0.,0.));
#6764 = VECTOR('',#6765,1.);
#6765 = DIRECTION('',(-0.,-1.));
#6766 = ( GEOMETRIC_REPRESENTATION_CONTEXT(2) 
PARAMETRIC_REPRESENTATION_CONTEXT() REPRESENTATION_CONTEXT('2D SPACE',''
  ) );
#6767 = ORIENTED_EDGE('',*,*,#4216,.T.);
#6768 = ORIENTED_EDGE('',*,*,#6747,.F.);
#6769 = ADVANCED_FACE('',(#6770),#4264,.F.);
#6770 = FACE_BOUND('',#6771,.T.);
#6771 = EDGE_LOOP('',(#6772,#6773,#6794,#6795));
#6772 = ORIENTED_EDGE('',*,*,#5041,.T.);
#6773 = ORIENTED_EDGE('',*,*,#6774,.T.);
#6774 = EDGE_CURVE('',#5042,#4248,#6775,.T.);
#6775 = SEAM_CURVE('',#6776,(#6780,#6787),.PCURVE_S1.);
#6776 = LINE('',#6777,#6778);
#6777 = CARTESIAN_POINT('',(6.778441155661,57.523786000992,0.));
#6778 = VECTOR('',#6779,1.);
#6779 = DIRECTION('',(0.,0.,1.));
#6780 = PCURVE('',#4264,#6781);
#6781 = DEFINITIONAL_REPRESENTATION('',(#6782),#6786);
#6782 = LINE('',#6783,#6784);
#6783 = CARTESIAN_POINT('',(-6.28318530718,0.));
#6784 = VECTOR('',#6785,1.);
#6785 = DIRECTION('',(-0.,-1.));
#6786 = ( GEOMETRIC_REPRESENTATION_CONTEXT(2) 
PARAMETRIC_REPRESENTATION_CONTEXT() REPRESENTATION_CONTEXT('2D SPACE',''
  ) );
#6787 = PCURVE('',#4264,#6788);
#6788 = DEFINITIONAL_REPRESENTATION('',(#6789),#6793);
#6789 = LINE('',#6790,#6791);
#6790 = CARTESIAN_POINT('',(-0.,0.));
#6791 = VECTOR('',#6792,1.);
#6792 = DIRECTION('',(-0.,-1.));
#6793 = ( GEOMETRIC_REPRESENTATION_CONTEXT(2) 
PARAMETRIC_REPRESENTATION_CONTEXT() REPRESENTATION_CONTEXT('2D SPACE',''
  ) );
#6794 = ORIENTED_EDGE('',*,*,#4247,.T.);
#6795 = ORIENTED_EDGE('',*,*,#6774,.F.);
#6796 = ADVANCED_FACE('',(#6797,#6800),#4317,.F.);
#6797 = FACE_BOUND('',#6798,.F.);
#6798 = EDGE_LOOP('',(#6799));
#6799 = ORIENTED_EDGE('',*,*,#4302,.T.);
#6800 = FACE_BOUND('',#6801,.F.);
#6801 = EDGE_LOOP('',(#6802));
#6802 = ORIENTED_EDGE('',*,*,#6803,.F.);
#6803 = EDGE_CURVE('',#6804,#6804,#6806,.T.);
#6804 = VERTEX_POINT('',#6805);
#6805 = CARTESIAN_POINT('',(40.45731247912,42.204909521151,12.5));
#6806 = SURFACE_CURVE('',#6807,(#6812,#6819),.PCURVE_S1.);
#6807 = CIRCLE('',#6808,1.7);
#6808 = AXIS2_PLACEMENT_3D('',#6809,#6810,#6811);
#6809 = CARTESIAN_POINT('',(41.73848338019,41.087501304673,12.5));
#6810 = DIRECTION('',(-0.657298950869,-0.753629941806,0.));
#6811 = DIRECTION('',(-0.753629941806,0.657298950869,0.));
#6812 = PCURVE('',#4317,#6813);
#6813 = DEFINITIONAL_REPRESENTATION('',(#6814),#6818);
#6814 = CIRCLE('',#6815,1.7);
#6815 = AXIS2_PLACEMENT_2D('',#6816,#6817);
#6816 = CARTESIAN_POINT('',(4.670389947628E-15,0.));
#6817 = DIRECTION('',(1.,0.));
#6818 = ( GEOMETRIC_REPRESENTATION_CONTEXT(2) 
PARAMETRIC_REPRESENTATION_CONTEXT() REPRESENTATION_CONTEXT('2D SPACE',''
  ) );
#6819 = PCURVE('',#6267,#6820);
#6820 = DEFINITIONAL_REPRESENTATION('',(#6821),#6825);
#6821 = LINE('',#6822,#6823);
#6822 = CARTESIAN_POINT('',(1.61116629743E-17,4.5));
#6823 = VECTOR('',#6824,1.);
#6824 = DIRECTION('',(1.,0.));
#6825 = ( GEOMETRIC_REPRESENTATION_CONTEXT(2) 
PARAMETRIC_REPRESENTATION_CONTEXT() REPRESENTATION_CONTEXT('2D SPACE',''
  ) );
#6826 = ADVANCED_FACE('',(#6827,#6830),#4372,.F.);
#6827 = FACE_BOUND('',#6828,.F.);
#6828 = EDGE_LOOP('',(#6829));
#6829 = ORIENTED_EDGE('',*,*,#4357,.T.);
#6830 = FACE_BOUND('',#6831,.F.);
#6831 = EDGE_LOOP('',(#6832));
#6832 = ORIENTED_EDGE('',*,*,#6833,.F.);
#6833 = EDGE_CURVE('',#6834,#6834,#6836,.T.);
#6834 = VERTEX_POINT('',#6835);
#6835 = CARTESIAN_POINT('',(-3.915082446541,56.633988371318,12.5));
#6836 = SURFACE_CURVE('',#6837,(#6842,#6849),.PCURVE_S1.);
#6837 = CIRCLE('',#6838,1.7);
#6838 = AXIS2_PLACEMENT_3D('',#6839,#6840,#6841);
#6839 = CARTESIAN_POINT('',(-2.216118040609,56.693317515713,12.5));
#6840 = DIRECTION('',(3.48994967025E-02,-0.999390827019,0.));
#6841 = DIRECTION('',(-0.999390827019,-3.48994967025E-02,0.));
#6842 = PCURVE('',#4372,#6843);
#6843 = DEFINITIONAL_REPRESENTATION('',(#6844),#6848);
#6844 = CIRCLE('',#6845,1.7);
#6845 = AXIS2_PLACEMENT_2D('',#6846,#6847);
#6846 = CARTESIAN_POINT('',(0.,0.));
#6847 = DIRECTION('',(1.,0.));
#6848 = ( GEOMETRIC_REPRESENTATION_CONTEXT(2) 
PARAMETRIC_REPRESENTATION_CONTEXT() REPRESENTATION_CONTEXT('2D SPACE',''
  ) );
#6849 = PCURVE('',#6114,#6850);
#6850 = DEFINITIONAL_REPRESENTATION('',(#6851),#6855);
#6851 = LINE('',#6852,#6853);
#6852 = CARTESIAN_POINT('',(2.154786656274E-18,4.5));
#6853 = VECTOR('',#6854,1.);
#6854 = DIRECTION('',(1.,0.));
#6855 = ( GEOMETRIC_REPRESENTATION_CONTEXT(2) 
PARAMETRIC_REPRESENTATION_CONTEXT() REPRESENTATION_CONTEXT('2D SPACE',''
  ) );
#6856 = ADVANCED_FACE('',(#6857,#6860),#4427,.F.);
#6857 = FACE_BOUND('',#6858,.F.);
#6858 = EDGE_LOOP('',(#6859));
#6859 = ORIENTED_EDGE('',*,*,#4412,.T.);
#6860 = FACE_BOUND('',#6861,.F.);
#6861 = EDGE_LOOP('',(#6862));
#6862 = ORIENTED_EDGE('',*,*,#6863,.F.);
#6863 = EDGE_CURVE('',#6864,#6864,#6866,.T.);
#6864 = VERTEX_POINT('',#6865);
#6865 = CARTESIAN_POINT('',(-44.62458379583,38.440257221976,12.5));
#6866 = SURFACE_CURVE('',#6867,(#6872,#6879),.PCURVE_S1.);
#6867 = CIRCLE('',#6868,1.7);
#6868 = AXIS2_PLACEMENT_3D('',#6869,#6870,#6871);
#6869 = CARTESIAN_POINT('',(-43.38319033383,39.601696963197,12.5));
#6870 = DIRECTION('',(0.683199847777,-0.730231448239,0.));
#6871 = DIRECTION('',(-0.730231448239,-0.683199847777,0.));
#6872 = PCURVE('',#4427,#6873);
#6873 = DEFINITIONAL_REPRESENTATION('',(#6874),#6878);
#6874 = CIRCLE('',#6875,1.7);
#6875 = AXIS2_PLACEMENT_2D('',#6876,#6877);
#6876 = CARTESIAN_POINT('',(0.,0.));
#6877 = DIRECTION('',(1.,0.));
#6878 = ( GEOMETRIC_REPRESENTATION_CONTEXT(2) 
PARAMETRIC_REPRESENTATION_CONTEXT() REPRESENTATION_CONTEXT('2D SPACE',''
  ) );
#6879 = PCURVE('',#6420,#6880);
#6880 = DEFINITIONAL_REPRESENTATION('',(#6881),#6885);
#6881 = LINE('',#6882,#6883);
#6882 = CARTESIAN_POINT('',(2.28333321889E-17,4.5));
#6883 = VECTOR('',#6884,1.);
#6884 = DIRECTION('',(1.,0.));
#6885 = ( GEOMETRIC_REPRESENTATION_CONTEXT(2) 
PARAMETRIC_REPRESENTATION_CONTEXT() REPRESENTATION_CONTEXT('2D SPACE',''
  ) );
#6886 = ADVANCED_FACE('',(#6887),#4462,.T.);
#6887 = FACE_BOUND('',#6888,.T.);
#6888 = EDGE_LOOP('',(#6889,#6890,#6891,#6892));
#6889 = ORIENTED_EDGE('',*,*,#4575,.T.);
#6890 = ORIENTED_EDGE('',*,*,#4444,.T.);
#6891 = ORIENTED_EDGE('',*,*,#4622,.F.);
#6892 = ORIENTED_EDGE('',*,*,#4648,.F.);
#6893 = ADVANCED_FACE('',(#6894),#4723,.T.);
#6894 = FACE_BOUND('',#6895,.T.);
#6895 = EDGE_LOOP('',(#6896,#6897,#6898,#6899));
#6896 = ORIENTED_EDGE('',*,*,#4836,.T.);
#6897 = ORIENTED_EDGE('',*,*,#4705,.T.);
#6898 = ORIENTED_EDGE('',*,*,#4883,.F.);
#6899 = ORIENTED_EDGE('',*,*,#4909,.F.);
#6900 = ADVANCED_FACE('',(#6901),#4984,.T.);
#6901 = FACE_BOUND('',#6902,.T.);
#6902 = EDGE_LOOP('',(#6903,#6904,#6905,#6906));
#6903 = ORIENTED_EDGE('',*,*,#5097,.T.);
#6904 = ORIENTED_EDGE('',*,*,#4966,.T.);
#6905 = ORIENTED_EDGE('',*,*,#5144,.F.);
#6906 = ORIENTED_EDGE('',*,*,#5170,.F.);
#6907 = ADVANCED_FACE('',(#6908),#5245,.T.);
#6908 = FACE_BOUND('',#6909,.T.);
#6909 = EDGE_LOOP('',(#6910,#6911,#6912,#6913));
#6910 = ORIENTED_EDGE('',*,*,#5358,.T.);
#6911 = ORIENTED_EDGE('',*,*,#5227,.T.);
#6912 = ORIENTED_EDGE('',*,*,#5405,.F.);
#6913 = ORIENTED_EDGE('',*,*,#5431,.F.);
#6914 = ADVANCED_FACE('',(#6915),#5506,.T.);
#6915 = FACE_BOUND('',#6916,.T.);
#6916 = EDGE_LOOP('',(#6917,#6918,#6919,#6920));
#6917 = ORIENTED_EDGE('',*,*,#5619,.T.);
#6918 = ORIENTED_EDGE('',*,*,#5488,.T.);
#6919 = ORIENTED_EDGE('',*,*,#5666,.F.);
#6920 = ORIENTED_EDGE('',*,*,#5692,.F.);
#6921 = ADVANCED_FACE('',(#6922),#5767,.T.);
#6922 = FACE_BOUND('',#6923,.T.);
#6923 = EDGE_LOOP('',(#6924,#6925,#6926,#6927));
#6924 = ORIENTED_EDGE('',*,*,#5880,.T.);
#6925 = ORIENTED_EDGE('',*,*,#5749,.T.);
#6926 = ORIENTED_EDGE('',*,*,#5927,.F.);
#6927 = ORIENTED_EDGE('',*,*,#5953,.F.);
#6928 = ADVANCED_FACE('',(#6929),#6114,.F.);
#6929 = FACE_BOUND('',#6930,.F.);
#6930 = EDGE_LOOP('',(#6931,#6932,#6953,#6954));
#6931 = ORIENTED_EDGE('',*,*,#6016,.F.);
#6932 = ORIENTED_EDGE('',*,*,#6933,.F.);
#6933 = EDGE_CURVE('',#6834,#6017,#6934,.T.);
#6934 = SEAM_CURVE('',#6935,(#6939,#6946),.PCURVE_S1.);
#6935 = LINE('',#6936,#6937);
#6936 = CARTESIAN_POINT('',(-4.072130181703,61.131247092904,12.5));
#6937 = VECTOR('',#6938,1.);
#6938 = DIRECTION('',(3.48994967025E-02,-0.999390827019,
    7.061190711983E-34));
#6939 = PCURVE('',#6114,#6940);
#6940 = DEFINITIONAL_REPRESENTATION('',(#6941),#6945);
#6941 = LINE('',#6942,#6943);
#6942 = CARTESIAN_POINT('',(6.28318530718,-0.));
#6943 = VECTOR('',#6944,1.);
#6944 = DIRECTION('',(0.,1.));
#6945 = ( GEOMETRIC_REPRESENTATION_CONTEXT(2) 
PARAMETRIC_REPRESENTATION_CONTEXT() REPRESENTATION_CONTEXT('2D SPACE',''
  ) );
#6946 = PCURVE('',#6114,#6947);
#6947 = DEFINITIONAL_REPRESENTATION('',(#6948),#6952);
#6948 = LINE('',#6949,#6950);
#6949 = CARTESIAN_POINT('',(0.,-0.));
#6950 = VECTOR('',#6951,1.);
#6951 = DIRECTION('',(0.,1.));
#6952 = ( GEOMETRIC_REPRESENTATION_CONTEXT(2) 
PARAMETRIC_REPRESENTATION_CONTEXT() REPRESENTATION_CONTEXT('2D SPACE',''
  ) );
#6953 = ORIENTED_EDGE('',*,*,#6833,.T.);
#6954 = ORIENTED_EDGE('',*,*,#6933,.T.);
#6955 = ADVANCED_FACE('',(#6956),#6267,.F.);
#6956 = FACE_BOUND('',#6957,.F.);
#6957 = EDGE_LOOP('',(#6958,#6959,#6980,#6981));
#6958 = ORIENTED_EDGE('',*,*,#6169,.F.);
#6959 = ORIENTED_EDGE('',*,*,#6960,.F.);
#6960 = EDGE_CURVE('',#6804,#6170,#6961,.T.);
#6961 = SEAM_CURVE('',#6962,(#6966,#6973),.PCURVE_S1.);
#6962 = LINE('',#6963,#6964);
#6963 = CARTESIAN_POINT('',(43.415157758031,45.596244259277,12.5));
#6964 = VECTOR('',#6965,1.);
#6965 = DIRECTION('',(-0.657298950869,-0.753629941806,
    -1.072694344277E-32));
#6966 = PCURVE('',#6267,#6967);
#6967 = DEFINITIONAL_REPRESENTATION('',(#6968),#6972);
#6968 = LINE('',#6969,#6970);
#6969 = CARTESIAN_POINT('',(6.28318530718,-0.));
#6970 = VECTOR('',#6971,1.);
#6971 = DIRECTION('',(0.,1.));
#6972 = ( GEOMETRIC_REPRESENTATION_CONTEXT(2) 
PARAMETRIC_REPRESENTATION_CONTEXT() REPRESENTATION_CONTEXT('2D SPACE',''
  ) );
#6973 = PCURVE('',#6267,#6974);
#6974 = DEFINITIONAL_REPRESENTATION('',(#6975),#6979);
#6975 = LINE('',#6976,#6977);
#6976 = CARTESIAN_POINT('',(0.,-0.));
#6977 = VECTOR('',#6978,1.);
#6978 = DIRECTION('',(0.,1.));
#6979 = ( GEOMETRIC_REPRESENTATION_CONTEXT(2) 
PARAMETRIC_REPRESENTATION_CONTEXT() REPRESENTATION_CONTEXT('2D SPACE',''
  ) );
#6980 = ORIENTED_EDGE('',*,*,#6803,.T.);
#6981 = ORIENTED_EDGE('',*,*,#6960,.T.);
#6982 = ADVANCED_FACE('',(#6983),#6420,.F.);
#6983 = FACE_BOUND('',#6984,.F.);
#6984 = EDGE_LOOP('',(#6985,#6986,#7007,#7008));
#6985 = ORIENTED_EDGE('',*,*,#6322,.F.);
#6986 = ORIENTED_EDGE('',*,*,#6987,.F.);
#6987 = EDGE_CURVE('',#6864,#6323,#6988,.T.);
#6988 = SEAM_CURVE('',#6989,(#6993,#7000),.PCURVE_S1.);
#6989 = LINE('',#6990,#6991);
#6990 = CARTESIAN_POINT('',(-47.69898311083,41.726298739053,12.5));
#6991 = VECTOR('',#6992,1.);
#6992 = DIRECTION('',(0.683199847777,-0.730231448239,2.401648174041E-33)
  );
#6993 = PCURVE('',#6420,#6994);
#6994 = DEFINITIONAL_REPRESENTATION('',(#6995),#6999);
#6995 = LINE('',#6996,#6997);
#6996 = CARTESIAN_POINT('',(6.28318530718,-0.));
#6997 = VECTOR('',#6998,1.);
#6998 = DIRECTION('',(0.,1.));
#6999 = ( GEOMETRIC_REPRESENTATION_CONTEXT(2) 
PARAMETRIC_REPRESENTATION_CONTEXT() REPRESENTATION_CONTEXT('2D SPACE',''
  ) );
#7000 = PCURVE('',#6420,#7001);
#7001 = DEFINITIONAL_REPRESENTATION('',(#7002),#7006);
#7002 = LINE('',#7003,#7004);
#7003 = CARTESIAN_POINT('',(0.,-0.));
#7004 = VECTOR('',#7005,1.);
#7005 = DIRECTION('',(0.,1.));
#7006 = ( GEOMETRIC_REPRESENTATION_CONTEXT(2) 
PARAMETRIC_REPRESENTATION_CONTEXT() REPRESENTATION_CONTEXT('2D SPACE',''
  ) );
#7007 = ORIENTED_EDGE('',*,*,#6863,.T.);
#7008 = ORIENTED_EDGE('',*,*,#6987,.T.);
#7009 = ( GEOMETRIC_REPRESENTATION_CONTEXT(3) 
GLOBAL_UNCERTAINTY_ASSIGNED_CONTEXT((#7013)) 
GLOBAL_UNIT_ASSIGNED_CONTEXT((#7010,#7011,#7012)) REPRESENTATION_CONTEXT
('Context #1','3D Context with UNIT and UNCERTAINTY') );
#7010 = ( LENGTH_UNIT() NAMED_UNIT(*) SI_UNIT(.MILLI.,.METRE.) );
#7011 = ( NAMED_UNIT(*) PLANE_ANGLE_UNIT() SI_UNIT($,.RADIAN.) );
#7012 = ( NAMED_UNIT(*) SI_UNIT($,.STERADIAN.) SOLID_ANGLE_UNIT() );
#7013 = UNCERTAINTY_MEASURE_WITH_UNIT(LENGTH_MEASURE(1.E-07),#7010,
  'distance_accuracy_value','confusion accuracy');
#7014 = CONTEXT_DEPENDENT_SHAPE_REPRESENTATION(#7015,#7017);
#7015 = ( REPRESENTATION_RELATIONSHIP('','',#2278,#10) 
REPRESENTATION_RELATIONSHIP_WITH_TRANSFORMATION(#7016) 
SHAPE_REPRESENTATION_RELATIONSHIP() );
#7016 = ITEM_DEFINED_TRANSFORMATION('','',#11,#19);
#7017 = PRODUCT_DEFINITION_SHAPE('Placement','Placement of an item',
  #7018);
#7018 = NEXT_ASSEMBLY_USAGE_OCCURRENCE('2','crown','',#5,#2273,$);
#7019 = PRODUCT_RELATED_PRODUCT_CATEGORY('part',$,(#2275));
#7020 = MECHANICAL_DESIGN_GEOMETRIC_PRESENTATION_REPRESENTATION('',(
    #7021),#2260);
#7021 = STYLED_ITEM('color',(#7022),#37);
#7022 = PRESENTATION_STYLE_ASSIGNMENT((#7023));
#7023 = SURFACE_STYLE_USAGE(.BOTH.,#7024);
#7024 = SURFACE_SIDE_STYLE('',(#7025));
#7025 = SURFACE_STYLE_FILL_AREA(#7026);
#7026 = FILL_AREA_STYLE('',(#7027));
#7027 = FILL_AREA_STYLE_COLOUR('',#7028);
#7028 = COLOUR_RGB('',0.55000000909,0.620000000292,0.720000003324);
#7029 = MECHANICAL_DESIGN_GEOMETRIC_PRESENTATION_REPRESENTATION('',(
    #7030),#7009);
#7030 = STYLED_ITEM('color',(#7031),#2279);
#7031 = PRESENTATION_STYLE_ASSIGNMENT((#7032));
#7032 = SURFACE_STYLE_USAGE(.BOTH.,#7033);
#7033 = SURFACE_SIDE_STYLE('',(#7034));
#7034 = SURFACE_STYLE_FILL_AREA(#7035);
#7035 = FILL_AREA_STYLE('',(#7036));
#7036 = FILL_AREA_STYLE_COLOUR('',#7037);
#7037 = COLOUR_RGB('',0.850000012718,0.720000003324,0.45000000386);
ENDSEC;
END-ISO-10303-21;
