ISO-10303-21;
HEADER;
FILE_DESCRIPTION(('Open CASCADE Model'),'2;1');
FILE_NAME('Open CASCADE Shape Model','2026-07-31T11:20:03',('Author'),(
    'Open CASCADE'),'Open CASCADE STEP processor 7.9','Open CASCADE 7.9'
  ,'Unknown');
FILE_SCHEMA(('AUTOMOTIVE_DESIGN { 1 0 10303 214 1 1 1 1 }'));
ENDSEC;
DATA;
#1 = APPLICATION_PROTOCOL_DEFINITION('international standard',
  'automotive_design',2000,#2);
#2 = APPLICATION_CONTEXT(
  'core data for automotive mechanical design processes');
#3 = SHAPE_DEFINITION_REPRESENTATION(#4,#10);
#4 = PRODUCT_DEFINITION_SHAPE('','',#5);
#5 = PRODUCT_DEFINITION('design','',#6,#9);
#6 = PRODUCT_DEFINITION_FORMATION('','',#7);
#7 = PRODUCT('Open CASCADE STEP translator 7.9 1',
  'Open CASCADE STEP translator 7.9 1','',(#8));
#8 = PRODUCT_CONTEXT('',#2,'mechanical');
#9 = PRODUCT_DEFINITION_CONTEXT('part definition',#2,'design');
#10 = ADVANCED_BREP_SHAPE_REPRESENTATION('',(#11,#15),#4745);
#11 = AXIS2_PLACEMENT_3D('',#12,#13,#14);
#12 = CARTESIAN_POINT('',(0.,0.,0.));
#13 = DIRECTION('',(0.,0.,1.));
#14 = DIRECTION('',(1.,0.,-0.));
#15 = MANIFOLD_SOLID_BREP('',#16);
#16 = CLOSED_SHELL('',(#17,#1440,#1703,#1750,#1797,#2011,#2066,#2121,
    #2176,#2282,#2331,#2380,#2437,#2543,#2592,#2641,#2698,#2804,#2853,
    #2902,#2959,#3065,#3114,#3163,#3220,#3326,#3375,#3424,#3481,#3587,
    #3636,#3685,#3742,#4208,#4235,#4262,#4289,#4316,#4343,#4370,#4397,
    #4424,#4451,#4478,#4505,#4532,#4562,#4592,#4622,#4629,#4636,#4643,
    #4650,#4657,#4664,#4691,#4718));
#17 = ADVANCED_FACE('',(#18,#135,#330,#525,#720,#840,#960,#1080,#1200,
    #1320),#33,.T.);
#18 = FACE_BOUND('',#19,.F.);
#19 = EDGE_LOOP('',(#20,#56,#82,#111));
#20 = ORIENTED_EDGE('',*,*,#21,.F.);
#21 = EDGE_CURVE('',#22,#24,#26,.T.);
#22 = VERTEX_POINT('',#23);
#23 = CARTESIAN_POINT('',(50.584716464323,37.165887378924,0.));
#24 = VERTEX_POINT('',#25);
#25 = CARTESIAN_POINT('',(-50.58471646432,37.165887378924,0.));
#26 = SURFACE_CURVE('',#27,(#32,#44),.PCURVE_S1.);
#27 = CIRCLE('',#28,67.);
#28 = AXIS2_PLACEMENT_3D('',#29,#30,#31);
#29 = CARTESIAN_POINT('',(0.,-6.768,0.));
#30 = DIRECTION('',(0.,0.,1.));
#31 = DIRECTION('',(1.,0.,0.));
#32 = PCURVE('',#33,#38);
#33 = CYLINDRICAL_SURFACE('',#34,67.);
#34 = AXIS2_PLACEMENT_3D('',#35,#36,#37);
#35 = CARTESIAN_POINT('',(0.,-6.768,0.));
#36 = DIRECTION('',(-0.,-0.,-1.));
#37 = DIRECTION('',(1.,0.,0.));
#38 = DEFINITIONAL_REPRESENTATION('',(#39),#43);
#39 = LINE('',#40,#41);
#40 = CARTESIAN_POINT('',(-0.,0.));
#41 = VECTOR('',#42,1.);
#42 = DIRECTION('',(-1.,0.));
#43 = ( GEOMETRIC_REPRESENTATION_CONTEXT(2) 
PARAMETRIC_REPRESENTATION_CONTEXT() REPRESENTATION_CONTEXT('2D SPACE',''
  ) );
#44 = PCURVE('',#45,#50);
#45 = PLANE('',#46);
#46 = AXIS2_PLACEMENT_3D('',#47,#48,#49);
#47 = CARTESIAN_POINT('',(-3.918634409665E-15,-6.768,0.));
#48 = DIRECTION('',(0.,0.,1.));
#49 = DIRECTION('',(1.,0.,-0.));
#50 = DEFINITIONAL_REPRESENTATION('',(#51),#55);
#51 = CIRCLE('',#52,67.);
#52 = AXIS2_PLACEMENT_2D('',#53,#54);
#53 = CARTESIAN_POINT('',(3.918634409665E-15,-4.440892098501E-15));
#54 = DIRECTION('',(1.,0.));
#55 = ( GEOMETRIC_REPRESENTATION_CONTEXT(2) 
PARAMETRIC_REPRESENTATION_CONTEXT() REPRESENTATION_CONTEXT('2D SPACE',''
  ) );
#56 = ORIENTED_EDGE('',*,*,#57,.F.);
#57 = EDGE_CURVE('',#58,#22,#60,.T.);
#58 = VERTEX_POINT('',#59);
#59 = CARTESIAN_POINT('',(50.584716464323,37.165887378924,25.));
#60 = SURFACE_CURVE('',#61,(#65,#71),.PCURVE_S1.);
#61 = LINE('',#62,#63);
#62 = CARTESIAN_POINT('',(50.584716464325,37.165887378923,0.));
#63 = VECTOR('',#64,1.);
#64 = DIRECTION('',(-0.,-0.,-1.));
#65 = PCURVE('',#33,#66);
#66 = DEFINITIONAL_REPRESENTATION('',(#67),#70);
#67 = B_SPLINE_CURVE_WITH_KNOTS('',1,(#68,#69),.UNSPECIFIED.,.F.,.F.,(2,
    2),(-25.0000006,6.E-07),.PIECEWISE_BEZIER_KNOTS.);
#68 = CARTESIAN_POINT('',(-0.715148661005,-25.0000006));
#69 = CARTESIAN_POINT('',(-0.715148661005,6.E-07));
#70 = ( GEOMETRIC_REPRESENTATION_CONTEXT(2) 
PARAMETRIC_REPRESENTATION_CONTEXT() REPRESENTATION_CONTEXT('2D SPACE',''
  ) );
#71 = PCURVE('',#72,#77);
#72 = PLANE('',#73);
#73 = AXIS2_PLACEMENT_3D('',#74,#75,#76);
#74 = CARTESIAN_POINT('',(0.,-6.768,0.));
#75 = DIRECTION('',(-0.655729662372,0.754995768124,0.));
#76 = DIRECTION('',(0.754995768124,0.655729662372,0.));
#77 = DEFINITIONAL_REPRESENTATION('',(#78),#81);
#78 = B_SPLINE_CURVE_WITH_KNOTS('',1,(#79,#80),.UNSPECIFIED.,.F.,.F.,(2,
    2),(-25.0000006,6.E-07),.PIECEWISE_BEZIER_KNOTS.);
#79 = CARTESIAN_POINT('',(67.,-25.0000006));
#80 = CARTESIAN_POINT('',(67.,6.E-07));
#81 = ( GEOMETRIC_REPRESENTATION_CONTEXT(2) 
PARAMETRIC_REPRESENTATION_CONTEXT() REPRESENTATION_CONTEXT('2D SPACE',''
  ) );
#82 = ORIENTED_EDGE('',*,*,#83,.T.);
#83 = EDGE_CURVE('',#58,#84,#86,.T.);
#84 = VERTEX_POINT('',#85);
#85 = CARTESIAN_POINT('',(-50.58471646432,37.165887378924,25.));
#86 = SURFACE_CURVE('',#87,(#92,#99),.PCURVE_S1.);
#87 = CIRCLE('',#88,67.);
#88 = AXIS2_PLACEMENT_3D('',#89,#90,#91);
#89 = CARTESIAN_POINT('',(0.,-6.768,25.));
#90 = DIRECTION('',(0.,0.,1.));
#91 = DIRECTION('',(1.,0.,0.));
#92 = PCURVE('',#33,#93);
#93 = DEFINITIONAL_REPRESENTATION('',(#94),#98);
#94 = LINE('',#95,#96);
#95 = CARTESIAN_POINT('',(-0.,-25.));
#96 = VECTOR('',#97,1.);
#97 = DIRECTION('',(-1.,0.));
#98 = ( GEOMETRIC_REPRESENTATION_CONTEXT(2) 
PARAMETRIC_REPRESENTATION_CONTEXT() REPRESENTATION_CONTEXT('2D SPACE',''
  ) );
#99 = PCURVE('',#100,#105);
#100 = PLANE('',#101);
#101 = AXIS2_PLACEMENT_3D('',#102,#103,#104);
#102 = CARTESIAN_POINT('',(-3.918634409665E-15,-6.768,25.));
#103 = DIRECTION('',(0.,0.,1.));
#104 = DIRECTION('',(1.,0.,-0.));
#105 = DEFINITIONAL_REPRESENTATION('',(#106),#110);
#106 = CIRCLE('',#107,67.);
#107 = AXIS2_PLACEMENT_2D('',#108,#109);
#108 = CARTESIAN_POINT('',(3.918634409665E-15,-4.440892098501E-15));
#109 = DIRECTION('',(1.,0.));
#110 = ( GEOMETRIC_REPRESENTATION_CONTEXT(2) 
PARAMETRIC_REPRESENTATION_CONTEXT() REPRESENTATION_CONTEXT('2D SPACE',''
  ) );
#111 = ORIENTED_EDGE('',*,*,#112,.T.);
#112 = EDGE_CURVE('',#84,#24,#113,.T.);
#113 = SURFACE_CURVE('',#114,(#118,#124),.PCURVE_S1.);
#114 = LINE('',#115,#116);
#115 = CARTESIAN_POINT('',(-50.58471646432,37.165887378923,0.));
#116 = VECTOR('',#117,1.);
#117 = DIRECTION('',(-0.,-0.,-1.));
#118 = PCURVE('',#33,#119);
#119 = DEFINITIONAL_REPRESENTATION('',(#120),#123);
#120 = B_SPLINE_CURVE_WITH_KNOTS('',1,(#121,#122),.UNSPECIFIED.,.F.,.F.,
  (2,2),(-25.0000006,6.E-07),.PIECEWISE_BEZIER_KNOTS.);
#121 = CARTESIAN_POINT('',(-2.426443992585,-25.0000006));
#122 = CARTESIAN_POINT('',(-2.426443992585,6.E-07));
#123 = ( GEOMETRIC_REPRESENTATION_CONTEXT(2) 
PARAMETRIC_REPRESENTATION_CONTEXT() REPRESENTATION_CONTEXT('2D SPACE',''
  ) );
#124 = PCURVE('',#125,#130);
#125 = PLANE('',#126);
#126 = AXIS2_PLACEMENT_3D('',#127,#128,#129);
#127 = CARTESIAN_POINT('',(-377.4978840621,321.09683118599,0.));
#128 = DIRECTION('',(0.655729662372,0.754995768124,-0.));
#129 = DIRECTION('',(0.754995768124,-0.655729662372,0.));
#130 = DEFINITIONAL_REPRESENTATION('',(#131),#134);
#131 = B_SPLINE_CURVE_WITH_KNOTS('',1,(#132,#133),.UNSPECIFIED.,.F.,.F.,
  (2,2),(-25.0000006,6.E-07),.PIECEWISE_BEZIER_KNOTS.);
#132 = CARTESIAN_POINT('',(433.,-25.0000006));
#133 = CARTESIAN_POINT('',(433.,6.E-07));
#134 = ( GEOMETRIC_REPRESENTATION_CONTEXT(2) 
PARAMETRIC_REPRESENTATION_CONTEXT() REPRESENTATION_CONTEXT('2D SPACE',''
  ) );
#135 = FACE_BOUND('',#136,.F.);
#136 = EDGE_LOOP('',(#137));
#137 = ORIENTED_EDGE('',*,*,#138,.F.);
#138 = EDGE_CURVE('',#139,#139,#141,.T.);
#139 = VERTEX_POINT('',#140);
#140 = CARTESIAN_POINT('',(41.733970788582,45.646460621262,12.5));
#141 = SURFACE_CURVE('',#142,(#201,#263),.PCURVE_S1.);
#142 = B_SPLINE_CURVE_WITH_KNOTS('',8,(#143,#144,#145,#146,#147,#148,
    #149,#150,#151,#152,#153,#154,#155,#156,#157,#158,#159,#160,#161,
    #162,#163,#164,#165,#166,#167,#168,#169,#170,#171,#172,#173,#174,
    #175,#176,#177,#178,#179,#180,#181,#182,#183,#184,#185,#186,#187,
    #188,#189,#190,#191,#192,#193,#194,#195,#196,#197,#198,#199,#200),
  .UNSPECIFIED.,.T.,.F.,(9,7,7,7,7,7,7,7,9),(0.,0.108854550616,
    0.214875301828,0.302828742373,0.409268901075,0.541934878797,
    0.674038823275,0.816231169702,1.),.UNSPECIFIED.);
#143 = CARTESIAN_POINT('',(41.733970788582,45.646460621262,12.5));
#144 = CARTESIAN_POINT('',(41.733970788582,45.646460621262,
    12.264385636757));
#145 = CARTESIAN_POINT('',(41.750531324177,45.633274560771,
    12.028759558044));
#146 = CARTESIAN_POINT('',(41.783657310358,45.606898816378,
    11.795350128577));
#147 = CARTESIAN_POINT('',(41.833100434032,45.567482747203,
    11.566378268573));
#148 = CARTESIAN_POINT('',(41.898373707788,45.515318494552,
    11.344010505376));
#149 = CARTESIAN_POINT('',(41.97876592766,45.450837156615,
    11.130320917295));
#150 = CARTESIAN_POINT('',(42.073356034863,45.374611338208,
    10.927261969664));
#151 = CARTESIAN_POINT('',(42.285895731012,45.202388111992,
    10.550988848396));
#152 = CARTESIAN_POINT('',(42.406357577978,45.104376581913,
    10.371496266328));
#153 = CARTESIAN_POINT('',(42.542711456169,44.992876870009,
    10.201071361993));
#154 = CARTESIAN_POINT('',(42.694955028208,44.867626899511,
    10.042827125716));
#155 = CARTESIAN_POINT('',(42.862772044342,44.728569921707,9.90009241624
    ));
#156 = CARTESIAN_POINT('',(43.045500041568,44.575893216702,
    9.776438393947));
#157 = CARTESIAN_POINT('',(43.242070225666,44.41010699078,9.67573171048)
  );
#158 = CARTESIAN_POINT('',(43.62416255961,44.084573628596,9.541240250767
    ));
#159 = CARTESIAN_POINT('',(43.801006675907,43.932745884481,
    9.500683972055));
#160 = CARTESIAN_POINT('',(43.979754352715,43.778037816649,
    9.481133181062));
#161 = CARTESIAN_POINT('',(44.158703067004,43.621860363847,
    9.482887756655));
#162 = CARTESIAN_POINT('',(44.336166659773,43.465677851376,
    9.505969635704));
#163 = CARTESIAN_POINT('',(44.510502797277,43.310985941793,
    9.550124281454));
#164 = CARTESIAN_POINT('',(44.680137981311,43.159283795283,
    9.614821945095));
#165 = CARTESIAN_POINT('',(45.041397837889,42.833848363974,9.80144305485
    ));
#166 = CARTESIAN_POINT('',(45.222794127848,42.668812976058,
    9.928736053816));
#167 = CARTESIAN_POINT('',(45.38729662077,42.517818199479,
    10.076452450363));
#168 = CARTESIAN_POINT('',(45.534892881896,42.381306773734,
    10.240617257455));
#169 = CARTESIAN_POINT('',(45.665855800209,42.259402794238,
    10.417815228685));
#170 = CARTESIAN_POINT('',(45.780630591849,42.152002451396,
    10.605090459639));
#171 = CARTESIAN_POINT('',(45.879770097831,42.058837544867,
    10.799884331709));
#172 = CARTESIAN_POINT('',(46.068747611356,41.880651182722,
    11.249422221043));
#173 = CARTESIAN_POINT('',(46.150798158725,41.802799056057,
    11.508354987946));
#174 = CARTESIAN_POINT('',(46.211224126902,41.745216407566,
    11.773614380723));
#175 = CARTESIAN_POINT('',(46.250911366342,41.707298374558,
    12.042821630315));
#176 = CARTESIAN_POINT('',(46.270426807332,41.688637838246,
    12.314095741038));
#177 = CARTESIAN_POINT('',(46.269992978522,41.689069950761,
    12.585796374904));
#178 = CARTESIAN_POINT('',(46.249458018149,41.708704413297,
    12.856292845924));
#179 = CARTESIAN_POINT('',(46.167226134643,41.787024883162,
    13.390044292427));
#180 = CARTESIAN_POINT('',(46.10573818741,41.845512361227,
    13.653098091504));
#181 = CARTESIAN_POINT('',(46.023273889551,41.923771713898,
    13.911186304821));
#182 = CARTESIAN_POINT('',(45.918894136826,42.022467176355,
    14.162083859847));
#183 = CARTESIAN_POINT('',(45.791399871534,42.142402593669,
    14.402767954777));
#184 = CARTESIAN_POINT('',(45.639441515261,42.284375566581,
    14.629207347653));
#185 = CARTESIAN_POINT('',(45.46170469807,42.448971136407,
    14.836047048134));
#186 = CARTESIAN_POINT('',(45.037288053789,42.837762882828,
    15.209719747677));
#187 = CARTESIAN_POINT('',(44.778411963795,43.072849990077,
    15.379308173586));
#188 = CARTESIAN_POINT('',(44.487497205113,43.333986472896,
    15.501304624605));
#189 = CARTESIAN_POINT('',(44.17550412503,43.609989107957,
    15.560794325432));
#190 = CARTESIAN_POINT('',(43.856639292845,43.887394896219,
    15.551315483673));
#191 = CARTESIAN_POINT('',(43.546247208136,44.153263083765,
    15.474926569244));
#192 = CARTESIAN_POINT('',(43.258376951738,44.396668378519,
    15.342333227146));
#193 = CARTESIAN_POINT('',(42.67411466082,44.885697343109,
    14.954199270084));
#194 = CARTESIAN_POINT('',(42.395631130311,45.114684138443,
    14.671246259122));
#195 = CARTESIAN_POINT('',(42.16912314397,45.298373511886,
    14.347474655973));
#196 = CARTESIAN_POINT('',(41.99237349675,45.440393843031,
    13.997739077972));
#197 = CARTESIAN_POINT('',(41.862537601685,45.544090465841,
    13.632397794724));
#198 = CARTESIAN_POINT('',(41.77693954198,45.61224789553,13.258175750688
    ));
#199 = CARTESIAN_POINT('',(41.733970788582,45.646460621262,
    12.879522696139));
#200 = CARTESIAN_POINT('',(41.733970788582,45.646460621262,12.5));
#201 = PCURVE('',#33,#202);
#202 = DEFINITIONAL_REPRESENTATION('',(#203),#262);
#203 = B_SPLINE_CURVE_WITH_KNOTS('',8,(#204,#205,#206,#207,#208,#209,
    #210,#211,#212,#213,#214,#215,#216,#217,#218,#219,#220,#221,#222,
    #223,#224,#225,#226,#227,#228,#229,#230,#231,#232,#233,#234,#235,
    #236,#237,#238,#239,#240,#241,#242,#243,#244,#245,#246,#247,#248,
    #249,#250,#251,#252,#253,#254,#255,#256,#257,#258,#259,#260,#261),
  .UNSPECIFIED.,.F.,.F.,(9,7,7,7,7,7,7,7,9),(0.,0.108854550616,
    0.214875301828,0.302828742373,0.409268901075,0.541934878797,
    0.674038823275,0.816231169702,1.),.UNSPECIFIED.);
#204 = CARTESIAN_POINT('',(-0.898358340149,-12.5));
#205 = CARTESIAN_POINT('',(-0.898358340149,-12.26438563675));
#206 = CARTESIAN_POINT('',(-0.898042386111,-12.02875955804));
#207 = CARTESIAN_POINT('',(-0.897410386436,-11.79535012857));
#208 = CARTESIAN_POINT('',(-0.896466629877,-11.56637826857));
#209 = CARTESIAN_POINT('',(-0.89521951839,-11.34401050537));
#210 = CARTESIAN_POINT('',(-0.893681358981,-11.13032091729));
#211 = CARTESIAN_POINT('',(-0.891868214591,-10.92726196966));
#212 = CARTESIAN_POINT('',(-0.887785259838,-10.55098884839));
#213 = CARTESIAN_POINT('',(-0.885467391153,-10.37149626632));
#214 = CARTESIAN_POINT('',(-0.882838480861,-10.20107136199));
#215 = CARTESIAN_POINT('',(-0.879896064527,-10.04282712571));
#216 = CARTESIAN_POINT('',(-0.876643221934,-9.900092416241));
#217 = CARTESIAN_POINT('',(-0.873089296093,-9.776438393947));
#218 = CARTESIAN_POINT('',(-0.869251319465,-9.67573171048));
#219 = CARTESIAN_POINT('',(-0.861759339323,-9.541240250767));
#220 = CARTESIAN_POINT('',(-0.858280583163,-9.500683972055));
#221 = CARTESIAN_POINT('',(-0.854752261493,-9.481133181062));
#222 = CARTESIAN_POINT('',(-0.851207300645,-9.482887756655));
#223 = CARTESIAN_POINT('',(-0.847678958655,-9.505969635704));
#224 = CARTESIAN_POINT('',(-0.844200312974,-9.550124281454));
#225 = CARTESIAN_POINT('',(-0.840803717725,-9.614821945095));
#226 = CARTESIAN_POINT('',(-0.833546595123,-9.80144305485));
#227 = CARTESIAN_POINT('',(-0.829886382674,-9.928736053816));
#228 = CARTESIAN_POINT('',(-0.826553676298,-10.07645245036));
#229 = CARTESIAN_POINT('',(-0.823553005495,-10.24061725745));
#230 = CARTESIAN_POINT('',(-0.820882598265,-10.41781522868));
#231 = CARTESIAN_POINT('',(-0.818536517122,-10.60509045963));
#232 = CARTESIAN_POINT('',(-0.816505992076,-10.7998843317));
#233 = CARTESIAN_POINT('',(-0.812629332757,-11.24942222104));
#234 = CARTESIAN_POINT('',(-0.810941173354,-11.50835498794));
#235 = CARTESIAN_POINT('',(-0.809695371172,-11.77361438072));
#236 = CARTESIAN_POINT('',(-0.808876124697,-12.04282163031));
#237 = CARTESIAN_POINT('',(-0.808473120795,-12.31409574103));
#238 = CARTESIAN_POINT('',(-0.808482258283,-12.5857963749));
#239 = CARTESIAN_POINT('',(-0.808906305398,-12.85629284592));
#240 = CARTESIAN_POINT('',(-0.810601250818,-13.39004429242));
#241 = CARTESIAN_POINT('',(-0.811867847085,-13.6530980915));
#242 = CARTESIAN_POINT('',(-0.813564675919,-13.91118630482));
#243 = CARTESIAN_POINT('',(-0.815708730057,-14.16208385984));
#244 = CARTESIAN_POINT('',(-0.818321259334,-14.40276795477));
#245 = CARTESIAN_POINT('',(-0.821425109487,-14.62920734765));
#246 = CARTESIAN_POINT('',(-0.82504063617,-14.83604704813));
#247 = CARTESIAN_POINT('',(-0.833631332828,-15.20971974767));
#248 = CARTESIAN_POINT('',(-0.838850529489,-15.37930817358));
#249 = CARTESIAN_POINT('',(-0.844685098558,-15.5013046246));
#250 = CARTESIAN_POINT('',(-0.850901964614,-15.56079432543));
#251 = CARTESIAN_POINT('',(-0.857209697143,-15.55131548367));
#252 = CARTESIAN_POINT('',(-0.863309374756,-15.47492656924));
#253 = CARTESIAN_POINT('',(-0.868935900234,-15.34233322714));
#254 = CARTESIAN_POINT('',(-0.880307739319,-14.95419927008));
#255 = CARTESIAN_POINT('',(-0.885688705955,-14.67124625912));
#256 = CARTESIAN_POINT('',(-0.890041262384,-14.34747465597));
#257 = CARTESIAN_POINT('',(-0.893425391387,-13.99773907797));
#258 = CARTESIAN_POINT('',(-0.895905437491,-13.63239779472));
#259 = CARTESIAN_POINT('',(-0.897538555014,-13.25817575068));
#260 = CARTESIAN_POINT('',(-0.898358340149,-12.87952269613));
#261 = CARTESIAN_POINT('',(-0.898358340149,-12.5));
#262 = ( GEOMETRIC_REPRESENTATION_CONTEXT(2) 
PARAMETRIC_REPRESENTATION_CONTEXT() REPRESENTATION_CONTEXT('2D SPACE',''
  ) );
#263 = PCURVE('',#264,#269);
#264 = CYLINDRICAL_SURFACE('',#265,3.);
#265 = AXIS2_PLACEMENT_3D('',#266,#267,#268);
#266 = CARTESIAN_POINT('',(44.696328659101,44.4788360428,12.5));
#267 = DIRECTION('',(-0.657298950869,-0.753629941806,0.));
#268 = DIRECTION('',(-0.753629941806,0.657298950869,0.));
#269 = DEFINITIONAL_REPRESENTATION('',(#270),#329);
#270 = B_SPLINE_CURVE_WITH_KNOTS('',8,(#271,#272,#273,#274,#275,#276,
    #277,#278,#279,#280,#281,#282,#283,#284,#285,#286,#287,#288,#289,
    #290,#291,#292,#293,#294,#295,#296,#297,#298,#299,#300,#301,#302,
    #303,#304,#305,#306,#307,#308,#309,#310,#311,#312,#313,#314,#315,
    #316,#317,#318,#319,#320,#321,#322,#323,#324,#325,#326,#327,#328),
  .UNSPECIFIED.,.F.,.F.,(9,7,7,7,7,7,7,7,9),(0.,0.108854550616,
    0.214875301828,0.302828742373,0.409268901075,0.541934878797,
    0.674038823275,0.816231169702,1.),.UNSPECIFIED.);
#271 = CARTESIAN_POINT('',(0.,1.067197877274));
#272 = CARTESIAN_POINT('',(7.853812108095E-02,1.067197877274));
#273 = CARTESIAN_POINT('',(0.157080032585,1.066250064602));
#274 = CARTESIAN_POINT('',(0.235621632528,1.06435393935));
#275 = CARTESIAN_POINT('',(0.314160437223,1.06156015595));
#276 = CARTESIAN_POINT('',(0.392697613509,1.05796864428));
#277 = CARTESIAN_POINT('',(0.471236798684,1.053721989458));
#278 = CARTESIAN_POINT('',(0.549779708144,1.048994070321));
#279 = CARTESIAN_POINT('',(0.704812760142,1.039084530975));
#280 = CARTESIAN_POINT('',(0.783626205345,1.033769509054));
#281 = CARTESIAN_POINT('',(0.864760550352,1.028173769365));
#282 = CARTESIAN_POINT('',(0.948263958247,1.022496357166));
#283 = CARTESIAN_POINT('',(1.034241075373,1.016987910613));
#284 = CARTESIAN_POINT('',(1.122852207481,1.01194272605));
#285 = CARTESIAN_POINT('',(1.214324373049,1.007678814064));
#286 = CARTESIAN_POINT('',(1.387536072185,1.001861612626));
#287 = CARTESIAN_POINT('',(1.466078098989,1.000044094478));
#288 = CARTESIAN_POINT('',(1.544617847505,0.999146066199));
#289 = CARTESIAN_POINT('',(1.623155656065,0.999223268704));
#290 = CARTESIAN_POINT('',(1.701694037778,1.000280453145));
#291 = CARTESIAN_POINT('',(1.780234885781,1.002269947681));
#292 = CARTESIAN_POINT('',(1.858777219181,1.005096199032));
#293 = CARTESIAN_POINT('',(2.032361482684,1.012898359471));
#294 = CARTESIAN_POINT('',(2.123866952575,1.01804237818));
#295 = CARTESIAN_POINT('',(2.212285778263,1.023709246853));
#296 = CARTESIAN_POINT('',(2.297951403295,1.029573477102));
#297 = CARTESIAN_POINT('',(2.381138141356,1.035362177267));
#298 = CARTESIAN_POINT('',(2.462078702876,1.040860941261));
#299 = CARTESIAN_POINT('',(2.540969321353,1.045908511075));
#300 = CARTESIAN_POINT('',(2.713996535632,1.055980367431));
#301 = CARTESIAN_POINT('',(2.80757866935,1.060720322415));
#302 = CARTESIAN_POINT('',(2.899398440998,1.064398404959));
#303 = CARTESIAN_POINT('',(2.990011014966,1.066888189122));
#304 = CARTESIAN_POINT('',(3.079947169554,1.068123849128));
#305 = CARTESIAN_POINT('',(3.169731136981,1.06808335142));
#306 = CARTESIAN_POINT('',(3.259893148842,1.066783840471));
#307 = CARTESIAN_POINT('',(3.441785072618,1.061810120081));
#308 = CARTESIAN_POINT('',(3.533429017583,1.058148168597));
#309 = CARTESIAN_POINT('',(3.626590724449,1.053373273665));
#310 = CARTESIAN_POINT('',(3.721852320048,1.047602119995));
#311 = CARTESIAN_POINT('',(3.819798867036,1.041017045243));
#312 = CARTESIAN_POINT('',(3.921044940288,1.033904030083));
#313 = CARTESIAN_POINT('',(4.026287251335,1.026686103844));
#314 = CARTESIAN_POINT('',(4.254984716089,1.012649617631));
#315 = CARTESIAN_POINT('',(4.383512457374,1.005639917035));
#316 = CARTESIAN_POINT('',(4.517467858622,1.000057610358));
#317 = CARTESIAN_POINT('',(4.654149658335,0.997126484776));
#318 = CARTESIAN_POINT('',(4.791436112145,0.997654696375));
#319 = CARTESIAN_POINT('',(4.92729504812,1.001308861304));
#320 = CARTESIAN_POINT('',(5.059312755325,1.007088160701));
#321 = CARTESIAN_POINT('',(5.344292255473,1.022576281428));
#322 = CARTESIAN_POINT('',(5.494148463407,1.033051908624));
#323 = CARTESIAN_POINT('',(5.636014561391,1.043501558592));
#324 = CARTESIAN_POINT('',(5.771645881447,1.052648142379));
#325 = CARTESIAN_POINT('',(5.902638878382,1.059840260178));
#326 = CARTESIAN_POINT('',(6.030459058298,1.064738295247));
#327 = CARTESIAN_POINT('',(6.1566777418,1.067197877274));
#328 = CARTESIAN_POINT('',(6.28318530718,1.067197877274));
#329 = ( GEOMETRIC_REPRESENTATION_CONTEXT(2) 
PARAMETRIC_REPRESENTATION_CONTEXT() REPRESENTATION_CONTEXT('2D SPACE',''
  ) );
#330 = FACE_BOUND('',#331,.F.);
#331 = EDGE_LOOP('',(#332));
#332 = ORIENTED_EDGE('',*,*,#333,.F.);
#333 = EDGE_CURVE('',#334,#334,#336,.T.);
#334 = VERTEX_POINT('',#335);
#335 = CARTESIAN_POINT('',(-5.334093588029,60.019329978029,12.5));
#336 = SURFACE_CURVE('',#337,(#396,#458),.PCURVE_S1.);
#337 = B_SPLINE_CURVE_WITH_KNOTS('',8,(#338,#339,#340,#341,#342,#343,
    #344,#345,#346,#347,#348,#349,#350,#351,#352,#353,#354,#355,#356,
    #357,#358,#359,#360,#361,#362,#363,#364,#365,#366,#367,#368,#369,
    #370,#371,#372,#373,#374,#375,#376,#377,#378,#379,#380,#381,#382,
    #383,#384,#385,#386,#387,#388,#389,#390,#391,#392,#393,#394,#395),
  .UNSPECIFIED.,.T.,.F.,(9,7,7,7,7,7,7,7,9),(0.,0.10643084601,
    0.210090988662,0.310064154661,0.430550183089,0.555957441104,
    0.670373794927,0.814164917582,1.),.UNSPECIFIED.);
#338 = CARTESIAN_POINT('',(-5.334093588029,60.019329978029,12.5));
#339 = CARTESIAN_POINT('',(-5.334093588029,60.019329978029,
    12.264385636757));
#340 = CARTESIAN_POINT('',(-5.312991849617,60.021015257378,
    12.028759558044));
#341 = CARTESIAN_POINT('',(-5.270782308199,60.024386528068,
    11.795350128577));
#342 = CARTESIAN_POINT('',(-5.207748331933,60.029383209358,
    11.566378268573));
#343 = CARTESIAN_POINT('',(-5.124445125236,60.035885922293,
    11.344010505376));
#344 = CARTESIAN_POINT('',(-5.021686557829,60.043723573885,
    11.130320917295));
#345 = CARTESIAN_POINT('',(-4.900536419325,60.052685030959,
    10.927261969664));
#346 = CARTESIAN_POINT('',(-4.627670367276,60.072129303114,
    10.550988848413));
#347 = CARTESIAN_POINT('',(-4.472743875872,60.08285771707,10.37149626633
    ));
#348 = CARTESIAN_POINT('',(-4.296997399713,60.094594069794,
    10.201071361982));
#349 = CARTESIAN_POINT('',(-4.100253594831,60.107145387687,
    10.042827125704));
#350 = CARTESIAN_POINT('',(-3.882704626039,60.120254169274,
    9.900092416239));
#351 = CARTESIAN_POINT('',(-3.64496219439,60.133604577754,9.776438393954
    ));
#352 = CARTESIAN_POINT('',(-3.388155339874,60.146838981753,
    9.675731710485));
#353 = CARTESIAN_POINT('',(-2.849779264962,60.171889239148,
    9.531327901449));
#354 = CARTESIAN_POINT('',(-2.572428277258,60.183598449248,
    9.486538259691));
#355 = CARTESIAN_POINT('',(-2.287817753931,60.194245368226,
    9.471604600904));
#356 = CARTESIAN_POINT('',(-2.002386334491,60.203453952089,
    9.488115539584));
#357 = CARTESIAN_POINT('',(-1.722730513293,60.211039111307,
    9.535541156098));
#358 = CARTESIAN_POINT('',(-1.455107854164,60.217016452836,
    9.611271390888));
#359 = CARTESIAN_POINT('',(-1.204981586958,60.221552691048,
    9.710646916497));
#360 = CARTESIAN_POINT('',(-0.701449292736,60.228893328128,
    9.967183676635));
#361 = CARTESIAN_POINT('',(-0.454278345521,60.231204412743,
    10.133863675444));
#362 = CARTESIAN_POINT('',(-0.235325029176,60.23227303285,
    10.320934581389));
#363 = CARTESIAN_POINT('',(-4.406965065733E-02,60.232505823114,
    10.523603562635));
#364 = CARTESIAN_POINT('',(0.120375572652,60.232224827908,
    10.738062671833));
#365 = CARTESIAN_POINT('',(0.259031118661,60.231671211879,
    10.961277184936));
#366 = CARTESIAN_POINT('',(0.372892179736,60.231022660869,
    11.190844307554));
#367 = CARTESIAN_POINT('',(0.556406048247,60.229754980585,
    11.668507799524));
#368 = CARTESIAN_POINT('',(0.624207278676,60.229137197138,
    11.917353752994));
#369 = CARTESIAN_POINT('',(0.667074633844,60.228686317524,
    12.169464342051));
#370 = CARTESIAN_POINT('',(0.685555602186,60.228479502215,
    12.423255591279));
#371 = CARTESIAN_POINT('',(0.679879411872,60.228546202274,
    12.677344908512));
#372 = CARTESIAN_POINT('',(0.64995039806,60.228873444547,12.930382175923
    ));
#373 = CARTESIAN_POINT('',(0.595341399759,60.229402769154,
    13.180883013242));
#374 = CARTESIAN_POINT('',(0.442247407486,60.230580225474,
    13.651644375787));
#375 = CARTESIAN_POINT('',(0.348016668649,60.231213929676,
    13.872663837475));
#376 = CARTESIAN_POINT('',(0.231985653924,60.231832017432,
    14.088778130178));
#377 = CARTESIAN_POINT('',(9.334724368811E-02,60.232306075445,
    14.29826853646));
#378 = CARTESIAN_POINT('',(-6.881756641458E-02,60.232460297348,
    14.498939352518));
#379 = CARTESIAN_POINT('',(-0.255427306889,60.232057662269,
    14.687996182657));
#380 = CARTESIAN_POINT('',(-0.46724321948,60.230791418677,
    14.861875845703));
#381 = CARTESIAN_POINT('',(-1.003005570112,60.225156413575,
    15.209719747676));
#382 = CARTESIAN_POINT('',(-1.352656508113,60.219960307086,
    15.379308173588));
#383 = CARTESIAN_POINT('',(-1.743500018964,60.211897460277,
    15.501304624603));
#384 = CARTESIAN_POINT('',(-2.159892135941,60.200289639373,
    15.560794325435));
#385 = CARTESIAN_POINT('',(-2.582260856449,60.185011665077,
    15.551315483671));
#386 = CARTESIAN_POINT('',(-2.990560023249,60.167097151685,
    15.474926569245));
#387 = CARTESIAN_POINT('',(-3.367066397807,60.148166437231,
    15.342333227146));
#388 = CARTESIAN_POINT('',(-4.127817610823,60.106102858058,
    14.954199270084));
#389 = CARTESIAN_POINT('',(-4.487618786331,60.08305631159,
    14.671246259122));
#390 = CARTESIAN_POINT('',(-4.778518593211,60.062441846997,
    14.347474655975));
#391 = CARTESIAN_POINT('',(-5.004615012694,60.045394227014,
    13.997739077968));
#392 = CARTESIAN_POINT('',(-5.1702707833,60.03241289832,13.632397794729)
  );
#393 = CARTESIAN_POINT('',(-5.279342323993,60.023703015551,
    13.258175750686));
#394 = CARTESIAN_POINT('',(-5.334093588029,60.019329978029,
    12.879522696139));
#395 = CARTESIAN_POINT('',(-5.334093588029,60.019329978029,12.5));
#396 = PCURVE('',#33,#397);
#397 = DEFINITIONAL_REPRESENTATION('',(#398),#457);
#398 = B_SPLINE_CURVE_WITH_KNOTS('',8,(#399,#400,#401,#402,#403,#404,
    #405,#406,#407,#408,#409,#410,#411,#412,#413,#414,#415,#416,#417,
    #418,#419,#420,#421,#422,#423,#424,#425,#426,#427,#428,#429,#430,
    #431,#432,#433,#434,#435,#436,#437,#438,#439,#440,#441,#442,#443,
    #444,#445,#446,#447,#448,#449,#450,#451,#452,#453,#454,#455,#456),
  .UNSPECIFIED.,.F.,.F.,(9,7,7,7,7,7,7,7,9),(0.,0.10643084601,
    0.210090988662,0.310064154661,0.430550183089,0.555957441104,
    0.670373794927,0.814164917582,1.),.UNSPECIFIED.);
#399 = CARTESIAN_POINT('',(-1.650494006699,-12.5));
#400 = CARTESIAN_POINT('',(-1.650494006699,-12.26438563675));
#401 = CARTESIAN_POINT('',(-1.650178052662,-12.02875955804));
#402 = CARTESIAN_POINT('',(-1.649546052986,-11.79535012857));
#403 = CARTESIAN_POINT('',(-1.648602296428,-11.56637826857));
#404 = CARTESIAN_POINT('',(-1.64735518494,-11.34401050537));
#405 = CARTESIAN_POINT('',(-1.645817025531,-11.13032091729));
#406 = CARTESIAN_POINT('',(-1.644003881141,-10.92726196966));
#407 = CARTESIAN_POINT('',(-1.639920926389,-10.55098884841));
#408 = CARTESIAN_POINT('',(-1.637603057703,-10.37149626633));
#409 = CARTESIAN_POINT('',(-1.634974147411,-10.20107136198));
#410 = CARTESIAN_POINT('',(-1.632031731077,-10.0428271257));
#411 = CARTESIAN_POINT('',(-1.628778888484,-9.900092416239));
#412 = CARTESIAN_POINT('',(-1.625224962643,-9.776438393954));
#413 = CARTESIAN_POINT('',(-1.621386986015,-9.675731710485));
#414 = CARTESIAN_POINT('',(-1.613342828625,-9.531327901449));
#415 = CARTESIAN_POINT('',(-1.609199612376,-9.486538259691));
#416 = CARTESIAN_POINT('',(-1.604948805782,-9.471604600905));
#417 = CARTESIAN_POINT('',(-1.600686530246,-9.488115539584));
#418 = CARTESIAN_POINT('',(-1.59651112816,-9.535541156097));
#419 = CARTESIAN_POINT('',(-1.592515822983,-9.611271390888));
#420 = CARTESIAN_POINT('',(-1.588782004996,-9.710646916497));
#421 = CARTESIAN_POINT('',(-1.581265799051,-9.967183676635));
#422 = CARTESIAN_POINT('',(-1.577576569668,-10.13386367544));
#423 = CARTESIAN_POINT('',(-1.574308618435,-10.32093458138));
#424 = CARTESIAN_POINT('',(-1.571454087533,-10.52360356263));
#425 = CARTESIAN_POINT('',(-1.568999691013,-10.73806267183));
#426 = CARTESIAN_POINT('',(-1.566930194182,-10.96127718493));
#427 = CARTESIAN_POINT('',(-1.565230748959,-11.19084430755));
#428 = CARTESIAN_POINT('',(-1.562491670647,-11.66850779952));
#429 = CARTESIAN_POINT('',(-1.56147967241,-11.91735375299));
#430 = CARTESIAN_POINT('',(-1.560839825867,-12.16946434205));
#431 = CARTESIAN_POINT('',(-1.560563972739,-12.42325559127));
#432 = CARTESIAN_POINT('',(-1.5606486982,-12.67734490851));
#433 = CARTESIAN_POINT('',(-1.561095426747,-12.93038217592));
#434 = CARTESIAN_POINT('',(-1.561910523103,-13.18088301324));
#435 = CARTESIAN_POINT('',(-1.564195575642,-13.65164437578));
#436 = CARTESIAN_POINT('',(-1.565602035758,-13.87266383747));
#437 = CARTESIAN_POINT('',(-1.567333863534,-14.08877813017));
#438 = CARTESIAN_POINT('',(-1.569403097672,-14.29826853646));
#439 = CARTESIAN_POINT('',(-1.571823451562,-14.49893935251));
#440 = CARTESIAN_POINT('',(-1.574608648686,-14.68799618265));
#441 = CARTESIAN_POINT('',(-1.577770104101,-14.8618758457));
#442 = CARTESIAN_POINT('',(-1.585766999378,-15.20971974767));
#443 = CARTESIAN_POINT('',(-1.590986196039,-15.37930817358));
#444 = CARTESIAN_POINT('',(-1.596820765109,-15.5013046246));
#445 = CARTESIAN_POINT('',(-1.603037631164,-15.56079432543));
#446 = CARTESIAN_POINT('',(-1.609345363693,-15.55131548367));
#447 = CARTESIAN_POINT('',(-1.615445041306,-15.47492656924));
#448 = CARTESIAN_POINT('',(-1.621071566784,-15.34233322714));
#449 = CARTESIAN_POINT('',(-1.632443405869,-14.95419927008));
#450 = CARTESIAN_POINT('',(-1.637824372505,-14.67124625912));
#451 = CARTESIAN_POINT('',(-1.642176928934,-14.34747465597));
#452 = CARTESIAN_POINT('',(-1.645561057937,-13.99773907797));
#453 = CARTESIAN_POINT('',(-1.648041104041,-13.63239779472));
#454 = CARTESIAN_POINT('',(-1.649674221564,-13.25817575068));
#455 = CARTESIAN_POINT('',(-1.650494006699,-12.87952269613));
#456 = CARTESIAN_POINT('',(-1.650494006699,-12.5));
#457 = ( GEOMETRIC_REPRESENTATION_CONTEXT(2) 
PARAMETRIC_REPRESENTATION_CONTEXT() REPRESENTATION_CONTEXT('2D SPACE',''
  ) );
#458 = PCURVE('',#459,#464);
#459 = CYLINDRICAL_SURFACE('',#460,3.);
#460 = AXIS2_PLACEMENT_3D('',#461,#462,#463);
#461 = CARTESIAN_POINT('',(-2.37316577577,61.190576237299,12.5));
#462 = DIRECTION('',(3.48994967025E-02,-0.999390827019,0.));
#463 = DIRECTION('',(-0.999390827019,-3.48994967025E-02,0.));
#464 = DEFINITIONAL_REPRESENTATION('',(#465),#524);
#465 = B_SPLINE_CURVE_WITH_KNOTS('',8,(#466,#467,#468,#469,#470,#471,
    #472,#473,#474,#475,#476,#477,#478,#479,#480,#481,#482,#483,#484,
    #485,#486,#487,#488,#489,#490,#491,#492,#493,#494,#495,#496,#497,
    #498,#499,#500,#501,#502,#503,#504,#505,#506,#507,#508,#509,#510,
    #511,#512,#513,#514,#515,#516,#517,#518,#519,#520,#521,#522,#523),
  .UNSPECIFIED.,.F.,.F.,(9,7,7,7,7,7,7,7,9),(0.,0.10643084601,
    0.210090988662,0.310064154661,0.430550183089,0.555957441104,
    0.670373794927,0.814164917582,1.),.UNSPECIFIED.);
#466 = CARTESIAN_POINT('',(0.,1.067197877274));
#467 = CARTESIAN_POINT('',(7.853812108095E-02,1.067197877274));
#468 = CARTESIAN_POINT('',(0.157080032585,1.066250064602));
#469 = CARTESIAN_POINT('',(0.235621632528,1.06435393935));
#470 = CARTESIAN_POINT('',(0.314160437223,1.06156015595));
#471 = CARTESIAN_POINT('',(0.392697613509,1.05796864428));
#472 = CARTESIAN_POINT('',(0.471236798684,1.053721989458));
#473 = CARTESIAN_POINT('',(0.549779708144,1.048994070321));
#474 = CARTESIAN_POINT('',(0.704812760135,1.039084530975));
#475 = CARTESIAN_POINT('',(0.783626205343,1.033769509055));
#476 = CARTESIAN_POINT('',(0.864760550356,1.028173769365));
#477 = CARTESIAN_POINT('',(0.948263958254,1.022496357165));
#478 = CARTESIAN_POINT('',(1.034241075377,1.016987910613));
#479 = CARTESIAN_POINT('',(1.122852207478,1.01194272605));
#480 = CARTESIAN_POINT('',(1.214324373042,1.007678814064));
#481 = CARTESIAN_POINT('',(1.400302197792,1.001432870661));
#482 = CARTESIAN_POINT('',(1.493543534266,0.999410203376));
#483 = CARTESIAN_POINT('',(1.587693604238,0.998702534234));
#484 = CARTESIAN_POINT('',(1.681904535798,0.999460972872));
#485 = CARTESIAN_POINT('',(1.775384039482,1.001640281739));
#486 = CARTESIAN_POINT('',(1.867291235661,1.005006477554));
#487 = CARTESIAN_POINT('',(1.956619699615,1.009202283534));
#488 = CARTESIAN_POINT('',(2.144976622124,1.019439141813));
#489 = CARTESIAN_POINT('',(2.243590117517,1.025755606705));
#490 = CARTESIAN_POINT('',(2.338561761338,1.032328998115));
#491 = CARTESIAN_POINT('',(2.430405406841,1.038771066113));
#492 = CARTESIAN_POINT('',(2.519571702748,1.044790945673));
#493 = CARTESIAN_POINT('',(2.606475785155,1.050183233224));
#494 = CARTESIAN_POINT('',(2.691505690421,1.05480508288));
#495 = CARTESIAN_POINT('',(2.86205464311,1.062476532576));
#496 = CARTESIAN_POINT('',(2.947585623689,1.065460168504));
#497 = CARTESIAN_POINT('',(3.032159322997,1.067406822575));
#498 = CARTESIAN_POINT('',(3.116211135458,1.068258488391));
#499 = CARTESIAN_POINT('',(3.200163879124,1.067993732779));
#500 = CARTESIAN_POINT('',(3.284439973234,1.066622182334));
#501 = CARTESIAN_POINT('',(3.369473145232,1.064187353622));
#502 = CARTESIAN_POINT('',(3.534469075015,1.057667711298));
#503 = CARTESIAN_POINT('',(3.614234361314,1.053745787771));
#504 = CARTESIAN_POINT('',(3.695432849107,1.049078652523));
#505 = CARTESIAN_POINT('',(3.778427523668,1.043766472552));
#506 = CARTESIAN_POINT('',(3.863595566969,1.037952874341));
#507 = CARTESIAN_POINT('',(3.951336931722,1.031842678124));
#508 = CARTESIAN_POINT('',(4.042095150945,1.025715881611));
#509 = CARTESIAN_POINT('',(4.254984716089,1.012649617631));
#510 = CARTESIAN_POINT('',(4.383512457374,1.005639917035));
#511 = CARTESIAN_POINT('',(4.517467858622,1.000057610357));
#512 = CARTESIAN_POINT('',(4.654149658334,0.997126484777));
#513 = CARTESIAN_POINT('',(4.791436112147,0.997654696375));
#514 = CARTESIAN_POINT('',(4.927295048119,1.001308861305));
#515 = CARTESIAN_POINT('',(5.059312755325,1.007088160701));
#516 = CARTESIAN_POINT('',(5.344292255473,1.022576281428));
#517 = CARTESIAN_POINT('',(5.494148463406,1.033051908624));
#518 = CARTESIAN_POINT('',(5.636014561392,1.043501558591));
#519 = CARTESIAN_POINT('',(5.771645881448,1.052648142379));
#520 = CARTESIAN_POINT('',(5.902638878381,1.059840260178));
#521 = CARTESIAN_POINT('',(6.030459058299,1.064738295247));
#522 = CARTESIAN_POINT('',(6.1566777418,1.067197877274));
#523 = CARTESIAN_POINT('',(6.28318530718,1.067197877274));
#524 = ( GEOMETRIC_REPRESENTATION_CONTEXT(2) 
PARAMETRIC_REPRESENTATION_CONTEXT() REPRESENTATION_CONTEXT('2D SPACE',''
  ) );
#525 = FACE_BOUND('',#526,.F.);
#526 = EDGE_LOOP('',(#527));
#527 = ORIENTED_EDGE('',*,*,#528,.F.);
#528 = EDGE_CURVE('',#529,#529,#531,.T.);
#529 = VERTEX_POINT('',#530);
#530 = CARTESIAN_POINT('',(-47.91917456624,40.058837485463,12.5));
#531 = SURFACE_CURVE('',#532,(#591,#653),.PCURVE_S1.);
#532 = B_SPLINE_CURVE_WITH_KNOTS('',8,(#533,#534,#535,#536,#537,#538,
    #539,#540,#541,#542,#543,#544,#545,#546,#547,#548,#549,#550,#551,
    #552,#553,#554,#555,#556,#557,#558,#559,#560,#561,#562,#563,#564,
    #565,#566,#567,#568,#569,#570,#571,#572,#573,#574,#575,#576,#577,
    #578,#579,#580,#581,#582,#583,#584,#585,#586,#587,#588,#589,#590),
  .UNSPECIFIED.,.T.,.F.,(9,7,7,7,7,7,7,7,9),(0.,0.108854552733,
    0.214875305989,0.30282874823,0.409268908975,0.54193488676,
    0.674038830471,0.816231174365,1.),.UNSPECIFIED.);
#533 = CARTESIAN_POINT('',(-47.91917456624,40.058837485463,12.5));
#534 = CARTESIAN_POINT('',(-47.91917456624,40.058837485463,
    12.264385636766));
#535 = CARTESIAN_POINT('',(-47.9043793967,40.073977712959,
    12.028759558038));
#536 = CARTESIAN_POINT('',(-47.87478495514,40.104262690786,
    11.795350128569));
#537 = CARTESIAN_POINT('',(-47.83056497664,40.149460505885,
    11.566378268574));
#538 = CARTESIAN_POINT('',(-47.77205941222,40.209116255418,
    11.344010505384));
#539 = CARTESIAN_POINT('',(-47.69976915922,40.28256604288,
    11.130320917298));
#540 = CARTESIAN_POINT('',(-47.61435714371,40.368951524196,
    10.927261969657));
#541 = CARTESIAN_POINT('',(-47.42149781649,40.562959879612,
    10.550988848437));
#542 = CARTESIAN_POINT('',(-47.31179234902,40.672878153865,
    10.371496266334));
#543 = CARTESIAN_POINT('',(-47.18705883474,40.797240995097,
    10.201071361967));
#544 = CARTESIAN_POINT('',(-47.04703678059,40.936019540617,
    10.042827125689));
#545 = CARTESIAN_POINT('',(-46.89170175229,41.088893419866,
    9.900092416236));
#546 = CARTESIAN_POINT('',(-46.72130714687,41.255222538315,
    9.776438393963));
#547 = CARTESIAN_POINT('',(-46.53646877192,41.433995257469,
    9.675731710493));
#548 = CARTESIAN_POINT('',(-46.17391877101,41.781160950596,
    9.541240250756));
#549 = CARTESIAN_POINT('',(-46.00496455152,41.941722393778,
    9.500683972069));
#550 = CARTESIAN_POINT('',(-45.83295206225,42.103885958562,
    9.481133181061));
#551 = CARTESIAN_POINT('',(-45.65945738367,42.266100740978,
    9.482887756643));
#552 = CARTESIAN_POINT('',(-45.48610805148,42.426837522731,
    9.505969635708));
#553 = CARTESIAN_POINT('',(-45.31455833991,42.584613858672,9.55012428147
    ));
#554 = CARTESIAN_POINT('',(-45.14645903267,42.738016139604,9.61482194508
    ));
#555 = CARTESIAN_POINT('',(-44.7861159089,43.064466345826,9.801443054861
    ));
#556 = CARTESIAN_POINT('',(-44.60356098705,43.22821918939,9.928736053827
    ));
#557 = CARTESIAN_POINT('',(-44.4366851387,43.376586786788,
    10.076452450359));
#558 = CARTESIAN_POINT('',(-44.28593008686,43.509601597989,
    10.240617257437));
#559 = CARTESIAN_POINT('',(-44.15139165699,43.62754767501,
    10.417815228668));
#560 = CARTESIAN_POINT('',(-44.0329214915,43.73085743415,10.605090459645
    ));
#561 = CARTESIAN_POINT('',(-43.93019678912,43.820053717569,
    10.799884331735));
#562 = CARTESIAN_POINT('',(-43.73379083055,43.990017179212,
    11.249422216338));
#563 = CARTESIAN_POINT('',(-43.64803058683,44.063762880355,
    11.50835499575));
#564 = CARTESIAN_POINT('',(-43.58462531016,44.118047577751,
    11.773614381224));
#565 = CARTESIAN_POINT('',(-43.54288352525,44.153691340964,
    12.042821622708));
#566 = CARTESIAN_POINT('',(-43.52234280663,44.171216956529,
    12.314095740539));
#567 = CARTESIAN_POINT('',(-43.52281663166,44.170829107965,
    12.585796383402));
#568 = CARTESIAN_POINT('',(-43.54442949826,44.152387836475,
    12.856292841104));
#569 = CARTESIAN_POINT('',(-43.63067403466,44.078509158964,
    13.390044295558));
#570 = CARTESIAN_POINT('',(-43.69508702735,44.023259558877,
    13.653098082579));
#571 = CARTESIAN_POINT('',(-43.78129430133,43.949143466897,
    13.911186313853));
#572 = CARTESIAN_POINT('',(-43.89005174289,43.855293887759,
    14.162083860496));
#573 = CARTESIAN_POINT('',(-44.02228049693,43.74059930669,14.4027679457)
  );
#574 = CARTESIAN_POINT('',(-44.17891073188,43.60379783458,
    14.629207355143));
#575 = CARTESIAN_POINT('',(-44.36065753765,43.443641127582,
    14.836047045969));
#576 = CARTESIAN_POINT('',(-44.79042645549,43.060774060402,
    15.209719747678));
#577 = CARTESIAN_POINT('',(-45.0505184762,42.827032924257,
    15.379308173585));
#578 = CARTESIAN_POINT('',(-45.33977014779,42.564055491844,
    15.501304624606));
#579 = CARTESIAN_POINT('',(-45.64594590617,42.281613388817,
    15.560794325432));
#580 = CARTESIAN_POINT('',(-45.95421342395,41.992476933066,
    15.551315483673));
#581 = CARTESIAN_POINT('',(-46.25014471041,41.710601405401,
    15.474926569243));
#582 = CARTESIAN_POINT('',(-46.52144804881,41.448857407179,
    15.342333227147));
#583 = CARTESIAN_POINT('',(-47.06712459242,40.91711606253,
    14.954199271736));
#584 = CARTESIAN_POINT('',(-47.32313307153,40.663250549153,
    14.671246250163));
#585 = CARTESIAN_POINT('',(-47.52881398618,40.456506756982,
    14.347474677581));
#586 = CARTESIAN_POINT('',(-47.68800166544,40.295046190818,
    13.997739048488));
#587 = CARTESIAN_POINT('',(-47.80431217672,40.176377731977,
    13.632397818843));
#588 = CARTESIAN_POINT('',(-47.88078676945,40.098121083747,
    13.258175739249));
#589 = CARTESIAN_POINT('',(-47.91917456624,40.058837485463,
    12.879522698731));
#590 = CARTESIAN_POINT('',(-47.91917456624,40.058837485463,12.5));
#591 = PCURVE('',#33,#592);
#592 = DEFINITIONAL_REPRESENTATION('',(#593),#652);
#593 = B_SPLINE_CURVE_WITH_KNOTS('',8,(#594,#595,#596,#597,#598,#599,
    #600,#601,#602,#603,#604,#605,#606,#607,#608,#609,#610,#611,#612,
    #613,#614,#615,#616,#617,#618,#619,#620,#621,#622,#623,#624,#625,
    #626,#627,#628,#629,#630,#631,#632,#633,#634,#635,#636,#637,#638,
    #639,#640,#641,#642,#643,#644,#645,#646,#647,#648,#649,#650,#651),
  .UNSPECIFIED.,.F.,.F.,(9,7,7,7,7,7,7,7,9),(0.,0.108854552733,
    0.214875305989,0.30282874823,0.409268908975,0.54193488676,
    0.674038830471,0.816231174365,1.),.UNSPECIFIED.);
#594 = CARTESIAN_POINT('',(-2.36772308821,-12.5));
#595 = CARTESIAN_POINT('',(-2.36772308821,-12.26438563676));
#596 = CARTESIAN_POINT('',(-2.367407134172,-12.02875955803));
#597 = CARTESIAN_POINT('',(-2.366775134496,-11.79535012856));
#598 = CARTESIAN_POINT('',(-2.365831377938,-11.56637826857));
#599 = CARTESIAN_POINT('',(-2.36458426645,-11.34401050538));
#600 = CARTESIAN_POINT('',(-2.363046107041,-11.13032091729));
#601 = CARTESIAN_POINT('',(-2.361232962651,-10.92726196965));
#602 = CARTESIAN_POINT('',(-2.357150007899,-10.55098884843));
#603 = CARTESIAN_POINT('',(-2.354832139213,-10.37149626633));
#604 = CARTESIAN_POINT('',(-2.352203228922,-10.20107136196));
#605 = CARTESIAN_POINT('',(-2.349260812587,-10.04282712568));
#606 = CARTESIAN_POINT('',(-2.346007969994,-9.900092416236));
#607 = CARTESIAN_POINT('',(-2.342454044154,-9.776438393963));
#608 = CARTESIAN_POINT('',(-2.338616067526,-9.675731710493));
#609 = CARTESIAN_POINT('',(-2.331124087383,-9.541240250756));
#610 = CARTESIAN_POINT('',(-2.327645331224,-9.500683972069));
#611 = CARTESIAN_POINT('',(-2.324117009554,-9.481133181061));
#612 = CARTESIAN_POINT('',(-2.320572048705,-9.482887756643));
#613 = CARTESIAN_POINT('',(-2.317043706715,-9.505969635708));
#614 = CARTESIAN_POINT('',(-2.313565061035,-9.55012428147));
#615 = CARTESIAN_POINT('',(-2.310168465786,-9.61482194508));
#616 = CARTESIAN_POINT('',(-2.302911343184,-9.801443054861));
#617 = CARTESIAN_POINT('',(-2.299251130735,-9.928736053827));
#618 = CARTESIAN_POINT('',(-2.295918424359,-10.07645245035));
#619 = CARTESIAN_POINT('',(-2.292917753556,-10.24061725743));
#620 = CARTESIAN_POINT('',(-2.290247346326,-10.41781522866));
#621 = CARTESIAN_POINT('',(-2.287901265182,-10.60509045964));
#622 = CARTESIAN_POINT('',(-2.285870740136,-10.79988433173));
#623 = CARTESIAN_POINT('',(-2.281994080858,-11.24942221633));
#624 = CARTESIAN_POINT('',(-2.28030592133,-11.50835499575));
#625 = CARTESIAN_POINT('',(-2.279060119287,-11.77361438122));
#626 = CARTESIAN_POINT('',(-2.278240872777,-12.0428216227));
#627 = CARTESIAN_POINT('',(-2.277837868801,-12.31409574053));
#628 = CARTESIAN_POINT('',(-2.277847006386,-12.5857963834));
#629 = CARTESIAN_POINT('',(-2.278271053443,-12.8562928411));
#630 = CARTESIAN_POINT('',(-2.279965998889,-13.39004429555));
#631 = CARTESIAN_POINT('',(-2.281232595084,-13.65309808257));
#632 = CARTESIAN_POINT('',(-2.282929424081,-13.91118631385));
#633 = CARTESIAN_POINT('',(-2.28507347809,-14.16208386049));
#634 = CARTESIAN_POINT('',(-2.287686007294,-14.4027679457));
#635 = CARTESIAN_POINT('',(-2.29078985767,-14.62920735514));
#636 = CARTESIAN_POINT('',(-2.294405384181,-14.83604704596));
#637 = CARTESIAN_POINT('',(-2.302996080888,-15.20971974767));
#638 = CARTESIAN_POINT('',(-2.308215277549,-15.37930817358));
#639 = CARTESIAN_POINT('',(-2.314049846619,-15.5013046246));
#640 = CARTESIAN_POINT('',(-2.320266712675,-15.56079432543));
#641 = CARTESIAN_POINT('',(-2.326574445203,-15.55131548367));
#642 = CARTESIAN_POINT('',(-2.332674122816,-15.47492656924));
#643 = CARTESIAN_POINT('',(-2.338300648295,-15.34233322714));
#644 = CARTESIAN_POINT('',(-2.349672487331,-14.95419927173));
#645 = CARTESIAN_POINT('',(-2.355053454196,-14.67124625016));
#646 = CARTESIAN_POINT('',(-2.359406010125,-14.34747467758));
#647 = CARTESIAN_POINT('',(-2.362790139767,-13.99773904848));
#648 = CARTESIAN_POINT('',(-2.365270185373,-13.63239781884));
#649 = CARTESIAN_POINT('',(-2.36690330312,-13.25817573924));
#650 = CARTESIAN_POINT('',(-2.36772308821,-12.87952269873));
#651 = CARTESIAN_POINT('',(-2.36772308821,-12.5));
#652 = ( GEOMETRIC_REPRESENTATION_CONTEXT(2) 
PARAMETRIC_REPRESENTATION_CONTEXT() REPRESENTATION_CONTEXT('2D SPACE',''
  ) );
#653 = PCURVE('',#654,#659);
#654 = CYLINDRICAL_SURFACE('',#655,3.);
#655 = AXIS2_PLACEMENT_3D('',#656,#657,#658);
#656 = CARTESIAN_POINT('',(-46.45758964882,42.887738480273,12.5));
#657 = DIRECTION('',(0.683199847777,-0.730231448239,0.));
#658 = DIRECTION('',(-0.730231448239,-0.683199847777,0.));
#659 = DEFINITIONAL_REPRESENTATION('',(#660),#719);
#660 = B_SPLINE_CURVE_WITH_KNOTS('',8,(#661,#662,#663,#664,#665,#666,
    #667,#668,#669,#670,#671,#672,#673,#674,#675,#676,#677,#678,#679,
    #680,#681,#682,#683,#684,#685,#686,#687,#688,#689,#690,#691,#692,
    #693,#694,#695,#696,#697,#698,#699,#700,#701,#702,#703,#704,#705,
    #706,#707,#708,#709,#710,#711,#712,#713,#714,#715,#716,#717,#718),
  .UNSPECIFIED.,.F.,.F.,(9,7,7,7,7,7,7,7,9),(0.,0.108854552733,
    0.214875305989,0.30282874823,0.409268908975,0.54193488676,
    0.674038830471,0.816231174365,1.),.UNSPECIFIED.);
#661 = CARTESIAN_POINT('',(0.,1.067197877274));
#662 = CARTESIAN_POINT('',(7.85381210779E-02,1.067197877274));
#663 = CARTESIAN_POINT('',(0.157080032587,1.066250064602));
#664 = CARTESIAN_POINT('',(0.235621632531,1.06435393935));
#665 = CARTESIAN_POINT('',(0.314160437223,1.06156015595));
#666 = CARTESIAN_POINT('',(0.392697613506,1.05796864428));
#667 = CARTESIAN_POINT('',(0.471236798683,1.053721989458));
#668 = CARTESIAN_POINT('',(0.549779708147,1.048994070321));
#669 = CARTESIAN_POINT('',(0.704812760125,1.039084530976));
#670 = CARTESIAN_POINT('',(0.78362620534,1.033769509055));
#671 = CARTESIAN_POINT('',(0.864760550362,1.028173769364));
#672 = CARTESIAN_POINT('',(0.948263958262,1.022496357165));
#673 = CARTESIAN_POINT('',(1.034241075381,1.016987910613));
#674 = CARTESIAN_POINT('',(1.122852207474,1.01194272605));
#675 = CARTESIAN_POINT('',(1.214324373033,1.007678814065));
#676 = CARTESIAN_POINT('',(1.387536072199,1.001861612625));
#677 = CARTESIAN_POINT('',(1.466078098981,1.000044094479));
#678 = CARTESIAN_POINT('',(1.54461784749,0.999146066199));
#679 = CARTESIAN_POINT('',(1.623155656065,0.999223268704));
#680 = CARTESIAN_POINT('',(1.701694037793,1.000280453145));
#681 = CARTESIAN_POINT('',(1.780234885789,1.002269947682));
#682 = CARTESIAN_POINT('',(1.858777219166,1.005096199031));
#683 = CARTESIAN_POINT('',(2.032361482694,1.012898359471));
#684 = CARTESIAN_POINT('',(2.12386695258,1.018042378181));
#685 = CARTESIAN_POINT('',(2.212285778258,1.023709246853));
#686 = CARTESIAN_POINT('',(2.297951403286,1.029573477101));
#687 = CARTESIAN_POINT('',(2.38113814135,1.035362177266));
#688 = CARTESIAN_POINT('',(2.46207870288,1.040860941261));
#689 = CARTESIAN_POINT('',(2.540969321364,1.045908511076));
#690 = CARTESIAN_POINT('',(2.713996533821,1.055980367326));
#691 = CARTESIAN_POINT('',(2.807578672387,1.060720322637));
#692 = CARTESIAN_POINT('',(2.899398440967,1.064398404812));
#693 = CARTESIAN_POINT('',(2.990011012252,1.066888189073));
#694 = CARTESIAN_POINT('',(3.079947169603,1.068123849275));
#695 = CARTESIAN_POINT('',(3.169731139779,1.068083351302));
#696 = CARTESIAN_POINT('',(3.259893147199,1.066783840516));
#697 = CARTESIAN_POINT('',(3.441785073685,1.061810120052));
#698 = CARTESIAN_POINT('',(3.533429014138,1.058148168735));
#699 = CARTESIAN_POINT('',(3.626590728444,1.053373273463));
#700 = CARTESIAN_POINT('',(3.721852319861,1.047602120032));
#701 = CARTESIAN_POINT('',(3.819798863048,1.041017045443));
#702 = CARTESIAN_POINT('',(3.921044944142,1.033904029864));
#703 = CARTESIAN_POINT('',(4.02628725001,1.026686103926));
#704 = CARTESIAN_POINT('',(4.25498471609,1.012649617631));
#705 = CARTESIAN_POINT('',(4.383512457373,1.005639917035));
#706 = CARTESIAN_POINT('',(4.517467858623,1.000057610357));
#707 = CARTESIAN_POINT('',(4.654149658335,0.997126484777));
#708 = CARTESIAN_POINT('',(4.791436112146,0.997654696375));
#709 = CARTESIAN_POINT('',(4.92729504812,1.001308861305));
#710 = CARTESIAN_POINT('',(5.059312755325,1.007088160701));
#711 = CARTESIAN_POINT('',(5.34429225426,1.022576281362));
#712 = CARTESIAN_POINT('',(5.494148468728,1.033051908892));
#713 = CARTESIAN_POINT('',(5.636014550251,1.043501558085));
#714 = CARTESIAN_POINT('',(5.771645895049,1.052648142908));
#715 = CARTESIAN_POINT('',(5.902638868304,1.059840259872));
#716 = CARTESIAN_POINT('',(6.030459062618,1.064738295327));
#717 = CARTESIAN_POINT('',(6.156677740936,1.067197877274));
#718 = CARTESIAN_POINT('',(6.28318530718,1.067197877274));
#719 = ( GEOMETRIC_REPRESENTATION_CONTEXT(2) 
PARAMETRIC_REPRESENTATION_CONTEXT() REPRESENTATION_CONTEXT('2D SPACE',''
  ) );
#720 = FACE_BOUND('',#721,.F.);
#721 = EDGE_LOOP('',(#722,#757,#783,#816));
#722 = ORIENTED_EDGE('',*,*,#723,.T.);
#723 = EDGE_CURVE('',#724,#726,#728,.T.);
#724 = VERTEX_POINT('',#725);
#725 = CARTESIAN_POINT('',(32.366202047015,51.895693755609,23.5));
#726 = VERTEX_POINT('',#727);
#727 = CARTESIAN_POINT('',(36.650914503807,49.318633577303,23.5));
#728 = SURFACE_CURVE('',#729,(#734,#741),.PCURVE_S1.);
#729 = CIRCLE('',#730,67.);
#730 = AXIS2_PLACEMENT_3D('',#731,#732,#733);
#731 = CARTESIAN_POINT('',(0.,-6.768,23.5));
#732 = DIRECTION('',(0.,0.,-1.));
#733 = DIRECTION('',(1.,0.,0.));
#734 = PCURVE('',#33,#735);
#735 = DEFINITIONAL_REPRESENTATION('',(#736),#740);
#736 = LINE('',#737,#738);
#737 = CARTESIAN_POINT('',(-6.28318530718,-23.5));
#738 = VECTOR('',#739,1.);
#739 = DIRECTION('',(1.,-0.));
#740 = ( GEOMETRIC_REPRESENTATION_CONTEXT(2) 
PARAMETRIC_REPRESENTATION_CONTEXT() REPRESENTATION_CONTEXT('2D SPACE',''
  ) );
#741 = PCURVE('',#742,#747);
#742 = PLANE('',#743);
#743 = AXIS2_PLACEMENT_3D('',#744,#745,#746);
#744 = CARTESIAN_POINT('',(34.532606389296,50.647146921017,23.5));
#745 = DIRECTION('',(0.,0.,1.));
#746 = DIRECTION('',(1.,0.,-0.));
#747 = DEFINITIONAL_REPRESENTATION('',(#748),#756);
#748 = ( BOUNDED_CURVE() B_SPLINE_CURVE(2,(#749,#750,#751,#752,#753,#754
,#755),.UNSPECIFIED.,.T.,.F.) B_SPLINE_CURVE_WITH_KNOTS((1,2,2,2,2,1),(
    -2.094395102393,0.,2.094395102393,4.188790204786,6.28318530718,
8.377580409573),.UNSPECIFIED.) CURVE() GEOMETRIC_REPRESENTATION_ITEM() 
RATIONAL_B_SPLINE_CURVE((1.,0.5,1.,0.5,1.,0.5,1.)) REPRESENTATION_ITEM(
  '') );
#749 = CARTESIAN_POINT('',(32.467393610704,-57.41514692101));
#750 = CARTESIAN_POINT('',(32.467393610704,-173.4625510281));
#751 = CARTESIAN_POINT('',(-68.03260638929,-115.4388489745));
#752 = CARTESIAN_POINT('',(-168.5326063892,-57.41514692101));
#753 = CARTESIAN_POINT('',(-68.03260638929,0.608555132541));
#754 = CARTESIAN_POINT('',(32.467393610704,58.632257186098));
#755 = CARTESIAN_POINT('',(32.467393610704,-57.41514692101));
#756 = ( GEOMETRIC_REPRESENTATION_CONTEXT(2) 
PARAMETRIC_REPRESENTATION_CONTEXT() REPRESENTATION_CONTEXT('2D SPACE',''
  ) );
#757 = ORIENTED_EDGE('',*,*,#758,.T.);
#758 = EDGE_CURVE('',#726,#759,#761,.T.);
#759 = VERTEX_POINT('',#760);
#760 = CARTESIAN_POINT('',(36.650914503807,49.318633577303,1.5));
#761 = SURFACE_CURVE('',#762,(#766,#772),.PCURVE_S1.);
#762 = LINE('',#763,#764);
#763 = CARTESIAN_POINT('',(36.650914503807,49.318633577303,0.));
#764 = VECTOR('',#765,1.);
#765 = DIRECTION('',(-0.,-0.,-1.));
#766 = PCURVE('',#33,#767);
#767 = DEFINITIONAL_REPRESENTATION('',(#768),#771);
#768 = B_SPLINE_CURVE_WITH_KNOTS('',1,(#769,#770),.UNSPECIFIED.,.F.,.F.,
  (2,2),(-25.0000006,6.E-07),.PIECEWISE_BEZIER_KNOTS.);
#769 = CARTESIAN_POINT('',(-0.991985829564,-25.0000006));
#770 = CARTESIAN_POINT('',(-0.991985829564,6.E-07));
#771 = ( GEOMETRIC_REPRESENTATION_CONTEXT(2) 
PARAMETRIC_REPRESENTATION_CONTEXT() REPRESENTATION_CONTEXT('2D SPACE',''
  ) );
#772 = PCURVE('',#773,#778);
#773 = PLANE('',#774);
#774 = AXIS2_PLACEMENT_3D('',#775,#776,#777);
#775 = CARTESIAN_POINT('',(34.097902439387,45.073904375072,1.5));
#776 = DIRECTION('',(-0.856942491358,0.515412035661,0.));
#777 = DIRECTION('',(0.515412035661,0.856942491358,0.));
#778 = DEFINITIONAL_REPRESENTATION('',(#779),#782);
#779 = B_SPLINE_CURVE_WITH_KNOTS('',1,(#780,#781),.UNSPECIFIED.,.F.,.F.,
  (2,2),(-25.0000006,6.E-07),.PIECEWISE_BEZIER_KNOTS.);
#780 = CARTESIAN_POINT('',(4.953341962892,-23.5000006));
#781 = CARTESIAN_POINT('',(4.953341962892,1.5000006));
#782 = ( GEOMETRIC_REPRESENTATION_CONTEXT(2) 
PARAMETRIC_REPRESENTATION_CONTEXT() REPRESENTATION_CONTEXT('2D SPACE',''
  ) );
#783 = ORIENTED_EDGE('',*,*,#784,.F.);
#784 = EDGE_CURVE('',#785,#759,#787,.T.);
#785 = VERTEX_POINT('',#786);
#786 = CARTESIAN_POINT('',(32.366202047015,51.895693755609,1.5));
#787 = SURFACE_CURVE('',#788,(#793,#800),.PCURVE_S1.);
#788 = CIRCLE('',#789,67.);
#789 = AXIS2_PLACEMENT_3D('',#790,#791,#792);
#790 = CARTESIAN_POINT('',(0.,-6.768,1.5));
#791 = DIRECTION('',(0.,0.,-1.));
#792 = DIRECTION('',(1.,0.,0.));
#793 = PCURVE('',#33,#794);
#794 = DEFINITIONAL_REPRESENTATION('',(#795),#799);
#795 = LINE('',#796,#797);
#796 = CARTESIAN_POINT('',(-6.28318530718,-1.5));
#797 = VECTOR('',#798,1.);
#798 = DIRECTION('',(1.,-0.));
#799 = ( GEOMETRIC_REPRESENTATION_CONTEXT(2) 
PARAMETRIC_REPRESENTATION_CONTEXT() REPRESENTATION_CONTEXT('2D SPACE',''
  ) );
#800 = PCURVE('',#801,#806);
#801 = PLANE('',#802);
#802 = AXIS2_PLACEMENT_3D('',#803,#804,#805);
#803 = CARTESIAN_POINT('',(34.532606389296,50.647146921017,1.5));
#804 = DIRECTION('',(0.,0.,1.));
#805 = DIRECTION('',(1.,0.,-0.));
#806 = DEFINITIONAL_REPRESENTATION('',(#807),#815);
#807 = ( BOUNDED_CURVE() B_SPLINE_CURVE(2,(#808,#809,#810,#811,#812,#813
,#814),.UNSPECIFIED.,.T.,.F.) B_SPLINE_CURVE_WITH_KNOTS((1,2,2,2,2,1),(
    -2.094395102393,0.,2.094395102393,4.188790204786,6.28318530718,
8.377580409573),.UNSPECIFIED.) CURVE() GEOMETRIC_REPRESENTATION_ITEM() 
RATIONAL_B_SPLINE_CURVE((1.,0.5,1.,0.5,1.,0.5,1.)) REPRESENTATION_ITEM(
  '') );
#808 = CARTESIAN_POINT('',(32.467393610704,-57.41514692101));
#809 = CARTESIAN_POINT('',(32.467393610704,-173.4625510281));
#810 = CARTESIAN_POINT('',(-68.03260638929,-115.4388489745));
#811 = CARTESIAN_POINT('',(-168.5326063892,-57.41514692101));
#812 = CARTESIAN_POINT('',(-68.03260638929,0.608555132541));
#813 = CARTESIAN_POINT('',(32.467393610704,58.632257186098));
#814 = CARTESIAN_POINT('',(32.467393610704,-57.41514692101));
#815 = ( GEOMETRIC_REPRESENTATION_CONTEXT(2) 
PARAMETRIC_REPRESENTATION_CONTEXT() REPRESENTATION_CONTEXT('2D SPACE',''
  ) );
#816 = ORIENTED_EDGE('',*,*,#817,.F.);
#817 = EDGE_CURVE('',#724,#785,#818,.T.);
#818 = SURFACE_CURVE('',#819,(#823,#829),.PCURVE_S1.);
#819 = LINE('',#820,#821);
#820 = CARTESIAN_POINT('',(32.366202047015,51.895693755609,0.));
#821 = VECTOR('',#822,1.);
#822 = DIRECTION('',(-0.,-0.,-1.));
#823 = PCURVE('',#33,#824);
#824 = DEFINITIONAL_REPRESENTATION('',(#825),#828);
#825 = B_SPLINE_CURVE_WITH_KNOTS('',1,(#826,#827),.UNSPECIFIED.,.F.,.F.,
  (2,2),(-25.0000006,6.E-07),.PIECEWISE_BEZIER_KNOTS.);
#826 = CARTESIAN_POINT('',(-1.066630023163,-25.0000006));
#827 = CARTESIAN_POINT('',(-1.066630023163,6.E-07));
#828 = ( GEOMETRIC_REPRESENTATION_CONTEXT(2) 
PARAMETRIC_REPRESENTATION_CONTEXT() REPRESENTATION_CONTEXT('2D SPACE',''
  ) );
#829 = PCURVE('',#830,#835);
#830 = PLANE('',#831);
#831 = AXIS2_PLACEMENT_3D('',#832,#833,#834);
#832 = CARTESIAN_POINT('',(34.967310339206,56.220389466962,1.5));
#833 = DIRECTION('',(0.856942491358,-0.515412035661,0.));
#834 = DIRECTION('',(-0.515412035661,-0.856942491358,0.));
#835 = DEFINITIONAL_REPRESENTATION('',(#836),#839);
#836 = B_SPLINE_CURVE_WITH_KNOTS('',1,(#837,#838),.UNSPECIFIED.,.F.,.F.,
  (2,2),(-25.0000006,6.E-07),.PIECEWISE_BEZIER_KNOTS.);
#837 = CARTESIAN_POINT('',(5.046658037108,-23.5000006));
#838 = CARTESIAN_POINT('',(5.046658037108,1.5000006));
#839 = ( GEOMETRIC_REPRESENTATION_CONTEXT(2) 
PARAMETRIC_REPRESENTATION_CONTEXT() REPRESENTATION_CONTEXT('2D SPACE',''
  ) );
#840 = FACE_BOUND('',#841,.F.);
#841 = EDGE_LOOP('',(#842,#877,#903,#936));
#842 = ORIENTED_EDGE('',*,*,#843,.T.);
#843 = EDGE_CURVE('',#844,#846,#848,.T.);
#844 = VERTEX_POINT('',#845);
#845 = CARTESIAN_POINT('',(18.103887516343,57.739745711624,23.5));
#846 = VERTEX_POINT('',#847);
#847 = CARTESIAN_POINT('',(22.864134162695,56.210022904743,23.5));
#848 = SURFACE_CURVE('',#849,(#854,#861),.PCURVE_S1.);
#849 = CIRCLE('',#850,67.);
#850 = AXIS2_PLACEMENT_3D('',#851,#852,#853);
#851 = CARTESIAN_POINT('',(0.,-6.768,23.5));
#852 = DIRECTION('',(0.,0.,-1.));
#853 = DIRECTION('',(1.,0.,0.));
#854 = PCURVE('',#33,#855);
#855 = DEFINITIONAL_REPRESENTATION('',(#856),#860);
#856 = LINE('',#857,#858);
#857 = CARTESIAN_POINT('',(-6.28318530718,-23.5));
#858 = VECTOR('',#859,1.);
#859 = DIRECTION('',(1.,-0.));
#860 = ( GEOMETRIC_REPRESENTATION_CONTEXT(2) 
PARAMETRIC_REPRESENTATION_CONTEXT() REPRESENTATION_CONTEXT('2D SPACE',''
  ) );
#861 = PCURVE('',#862,#867);
#862 = PLANE('',#863);
#863 = AXIS2_PLACEMENT_3D('',#864,#865,#866);
#864 = CARTESIAN_POINT('',(34.532606389296,50.647146921017,23.5));
#865 = DIRECTION('',(0.,0.,1.));
#866 = DIRECTION('',(1.,0.,-0.));
#867 = DEFINITIONAL_REPRESENTATION('',(#868),#876);
#868 = ( BOUNDED_CURVE() B_SPLINE_CURVE(2,(#869,#870,#871,#872,#873,#874
,#875),.UNSPECIFIED.,.T.,.F.) B_SPLINE_CURVE_WITH_KNOTS((1,2,2,2,2,1),(
    -2.094395102393,0.,2.094395102393,4.188790204786,6.28318530718,
8.377580409573),.UNSPECIFIED.) CURVE() GEOMETRIC_REPRESENTATION_ITEM() 
RATIONAL_B_SPLINE_CURVE((1.,0.5,1.,0.5,1.,0.5,1.)) REPRESENTATION_ITEM(
  '') );
#869 = CARTESIAN_POINT('',(32.467393610704,-57.41514692101));
#870 = CARTESIAN_POINT('',(32.467393610704,-173.4625510281));
#871 = CARTESIAN_POINT('',(-68.03260638929,-115.4388489745));
#872 = CARTESIAN_POINT('',(-168.5326063892,-57.41514692101));
#873 = CARTESIAN_POINT('',(-68.03260638929,0.608555132541));
#874 = CARTESIAN_POINT('',(32.467393610704,58.632257186098));
#875 = CARTESIAN_POINT('',(32.467393610704,-57.41514692101));
#876 = ( GEOMETRIC_REPRESENTATION_CONTEXT(2) 
PARAMETRIC_REPRESENTATION_CONTEXT() REPRESENTATION_CONTEXT('2D SPACE',''
  ) );
#877 = ORIENTED_EDGE('',*,*,#878,.T.);
#878 = EDGE_CURVE('',#846,#879,#881,.T.);
#879 = VERTEX_POINT('',#880);
#880 = CARTESIAN_POINT('',(22.864134162695,56.210022904743,1.5));
#881 = SURFACE_CURVE('',#882,(#886,#892),.PCURVE_S1.);
#882 = LINE('',#883,#884);
#883 = CARTESIAN_POINT('',(22.864134162695,56.210022904743,0.));
#884 = VECTOR('',#885,1.);
#885 = DIRECTION('',(-0.,-0.,-1.));
#886 = PCURVE('',#33,#887);
#887 = DEFINITIONAL_REPRESENTATION('',(#888),#891);
#888 = B_SPLINE_CURVE_WITH_KNOTS('',1,(#889,#890),.UNSPECIFIED.,.F.,.F.,
  (2,2),(-25.0000006,6.E-07),.PIECEWISE_BEZIER_KNOTS.);
#889 = CARTESIAN_POINT('',(-1.222543823753,-25.0000006));
#890 = CARTESIAN_POINT('',(-1.222543823753,6.E-07));
#891 = ( GEOMETRIC_REPRESENTATION_CONTEXT(2) 
PARAMETRIC_REPRESENTATION_CONTEXT() REPRESENTATION_CONTEXT('2D SPACE',''
  ) );
#892 = PCURVE('',#893,#898);
#893 = PLANE('',#894);
#894 = AXIS2_PLACEMENT_3D('',#895,#896,#897);
#895 = CARTESIAN_POINT('',(21.348686128511,51.494197011324,1.5));
#896 = DIRECTION('',(-0.95204932927,0.305944561376,0.));
#897 = DIRECTION('',(0.305944561376,0.95204932927,0.));
#898 = DEFINITIONAL_REPRESENTATION('',(#899),#902);
#899 = B_SPLINE_CURVE_WITH_KNOTS('',1,(#900,#901),.UNSPECIFIED.,.F.,.F.,
  (2,2),(-25.0000006,6.E-07),.PIECEWISE_BEZIER_KNOTS.);
#900 = CARTESIAN_POINT('',(4.953341962892,-23.5000006));
#901 = CARTESIAN_POINT('',(4.953341962892,1.5000006));
#902 = ( GEOMETRIC_REPRESENTATION_CONTEXT(2) 
PARAMETRIC_REPRESENTATION_CONTEXT() REPRESENTATION_CONTEXT('2D SPACE',''
  ) );
#903 = ORIENTED_EDGE('',*,*,#904,.F.);
#904 = EDGE_CURVE('',#905,#879,#907,.T.);
#905 = VERTEX_POINT('',#906);
#906 = CARTESIAN_POINT('',(18.103887516343,57.739745711624,1.5));
#907 = SURFACE_CURVE('',#908,(#913,#920),.PCURVE_S1.);
#908 = CIRCLE('',#909,67.);
#909 = AXIS2_PLACEMENT_3D('',#910,#911,#912);
#910 = CARTESIAN_POINT('',(0.,-6.768,1.5));
#911 = DIRECTION('',(0.,0.,-1.));
#912 = DIRECTION('',(1.,0.,0.));
#913 = PCURVE('',#33,#914);
#914 = DEFINITIONAL_REPRESENTATION('',(#915),#919);
#915 = LINE('',#916,#917);
#916 = CARTESIAN_POINT('',(-6.28318530718,-1.5));
#917 = VECTOR('',#918,1.);
#918 = DIRECTION('',(1.,-0.));
#919 = ( GEOMETRIC_REPRESENTATION_CONTEXT(2) 
PARAMETRIC_REPRESENTATION_CONTEXT() REPRESENTATION_CONTEXT('2D SPACE',''
  ) );
#920 = PCURVE('',#921,#926);
#921 = PLANE('',#922);
#922 = AXIS2_PLACEMENT_3D('',#923,#924,#925);
#923 = CARTESIAN_POINT('',(34.532606389296,50.647146921017,1.5));
#924 = DIRECTION('',(0.,0.,1.));
#925 = DIRECTION('',(1.,0.,-0.));
#926 = DEFINITIONAL_REPRESENTATION('',(#927),#935);
#927 = ( BOUNDED_CURVE() B_SPLINE_CURVE(2,(#928,#929,#930,#931,#932,#933
,#934),.UNSPECIFIED.,.T.,.F.) B_SPLINE_CURVE_WITH_KNOTS((1,2,2,2,2,1),(
    -2.094395102393,0.,2.094395102393,4.188790204786,6.28318530718,
8.377580409573),.UNSPECIFIED.) CURVE() GEOMETRIC_REPRESENTATION_ITEM() 
RATIONAL_B_SPLINE_CURVE((1.,0.5,1.,0.5,1.,0.5,1.)) REPRESENTATION_ITEM(
  '') );
#928 = CARTESIAN_POINT('',(32.467393610704,-57.41514692101));
#929 = CARTESIAN_POINT('',(32.467393610704,-173.4625510281));
#930 = CARTESIAN_POINT('',(-68.03260638929,-115.4388489745));
#931 = CARTESIAN_POINT('',(-168.5326063892,-57.41514692101));
#932 = CARTESIAN_POINT('',(-68.03260638929,0.608555132541));
#933 = CARTESIAN_POINT('',(32.467393610704,58.632257186098));
#934 = CARTESIAN_POINT('',(32.467393610704,-57.41514692101));
#935 = ( GEOMETRIC_REPRESENTATION_CONTEXT(2) 
PARAMETRIC_REPRESENTATION_CONTEXT() REPRESENTATION_CONTEXT('2D SPACE',''
  ) );
#936 = ORIENTED_EDGE('',*,*,#937,.F.);
#937 = EDGE_CURVE('',#844,#905,#938,.T.);
#938 = SURFACE_CURVE('',#939,(#943,#949),.PCURVE_S1.);
#939 = LINE('',#940,#941);
#940 = CARTESIAN_POINT('',(18.103887516343,57.739745711624,0.));
#941 = VECTOR('',#942,1.);
#942 = DIRECTION('',(-0.,-0.,-1.));
#943 = PCURVE('',#33,#944);
#944 = DEFINITIONAL_REPRESENTATION('',(#945),#948);
#945 = B_SPLINE_CURVE_WITH_KNOTS('',1,(#946,#947),.UNSPECIFIED.,.F.,.F.,
  (2,2),(-25.0000006,6.E-07),.PIECEWISE_BEZIER_KNOTS.);
#946 = CARTESIAN_POINT('',(-1.297188017351,-25.0000006));
#947 = CARTESIAN_POINT('',(-1.297188017351,6.E-07));
#948 = ( GEOMETRIC_REPRESENTATION_CONTEXT(2) 
PARAMETRIC_REPRESENTATION_CONTEXT() REPRESENTATION_CONTEXT('2D SPACE',''
  ) );
#949 = PCURVE('',#950,#955);
#950 = PLANE('',#951);
#951 = AXIS2_PLACEMENT_3D('',#952,#953,#954);
#952 = CARTESIAN_POINT('',(19.647885095923,62.54441311091,1.5));
#953 = DIRECTION('',(0.95204932927,-0.305944561376,0.));
#954 = DIRECTION('',(-0.305944561376,-0.95204932927,0.));
#955 = DEFINITIONAL_REPRESENTATION('',(#956),#959);
#956 = B_SPLINE_CURVE_WITH_KNOTS('',1,(#957,#958),.UNSPECIFIED.,.F.,.F.,
  (2,2),(-25.0000006,6.E-07),.PIECEWISE_BEZIER_KNOTS.);
#957 = CARTESIAN_POINT('',(5.046658037108,-23.5000006));
#958 = CARTESIAN_POINT('',(5.046658037108,1.5000006));
#959 = ( GEOMETRIC_REPRESENTATION_CONTEXT(2) 
PARAMETRIC_REPRESENTATION_CONTEXT() REPRESENTATION_CONTEXT('2D SPACE',''
  ) );
#960 = FACE_BOUND('',#961,.F.);
#961 = EDGE_LOOP('',(#962,#997,#1023,#1056));
#962 = ORIENTED_EDGE('',*,*,#963,.T.);
#963 = EDGE_CURVE('',#964,#966,#968,.T.);
#964 = VERTEX_POINT('',#965);
#965 = CARTESIAN_POINT('',(2.883480256236,60.169923045251,23.5));
#966 = VERTEX_POINT('',#967);
#967 = CARTESIAN_POINT('',(7.867339636157,59.7684934983,23.5));
#968 = SURFACE_CURVE('',#969,(#974,#981),.PCURVE_S1.);
#969 = CIRCLE('',#970,67.);
#970 = AXIS2_PLACEMENT_3D('',#971,#972,#973);
#971 = CARTESIAN_POINT('',(0.,-6.768,23.5));
#972 = DIRECTION('',(0.,0.,-1.));
#973 = DIRECTION('',(1.,0.,0.));
#974 = PCURVE('',#33,#975);
#975 = DEFINITIONAL_REPRESENTATION('',(#976),#980);
#976 = LINE('',#977,#978);
#977 = CARTESIAN_POINT('',(-6.28318530718,-23.5));
#978 = VECTOR('',#979,1.);
#979 = DIRECTION('',(1.,-0.));
#980 = ( GEOMETRIC_REPRESENTATION_CONTEXT(2) 
PARAMETRIC_REPRESENTATION_CONTEXT() REPRESENTATION_CONTEXT('2D SPACE',''
  ) );
#981 = PCURVE('',#982,#987);
#982 = PLANE('',#983);
#983 = AXIS2_PLACEMENT_3D('',#984,#985,#986);
#984 = CARTESIAN_POINT('',(34.532606389296,50.647146921017,23.5));
#985 = DIRECTION('',(0.,0.,1.));
#986 = DIRECTION('',(1.,0.,-0.));
#987 = DEFINITIONAL_REPRESENTATION('',(#988),#996);
#988 = ( BOUNDED_CURVE() B_SPLINE_CURVE(2,(#989,#990,#991,#992,#993,#994
,#995),.UNSPECIFIED.,.T.,.F.) B_SPLINE_CURVE_WITH_KNOTS((1,2,2,2,2,1),(
    -2.094395102393,0.,2.094395102393,4.188790204786,6.28318530718,
8.377580409573),.UNSPECIFIED.) CURVE() GEOMETRIC_REPRESENTATION_ITEM() 
RATIONAL_B_SPLINE_CURVE((1.,0.5,1.,0.5,1.,0.5,1.)) REPRESENTATION_ITEM(
  '') );
#989 = CARTESIAN_POINT('',(32.467393610704,-57.41514692101));
#990 = CARTESIAN_POINT('',(32.467393610704,-173.4625510281));
#991 = CARTESIAN_POINT('',(-68.03260638929,-115.4388489745));
#992 = CARTESIAN_POINT('',(-168.5326063892,-57.41514692101));
#993 = CARTESIAN_POINT('',(-68.03260638929,0.608555132541));
#994 = CARTESIAN_POINT('',(32.467393610704,58.632257186098));
#995 = CARTESIAN_POINT('',(32.467393610704,-57.41514692101));
#996 = ( GEOMETRIC_REPRESENTATION_CONTEXT(2) 
PARAMETRIC_REPRESENTATION_CONTEXT() REPRESENTATION_CONTEXT('2D SPACE',''
  ) );
#997 = ORIENTED_EDGE('',*,*,#998,.T.);
#998 = EDGE_CURVE('',#966,#999,#1001,.T.);
#999 = VERTEX_POINT('',#1000);
#1000 = CARTESIAN_POINT('',(7.867339636157,59.7684934983,1.5));
#1001 = SURFACE_CURVE('',#1002,(#1006,#1012),.PCURVE_S1.);
#1002 = LINE('',#1003,#1004);
#1003 = CARTESIAN_POINT('',(7.867339636157,59.7684934983,0.));
#1004 = VECTOR('',#1005,1.);
#1005 = DIRECTION('',(-0.,-0.,-1.));
#1006 = PCURVE('',#33,#1007);
#1007 = DEFINITIONAL_REPRESENTATION('',(#1008),#1011);
#1008 = B_SPLINE_CURVE_WITH_KNOTS('',1,(#1009,#1010),.UNSPECIFIED.,.F.,
  .F.,(2,2),(-25.0000006,6.E-07),.PIECEWISE_BEZIER_KNOTS.);
#1009 = CARTESIAN_POINT('',(-1.453101817941,-25.0000006));
#1010 = CARTESIAN_POINT('',(-1.453101817941,6.E-07));
#1011 = ( GEOMETRIC_REPRESENTATION_CONTEXT(2) 
PARAMETRIC_REPRESENTATION_CONTEXT() REPRESENTATION_CONTEXT('2D SPACE',''
  ) );
#1012 = PCURVE('',#1013,#1018);
#1013 = PLANE('',#1014);
#1014 = AXIS2_PLACEMENT_3D('',#1015,#1016,#1017);
#1015 = CARTESIAN_POINT('',(7.469656072147,54.831141537556,1.5));
#1016 = DIRECTION('',(-0.996771875984,8.028590939009E-02,0.));
#1017 = DIRECTION('',(8.028590939009E-02,0.996771875984,0.));
#1018 = DEFINITIONAL_REPRESENTATION('',(#1019),#1022);
#1019 = B_SPLINE_CURVE_WITH_KNOTS('',1,(#1020,#1021),.UNSPECIFIED.,.F.,
  .F.,(2,2),(-25.0000006,6.E-07),.PIECEWISE_BEZIER_KNOTS.);
#1020 = CARTESIAN_POINT('',(4.953341962892,-23.5000006));
#1021 = CARTESIAN_POINT('',(4.953341962892,1.5000006));
#1022 = ( GEOMETRIC_REPRESENTATION_CONTEXT(2) 
PARAMETRIC_REPRESENTATION_CONTEXT() REPRESENTATION_CONTEXT('2D SPACE',''
  ) );
#1023 = ORIENTED_EDGE('',*,*,#1024,.F.);
#1024 = EDGE_CURVE('',#1025,#999,#1027,.T.);
#1025 = VERTEX_POINT('',#1026);
#1026 = CARTESIAN_POINT('',(2.883480256236,60.169923045251,1.5));
#1027 = SURFACE_CURVE('',#1028,(#1033,#1040),.PCURVE_S1.);
#1028 = CIRCLE('',#1029,67.);
#1029 = AXIS2_PLACEMENT_3D('',#1030,#1031,#1032);
#1030 = CARTESIAN_POINT('',(0.,-6.768,1.5));
#1031 = DIRECTION('',(0.,0.,-1.));
#1032 = DIRECTION('',(1.,0.,0.));
#1033 = PCURVE('',#33,#1034);
#1034 = DEFINITIONAL_REPRESENTATION('',(#1035),#1039);
#1035 = LINE('',#1036,#1037);
#1036 = CARTESIAN_POINT('',(-6.28318530718,-1.5));
#1037 = VECTOR('',#1038,1.);
#1038 = DIRECTION('',(1.,-0.));
#1039 = ( GEOMETRIC_REPRESENTATION_CONTEXT(2) 
PARAMETRIC_REPRESENTATION_CONTEXT() REPRESENTATION_CONTEXT('2D SPACE',''
  ) );
#1040 = PCURVE('',#1041,#1046);
#1041 = PLANE('',#1042);
#1042 = AXIS2_PLACEMENT_3D('',#1043,#1044,#1045);
#1043 = CARTESIAN_POINT('',(34.532606389296,50.647146921017,1.5));
#1044 = DIRECTION('',(0.,0.,1.));
#1045 = DIRECTION('',(1.,0.,-0.));
#1046 = DEFINITIONAL_REPRESENTATION('',(#1047),#1055);
#1047 = ( BOUNDED_CURVE() B_SPLINE_CURVE(2,(#1048,#1049,#1050,#1051,
#1052,#1053,#1054),.UNSPECIFIED.,.T.,.F.) B_SPLINE_CURVE_WITH_KNOTS((1,2
    ,2,2,2,1),(-2.094395102393,0.,2.094395102393,4.188790204786,
6.28318530718,8.377580409573),.UNSPECIFIED.) CURVE() 
GEOMETRIC_REPRESENTATION_ITEM() RATIONAL_B_SPLINE_CURVE((1.,0.5,1.,0.5,
1.,0.5,1.)) REPRESENTATION_ITEM('') );
#1048 = CARTESIAN_POINT('',(32.467393610704,-57.41514692101));
#1049 = CARTESIAN_POINT('',(32.467393610704,-173.4625510281));
#1050 = CARTESIAN_POINT('',(-68.03260638929,-115.4388489745));
#1051 = CARTESIAN_POINT('',(-168.5326063892,-57.41514692101));
#1052 = CARTESIAN_POINT('',(-68.03260638929,0.608555132541));
#1053 = CARTESIAN_POINT('',(32.467393610704,58.632257186098));
#1054 = CARTESIAN_POINT('',(32.467393610704,-57.41514692101));
#1055 = ( GEOMETRIC_REPRESENTATION_CONTEXT(2) 
PARAMETRIC_REPRESENTATION_CONTEXT() REPRESENTATION_CONTEXT('2D SPACE',''
  ) );
#1056 = ORIENTED_EDGE('',*,*,#1057,.F.);
#1057 = EDGE_CURVE('',#964,#1025,#1058,.T.);
#1058 = SURFACE_CURVE('',#1059,(#1063,#1069),.PCURVE_S1.);
#1059 = LINE('',#1060,#1061);
#1060 = CARTESIAN_POINT('',(2.883480256236,60.169923045251,0.));
#1061 = VECTOR('',#1062,1.);
#1062 = DIRECTION('',(-0.,-0.,-1.));
#1063 = PCURVE('',#33,#1064);
#1064 = DEFINITIONAL_REPRESENTATION('',(#1065),#1068);
#1065 = B_SPLINE_CURVE_WITH_KNOTS('',1,(#1066,#1067),.UNSPECIFIED.,.F.,
  .F.,(2,2),(-25.0000006,6.E-07),.PIECEWISE_BEZIER_KNOTS.);
#1066 = CARTESIAN_POINT('',(-1.52774601154,-25.0000006));
#1067 = CARTESIAN_POINT('',(-1.52774601154,6.E-07));
#1068 = ( GEOMETRIC_REPRESENTATION_CONTEXT(2) 
PARAMETRIC_REPRESENTATION_CONTEXT() REPRESENTATION_CONTEXT('2D SPACE',''
  ) );
#1069 = PCURVE('',#1070,#1075);
#1070 = PLANE('',#1071);
#1071 = AXIS2_PLACEMENT_3D('',#1072,#1073,#1074);
#1072 = CARTESIAN_POINT('',(3.288655786126,65.20028984435,1.5));
#1073 = DIRECTION('',(0.996771875984,-8.028590939009E-02,0.));
#1074 = DIRECTION('',(-8.028590939009E-02,-0.996771875984,0.));
#1075 = DEFINITIONAL_REPRESENTATION('',(#1076),#1079);
#1076 = B_SPLINE_CURVE_WITH_KNOTS('',1,(#1077,#1078),.UNSPECIFIED.,.F.,
  .F.,(2,2),(-25.0000006,6.E-07),.PIECEWISE_BEZIER_KNOTS.);
#1077 = CARTESIAN_POINT('',(5.046658037108,-23.5000006));
#1078 = CARTESIAN_POINT('',(5.046658037108,1.5000006));
#1079 = ( GEOMETRIC_REPRESENTATION_CONTEXT(2) 
PARAMETRIC_REPRESENTATION_CONTEXT() REPRESENTATION_CONTEXT('2D SPACE',''
  ) );
#1080 = FACE_BOUND('',#1081,.F.);
#1081 = EDGE_LOOP('',(#1082,#1117,#1143,#1176));
#1082 = ORIENTED_EDGE('',*,*,#1083,.T.);
#1083 = EDGE_CURVE('',#1084,#1086,#1088,.T.);
#1084 = VERTEX_POINT('',#1085);
#1085 = CARTESIAN_POINT('',(-12.48952635395,59.057616073485,23.5));
#1086 = VERTEX_POINT('',#1087);
#1087 = CARTESIAN_POINT('',(-7.545809714647,59.805724214215,23.5));
#1088 = SURFACE_CURVE('',#1089,(#1094,#1101),.PCURVE_S1.);
#1089 = CIRCLE('',#1090,67.);
#1090 = AXIS2_PLACEMENT_3D('',#1091,#1092,#1093);
#1091 = CARTESIAN_POINT('',(0.,-6.768,23.5));
#1092 = DIRECTION('',(0.,0.,-1.));
#1093 = DIRECTION('',(1.,0.,0.));
#1094 = PCURVE('',#33,#1095);
#1095 = DEFINITIONAL_REPRESENTATION('',(#1096),#1100);
#1096 = LINE('',#1097,#1098);
#1097 = CARTESIAN_POINT('',(-6.28318530718,-23.5));
#1098 = VECTOR('',#1099,1.);
#1099 = DIRECTION('',(1.,-0.));
#1100 = ( GEOMETRIC_REPRESENTATION_CONTEXT(2) 
PARAMETRIC_REPRESENTATION_CONTEXT() REPRESENTATION_CONTEXT('2D SPACE',''
  ) );
#1101 = PCURVE('',#1102,#1107);
#1102 = PLANE('',#1103);
#1103 = AXIS2_PLACEMENT_3D('',#1104,#1105,#1106);
#1104 = CARTESIAN_POINT('',(34.532606389296,50.647146921017,23.5));
#1105 = DIRECTION('',(0.,0.,1.));
#1106 = DIRECTION('',(1.,0.,-0.));
#1107 = DEFINITIONAL_REPRESENTATION('',(#1108),#1116);
#1108 = ( BOUNDED_CURVE() B_SPLINE_CURVE(2,(#1109,#1110,#1111,#1112,
#1113,#1114,#1115),.UNSPECIFIED.,.T.,.F.) B_SPLINE_CURVE_WITH_KNOTS((1,2
    ,2,2,2,1),(-2.094395102393,0.,2.094395102393,4.188790204786,
6.28318530718,8.377580409573),.UNSPECIFIED.) CURVE() 
GEOMETRIC_REPRESENTATION_ITEM() RATIONAL_B_SPLINE_CURVE((1.,0.5,1.,0.5,
1.,0.5,1.)) REPRESENTATION_ITEM('') );
#1109 = CARTESIAN_POINT('',(32.467393610704,-57.41514692101));
#1110 = CARTESIAN_POINT('',(32.467393610704,-173.4625510281));
#1111 = CARTESIAN_POINT('',(-68.03260638929,-115.4388489745));
#1112 = CARTESIAN_POINT('',(-168.5326063892,-57.41514692101));
#1113 = CARTESIAN_POINT('',(-68.03260638929,0.608555132541));
#1114 = CARTESIAN_POINT('',(32.467393610704,58.632257186098));
#1115 = CARTESIAN_POINT('',(32.467393610704,-57.41514692101));
#1116 = ( GEOMETRIC_REPRESENTATION_CONTEXT(2) 
PARAMETRIC_REPRESENTATION_CONTEXT() REPRESENTATION_CONTEXT('2D SPACE',''
  ) );
#1117 = ORIENTED_EDGE('',*,*,#1118,.T.);
#1118 = EDGE_CURVE('',#1086,#1119,#1121,.T.);
#1119 = VERTEX_POINT('',#1120);
#1120 = CARTESIAN_POINT('',(-7.545809714647,59.805724214215,1.5));
#1121 = SURFACE_CURVE('',#1122,(#1126,#1132),.PCURVE_S1.);
#1122 = LINE('',#1123,#1124);
#1123 = CARTESIAN_POINT('',(-7.545809714647,59.805724214215,0.));
#1124 = VECTOR('',#1125,1.);
#1125 = DIRECTION('',(-0.,-0.,-1.));
#1126 = PCURVE('',#33,#1127);
#1127 = DEFINITIONAL_REPRESENTATION('',(#1128),#1131);
#1128 = B_SPLINE_CURVE_WITH_KNOTS('',1,(#1129,#1130),.UNSPECIFIED.,.F.,
  .F.,(2,2),(-25.0000006,6.E-07),.PIECEWISE_BEZIER_KNOTS.);
#1129 = CARTESIAN_POINT('',(-1.68365981213,-25.0000006));
#1130 = CARTESIAN_POINT('',(-1.68365981213,6.E-07));
#1131 = ( GEOMETRIC_REPRESENTATION_CONTEXT(2) 
PARAMETRIC_REPRESENTATION_CONTEXT() REPRESENTATION_CONTEXT('2D SPACE',''
  ) );
#1132 = PCURVE('',#1133,#1138);
#1133 = PLANE('',#1134);
#1134 = AXIS2_PLACEMENT_3D('',#1135,#1136,#1137);
#1135 = CARTESIAN_POINT('',(-6.804682625395,54.908140397788,1.5));
#1136 = DIRECTION('',(-0.988743327862,-0.149621628146,0.));
#1137 = DIRECTION('',(-0.149621628146,0.988743327862,0.));
#1138 = DEFINITIONAL_REPRESENTATION('',(#1139),#1142);
#1139 = B_SPLINE_CURVE_WITH_KNOTS('',1,(#1140,#1141),.UNSPECIFIED.,.F.,
  .F.,(2,2),(-25.0000006,6.E-07),.PIECEWISE_BEZIER_KNOTS.);
#1140 = CARTESIAN_POINT('',(4.953341962892,-23.5000006));
#1141 = CARTESIAN_POINT('',(4.953341962892,1.5000006));
#1142 = ( GEOMETRIC_REPRESENTATION_CONTEXT(2) 
PARAMETRIC_REPRESENTATION_CONTEXT() REPRESENTATION_CONTEXT('2D SPACE',''
  ) );
#1143 = ORIENTED_EDGE('',*,*,#1144,.F.);
#1144 = EDGE_CURVE('',#1145,#1119,#1147,.T.);
#1145 = VERTEX_POINT('',#1146);
#1146 = CARTESIAN_POINT('',(-12.48952635395,59.057616073485,1.5));
#1147 = SURFACE_CURVE('',#1148,(#1153,#1160),.PCURVE_S1.);
#1148 = CIRCLE('',#1149,67.);
#1149 = AXIS2_PLACEMENT_3D('',#1150,#1151,#1152);
#1150 = CARTESIAN_POINT('',(0.,-6.768,1.5));
#1151 = DIRECTION('',(0.,0.,-1.));
#1152 = DIRECTION('',(1.,0.,0.));
#1153 = PCURVE('',#33,#1154);
#1154 = DEFINITIONAL_REPRESENTATION('',(#1155),#1159);
#1155 = LINE('',#1156,#1157);
#1156 = CARTESIAN_POINT('',(-6.28318530718,-1.5));
#1157 = VECTOR('',#1158,1.);
#1158 = DIRECTION('',(1.,-0.));
#1159 = ( GEOMETRIC_REPRESENTATION_CONTEXT(2) 
PARAMETRIC_REPRESENTATION_CONTEXT() REPRESENTATION_CONTEXT('2D SPACE',''
  ) );
#1160 = PCURVE('',#1161,#1166);
#1161 = PLANE('',#1162);
#1162 = AXIS2_PLACEMENT_3D('',#1163,#1164,#1165);
#1163 = CARTESIAN_POINT('',(34.532606389296,50.647146921017,1.5));
#1164 = DIRECTION('',(0.,0.,1.));
#1165 = DIRECTION('',(1.,0.,-0.));
#1166 = DEFINITIONAL_REPRESENTATION('',(#1167),#1175);
#1167 = ( BOUNDED_CURVE() B_SPLINE_CURVE(2,(#1168,#1169,#1170,#1171,
#1172,#1173,#1174),.UNSPECIFIED.,.T.,.F.) B_SPLINE_CURVE_WITH_KNOTS((1,2
    ,2,2,2,1),(-2.094395102393,0.,2.094395102393,4.188790204786,
6.28318530718,8.377580409573),.UNSPECIFIED.) CURVE() 
GEOMETRIC_REPRESENTATION_ITEM() RATIONAL_B_SPLINE_CURVE((1.,0.5,1.,0.5,
1.,0.5,1.)) REPRESENTATION_ITEM('') );
#1168 = CARTESIAN_POINT('',(32.467393610704,-57.41514692101));
#1169 = CARTESIAN_POINT('',(32.467393610704,-173.4625510281));
#1170 = CARTESIAN_POINT('',(-68.03260638929,-115.4388489745));
#1171 = CARTESIAN_POINT('',(-168.5326063892,-57.41514692101));
#1172 = CARTESIAN_POINT('',(-68.03260638929,0.608555132541));
#1173 = CARTESIAN_POINT('',(32.467393610704,58.632257186098));
#1174 = CARTESIAN_POINT('',(32.467393610704,-57.41514692101));
#1175 = ( GEOMETRIC_REPRESENTATION_CONTEXT(2) 
PARAMETRIC_REPRESENTATION_CONTEXT() REPRESENTATION_CONTEXT('2D SPACE',''
  ) );
#1176 = ORIENTED_EDGE('',*,*,#1177,.F.);
#1177 = EDGE_CURVE('',#1084,#1145,#1178,.T.);
#1178 = SURFACE_CURVE('',#1179,(#1183,#1189),.PCURVE_S1.);
#1179 = LINE('',#1180,#1181);
#1180 = CARTESIAN_POINT('',(-12.48952635395,59.057616073485,0.));
#1181 = VECTOR('',#1182,1.);
#1182 = DIRECTION('',(-0.,-0.,-1.));
#1183 = PCURVE('',#33,#1184);
#1184 = DEFINITIONAL_REPRESENTATION('',(#1185),#1188);
#1185 = B_SPLINE_CURVE_WITH_KNOTS('',1,(#1186,#1187),.UNSPECIFIED.,.F.,
  .F.,(2,2),(-25.0000006,6.E-07),.PIECEWISE_BEZIER_KNOTS.);
#1186 = CARTESIAN_POINT('',(-1.758304005728,-25.0000006));
#1187 = CARTESIAN_POINT('',(-1.758304005728,6.E-07));
#1188 = ( GEOMETRIC_REPRESENTATION_CONTEXT(2) 
PARAMETRIC_REPRESENTATION_CONTEXT() REPRESENTATION_CONTEXT('2D SPACE',''
  ) );
#1189 = PCURVE('',#1190,#1195);
#1190 = PLANE('',#1191);
#1191 = AXIS2_PLACEMENT_3D('',#1192,#1193,#1194);
#1192 = CARTESIAN_POINT('',(-13.24461554616,64.047465535675,1.5));
#1193 = DIRECTION('',(0.988743327862,0.149621628146,-0.));
#1194 = DIRECTION('',(0.149621628146,-0.988743327862,0.));
#1195 = DEFINITIONAL_REPRESENTATION('',(#1196),#1199);
#1196 = B_SPLINE_CURVE_WITH_KNOTS('',1,(#1197,#1198),.UNSPECIFIED.,.F.,
  .F.,(2,2),(-25.0000006,6.E-07),.PIECEWISE_BEZIER_KNOTS.);
#1197 = CARTESIAN_POINT('',(5.046658037108,-23.5000006));
#1198 = CARTESIAN_POINT('',(5.046658037108,1.5000006));
#1199 = ( GEOMETRIC_REPRESENTATION_CONTEXT(2) 
PARAMETRIC_REPRESENTATION_CONTEXT() REPRESENTATION_CONTEXT('2D SPACE',''
  ) );
#1200 = FACE_BOUND('',#1201,.F.);
#1201 = EDGE_LOOP('',(#1202,#1237,#1263,#1296));
#1202 = ORIENTED_EDGE('',*,*,#1203,.T.);
#1203 = EDGE_CURVE('',#1204,#1206,#1208,.T.);
#1204 = VERTEX_POINT('',#1205);
#1205 = CARTESIAN_POINT('',(-27.20156308223,54.461690231809,23.5));
#1206 = VERTEX_POINT('',#1207);
#1207 = CARTESIAN_POINT('',(-22.55962022627,56.319744731018,23.5));
#1208 = SURFACE_CURVE('',#1209,(#1214,#1221),.PCURVE_S1.);
#1209 = CIRCLE('',#1210,67.);
#1210 = AXIS2_PLACEMENT_3D('',#1211,#1212,#1213);
#1211 = CARTESIAN_POINT('',(0.,-6.768,23.5));
#1212 = DIRECTION('',(0.,0.,-1.));
#1213 = DIRECTION('',(1.,0.,0.));
#1214 = PCURVE('',#33,#1215);
#1215 = DEFINITIONAL_REPRESENTATION('',(#1216),#1220);
#1216 = LINE('',#1217,#1218);
#1217 = CARTESIAN_POINT('',(-6.28318530718,-23.5));
#1218 = VECTOR('',#1219,1.);
#1219 = DIRECTION('',(1.,-0.));
#1220 = ( GEOMETRIC_REPRESENTATION_CONTEXT(2) 
PARAMETRIC_REPRESENTATION_CONTEXT() REPRESENTATION_CONTEXT('2D SPACE',''
  ) );
#1221 = PCURVE('',#1222,#1227);
#1222 = PLANE('',#1223);
#1223 = AXIS2_PLACEMENT_3D('',#1224,#1225,#1226);
#1224 = CARTESIAN_POINT('',(34.532606389296,50.647146921017,23.5));
#1225 = DIRECTION('',(0.,0.,1.));
#1226 = DIRECTION('',(1.,0.,-0.));
#1227 = DEFINITIONAL_REPRESENTATION('',(#1228),#1236);
#1228 = ( BOUNDED_CURVE() B_SPLINE_CURVE(2,(#1229,#1230,#1231,#1232,
#1233,#1234,#1235),.UNSPECIFIED.,.T.,.F.) B_SPLINE_CURVE_WITH_KNOTS((1,2
    ,2,2,2,1),(-2.094395102393,0.,2.094395102393,4.188790204786,
6.28318530718,8.377580409573),.UNSPECIFIED.) CURVE() 
GEOMETRIC_REPRESENTATION_ITEM() RATIONAL_B_SPLINE_CURVE((1.,0.5,1.,0.5,
1.,0.5,1.)) REPRESENTATION_ITEM('') );
#1229 = CARTESIAN_POINT('',(32.467393610704,-57.41514692101));
#1230 = CARTESIAN_POINT('',(32.467393610704,-173.4625510281));
#1231 = CARTESIAN_POINT('',(-68.03260638929,-115.4388489745));
#1232 = CARTESIAN_POINT('',(-168.5326063892,-57.41514692101));
#1233 = CARTESIAN_POINT('',(-68.03260638929,0.608555132541));
#1234 = CARTESIAN_POINT('',(32.467393610704,58.632257186098));
#1235 = CARTESIAN_POINT('',(32.467393610704,-57.41514692101));
#1236 = ( GEOMETRIC_REPRESENTATION_CONTEXT(2) 
PARAMETRIC_REPRESENTATION_CONTEXT() REPRESENTATION_CONTEXT('2D SPACE',''
  ) );
#1237 = ORIENTED_EDGE('',*,*,#1238,.T.);
#1238 = EDGE_CURVE('',#1206,#1239,#1241,.T.);
#1239 = VERTEX_POINT('',#1240);
#1240 = CARTESIAN_POINT('',(-22.55962022627,56.319744731018,1.5));
#1241 = SURFACE_CURVE('',#1242,(#1246,#1252),.PCURVE_S1.);
#1242 = LINE('',#1243,#1244);
#1243 = CARTESIAN_POINT('',(-22.55962022627,56.319744731018,0.));
#1244 = VECTOR('',#1245,1.);
#1245 = DIRECTION('',(-0.,-0.,-1.));
#1246 = PCURVE('',#33,#1247);
#1247 = DEFINITIONAL_REPRESENTATION('',(#1248),#1251);
#1248 = B_SPLINE_CURVE_WITH_KNOTS('',1,(#1249,#1250),.UNSPECIFIED.,.F.,
  .F.,(2,2),(-25.0000006,6.E-07),.PIECEWISE_BEZIER_KNOTS.);
#1249 = CARTESIAN_POINT('',(-1.914217806318,-25.0000006));
#1250 = CARTESIAN_POINT('',(-1.914217806318,6.E-07));
#1251 = ( GEOMETRIC_REPRESENTATION_CONTEXT(2) 
PARAMETRIC_REPRESENTATION_CONTEXT() REPRESENTATION_CONTEXT('2D SPACE',''
  ) );
#1252 = PCURVE('',#1253,#1258);
#1253 = PLANE('',#1254);
#1254 = AXIS2_PLACEMENT_3D('',#1255,#1256,#1257);
#1255 = CARTESIAN_POINT('',(-20.71890436222,51.721118663467,1.5));
#1256 = DIRECTION('',(-0.928388571191,-0.371610899842,0.));
#1257 = DIRECTION('',(-0.371610899842,0.928388571191,0.));
#1258 = DEFINITIONAL_REPRESENTATION('',(#1259),#1262);
#1259 = B_SPLINE_CURVE_WITH_KNOTS('',1,(#1260,#1261),.UNSPECIFIED.,.F.,
  .F.,(2,2),(-25.0000006,6.E-07),.PIECEWISE_BEZIER_KNOTS.);
#1260 = CARTESIAN_POINT('',(4.953341962892,-23.5000006));
#1261 = CARTESIAN_POINT('',(4.953341962892,1.5000006));
#1262 = ( GEOMETRIC_REPRESENTATION_CONTEXT(2) 
PARAMETRIC_REPRESENTATION_CONTEXT() REPRESENTATION_CONTEXT('2D SPACE',''
  ) );
#1263 = ORIENTED_EDGE('',*,*,#1264,.F.);
#1264 = EDGE_CURVE('',#1265,#1239,#1267,.T.);
#1265 = VERTEX_POINT('',#1266);
#1266 = CARTESIAN_POINT('',(-27.20156308223,54.461690231809,1.5));
#1267 = SURFACE_CURVE('',#1268,(#1273,#1280),.PCURVE_S1.);
#1268 = CIRCLE('',#1269,67.);
#1269 = AXIS2_PLACEMENT_3D('',#1270,#1271,#1272);
#1270 = CARTESIAN_POINT('',(0.,-6.768,1.5));
#1271 = DIRECTION('',(0.,0.,-1.));
#1272 = DIRECTION('',(1.,0.,0.));
#1273 = PCURVE('',#33,#1274);
#1274 = DEFINITIONAL_REPRESENTATION('',(#1275),#1279);
#1275 = LINE('',#1276,#1277);
#1276 = CARTESIAN_POINT('',(-6.28318530718,-1.5));
#1277 = VECTOR('',#1278,1.);
#1278 = DIRECTION('',(1.,-0.));
#1279 = ( GEOMETRIC_REPRESENTATION_CONTEXT(2) 
PARAMETRIC_REPRESENTATION_CONTEXT() REPRESENTATION_CONTEXT('2D SPACE',''
  ) );
#1280 = PCURVE('',#1281,#1286);
#1281 = PLANE('',#1282);
#1282 = AXIS2_PLACEMENT_3D('',#1283,#1284,#1285);
#1283 = CARTESIAN_POINT('',(34.532606389296,50.647146921017,1.5));
#1284 = DIRECTION('',(0.,0.,1.));
#1285 = DIRECTION('',(1.,0.,-0.));
#1286 = DEFINITIONAL_REPRESENTATION('',(#1287),#1295);
#1287 = ( BOUNDED_CURVE() B_SPLINE_CURVE(2,(#1288,#1289,#1290,#1291,
#1292,#1293,#1294),.UNSPECIFIED.,.T.,.F.) B_SPLINE_CURVE_WITH_KNOTS((1,2
    ,2,2,2,1),(-2.094395102393,0.,2.094395102393,4.188790204786,
6.28318530718,8.377580409573),.UNSPECIFIED.) CURVE() 
GEOMETRIC_REPRESENTATION_ITEM() RATIONAL_B_SPLINE_CURVE((1.,0.5,1.,0.5,
1.,0.5,1.)) REPRESENTATION_ITEM('') );
#1288 = CARTESIAN_POINT('',(32.467393610704,-57.41514692101));
#1289 = CARTESIAN_POINT('',(32.467393610704,-173.4625510281));
#1290 = CARTESIAN_POINT('',(-68.03260638929,-115.4388489745));
#1291 = CARTESIAN_POINT('',(-168.5326063892,-57.41514692101));
#1292 = CARTESIAN_POINT('',(-68.03260638929,0.608555132541));
#1293 = CARTESIAN_POINT('',(32.467393610704,58.632257186098));
#1294 = CARTESIAN_POINT('',(32.467393610704,-57.41514692101));
#1295 = ( GEOMETRIC_REPRESENTATION_CONTEXT(2) 
PARAMETRIC_REPRESENTATION_CONTEXT() REPRESENTATION_CONTEXT('2D SPACE',''
  ) );
#1296 = ORIENTED_EDGE('',*,*,#1297,.F.);
#1297 = EDGE_CURVE('',#1204,#1265,#1298,.T.);
#1298 = SURFACE_CURVE('',#1299,(#1303,#1309),.PCURVE_S1.);
#1299 = LINE('',#1300,#1301);
#1300 = CARTESIAN_POINT('',(-27.20156308223,54.461690231809,0.));
#1301 = VECTOR('',#1302,1.);
#1302 = DIRECTION('',(-0.,-0.,-1.));
#1303 = PCURVE('',#33,#1304);
#1304 = DEFINITIONAL_REPRESENTATION('',(#1305),#1308);
#1305 = B_SPLINE_CURVE_WITH_KNOTS('',1,(#1306,#1307),.UNSPECIFIED.,.F.,
  .F.,(2,2),(-25.0000006,6.E-07),.PIECEWISE_BEZIER_KNOTS.);
#1306 = CARTESIAN_POINT('',(-1.988861999917,-25.0000006));
#1307 = CARTESIAN_POINT('',(-1.988861999917,6.E-07));
#1308 = ( GEOMETRIC_REPRESENTATION_CONTEXT(2) 
PARAMETRIC_REPRESENTATION_CONTEXT() REPRESENTATION_CONTEXT('2D SPACE',''
  ) );
#1309 = PCURVE('',#1310,#1315);
#1310 = PLANE('',#1311);
#1311 = AXIS2_PLACEMENT_3D('',#1312,#1313,#1314);
#1312 = CARTESIAN_POINT('',(-29.07695621659,59.14694987617,1.5));
#1313 = DIRECTION('',(0.928388571191,0.371610899842,-0.));
#1314 = DIRECTION('',(0.371610899842,-0.928388571191,0.));
#1315 = DEFINITIONAL_REPRESENTATION('',(#1316),#1319);
#1316 = B_SPLINE_CURVE_WITH_KNOTS('',1,(#1317,#1318),.UNSPECIFIED.,.F.,
  .F.,(2,2),(-25.0000006,6.E-07),.PIECEWISE_BEZIER_KNOTS.);
#1317 = CARTESIAN_POINT('',(5.046658037108,-23.5000006));
#1318 = CARTESIAN_POINT('',(5.046658037108,1.5000006));
#1319 = ( GEOMETRIC_REPRESENTATION_CONTEXT(2) 
PARAMETRIC_REPRESENTATION_CONTEXT() REPRESENTATION_CONTEXT('2D SPACE',''
  ) );
#1320 = FACE_BOUND('',#1321,.F.);
#1321 = EDGE_LOOP('',(#1322,#1357,#1383,#1416));
#1322 = ORIENTED_EDGE('',*,*,#1323,.T.);
#1323 = EDGE_CURVE('',#1324,#1326,#1328,.T.);
#1324 = VERTEX_POINT('',#1325);
#1325 = CARTESIAN_POINT('',(-40.47404050067,46.62537080153,23.5));
#1326 = VERTEX_POINT('',#1327);
#1327 = CARTESIAN_POINT('',(-36.37953201874,49.495039822757,23.5));
#1328 = SURFACE_CURVE('',#1329,(#1334,#1341),.PCURVE_S1.);
#1329 = CIRCLE('',#1330,67.);
#1330 = AXIS2_PLACEMENT_3D('',#1331,#1332,#1333);
#1331 = CARTESIAN_POINT('',(0.,-6.768,23.5));
#1332 = DIRECTION('',(0.,0.,-1.));
#1333 = DIRECTION('',(1.,0.,0.));
#1334 = PCURVE('',#33,#1335);
#1335 = DEFINITIONAL_REPRESENTATION('',(#1336),#1340);
#1336 = LINE('',#1337,#1338);
#1337 = CARTESIAN_POINT('',(-6.28318530718,-23.5));
#1338 = VECTOR('',#1339,1.);
#1339 = DIRECTION('',(1.,-0.));
#1340 = ( GEOMETRIC_REPRESENTATION_CONTEXT(2) 
PARAMETRIC_REPRESENTATION_CONTEXT() REPRESENTATION_CONTEXT('2D SPACE',''
  ) );
#1341 = PCURVE('',#1342,#1347);
#1342 = PLANE('',#1343);
#1343 = AXIS2_PLACEMENT_3D('',#1344,#1345,#1346);
#1344 = CARTESIAN_POINT('',(34.532606389296,50.647146921017,23.5));
#1345 = DIRECTION('',(0.,0.,1.));
#1346 = DIRECTION('',(1.,0.,-0.));
#1347 = DEFINITIONAL_REPRESENTATION('',(#1348),#1356);
#1348 = ( BOUNDED_CURVE() B_SPLINE_CURVE(2,(#1349,#1350,#1351,#1352,
#1353,#1354,#1355),.UNSPECIFIED.,.T.,.F.) B_SPLINE_CURVE_WITH_KNOTS((1,2
    ,2,2,2,1),(-2.094395102393,0.,2.094395102393,4.188790204786,
6.28318530718,8.377580409573),.UNSPECIFIED.) CURVE() 
GEOMETRIC_REPRESENTATION_ITEM() RATIONAL_B_SPLINE_CURVE((1.,0.5,1.,0.5,
1.,0.5,1.)) REPRESENTATION_ITEM('') );
#1349 = CARTESIAN_POINT('',(32.467393610704,-57.41514692101));
#1350 = CARTESIAN_POINT('',(32.467393610704,-173.4625510281));
#1351 = CARTESIAN_POINT('',(-68.03260638929,-115.4388489745));
#1352 = CARTESIAN_POINT('',(-168.5326063892,-57.41514692101));
#1353 = CARTESIAN_POINT('',(-68.03260638929,0.608555132541));
#1354 = CARTESIAN_POINT('',(32.467393610704,58.632257186098));
#1355 = CARTESIAN_POINT('',(32.467393610704,-57.41514692101));
#1356 = ( GEOMETRIC_REPRESENTATION_CONTEXT(2) 
PARAMETRIC_REPRESENTATION_CONTEXT() REPRESENTATION_CONTEXT('2D SPACE',''
  ) );
#1357 = ORIENTED_EDGE('',*,*,#1358,.T.);
#1358 = EDGE_CURVE('',#1326,#1359,#1361,.T.);
#1359 = VERTEX_POINT('',#1360);
#1360 = CARTESIAN_POINT('',(-36.37953201874,49.495039822757,1.5));
#1361 = SURFACE_CURVE('',#1362,(#1366,#1372),.PCURVE_S1.);
#1362 = LINE('',#1363,#1364);
#1363 = CARTESIAN_POINT('',(-36.37953201874,49.495039822757,0.));
#1364 = VECTOR('',#1365,1.);
#1365 = DIRECTION('',(-0.,-0.,-1.));
#1366 = PCURVE('',#33,#1367);
#1367 = DEFINITIONAL_REPRESENTATION('',(#1368),#1371);
#1368 = B_SPLINE_CURVE_WITH_KNOTS('',1,(#1369,#1370),.UNSPECIFIED.,.F.,
  .F.,(2,2),(-25.0000006,6.E-07),.PIECEWISE_BEZIER_KNOTS.);
#1369 = CARTESIAN_POINT('',(-2.144775800507,-25.0000006));
#1370 = CARTESIAN_POINT('',(-2.144775800507,6.E-07));
#1371 = ( GEOMETRIC_REPRESENTATION_CONTEXT(2) 
PARAMETRIC_REPRESENTATION_CONTEXT() REPRESENTATION_CONTEXT('2D SPACE',''
  ) );
#1372 = PCURVE('',#1373,#1378);
#1373 = PLANE('',#1374);
#1374 = AXIS2_PLACEMENT_3D('',#1375,#1376,#1377);
#1375 = CARTESIAN_POINT('',(-33.53664162225,45.438739686563,1.5));
#1376 = DIRECTION('',(-0.818901696386,-0.573933804245,0.));
#1377 = DIRECTION('',(-0.573933804245,0.818901696386,0.));
#1378 = DEFINITIONAL_REPRESENTATION('',(#1379),#1382);
#1379 = B_SPLINE_CURVE_WITH_KNOTS('',1,(#1380,#1381),.UNSPECIFIED.,.F.,
  .F.,(2,2),(-25.0000006,6.E-07),.PIECEWISE_BEZIER_KNOTS.);
#1380 = CARTESIAN_POINT('',(4.953341962892,-23.5000006));
#1381 = CARTESIAN_POINT('',(4.953341962892,1.5000006));
#1382 = ( GEOMETRIC_REPRESENTATION_CONTEXT(2) 
PARAMETRIC_REPRESENTATION_CONTEXT() REPRESENTATION_CONTEXT('2D SPACE',''
  ) );
#1383 = ORIENTED_EDGE('',*,*,#1384,.F.);
#1384 = EDGE_CURVE('',#1385,#1359,#1387,.T.);
#1385 = VERTEX_POINT('',#1386);
#1386 = CARTESIAN_POINT('',(-40.47404050067,46.62537080153,1.5));
#1387 = SURFACE_CURVE('',#1388,(#1393,#1400),.PCURVE_S1.);
#1388 = CIRCLE('',#1389,67.);
#1389 = AXIS2_PLACEMENT_3D('',#1390,#1391,#1392);
#1390 = CARTESIAN_POINT('',(0.,-6.768,1.5));
#1391 = DIRECTION('',(0.,0.,-1.));
#1392 = DIRECTION('',(1.,0.,0.));
#1393 = PCURVE('',#33,#1394);
#1394 = DEFINITIONAL_REPRESENTATION('',(#1395),#1399);
#1395 = LINE('',#1396,#1397);
#1396 = CARTESIAN_POINT('',(-6.28318530718,-1.5));
#1397 = VECTOR('',#1398,1.);
#1398 = DIRECTION('',(1.,-0.));
#1399 = ( GEOMETRIC_REPRESENTATION_CONTEXT(2) 
PARAMETRIC_REPRESENTATION_CONTEXT() REPRESENTATION_CONTEXT('2D SPACE',''
  ) );
#1400 = PCURVE('',#1401,#1406);
#1401 = PLANE('',#1402);
#1402 = AXIS2_PLACEMENT_3D('',#1403,#1404,#1405);
#1403 = CARTESIAN_POINT('',(34.532606389296,50.647146921017,1.5));
#1404 = DIRECTION('',(0.,0.,1.));
#1405 = DIRECTION('',(1.,0.,-0.));
#1406 = DEFINITIONAL_REPRESENTATION('',(#1407),#1415);
#1407 = ( BOUNDED_CURVE() B_SPLINE_CURVE(2,(#1408,#1409,#1410,#1411,
#1412,#1413,#1414),.UNSPECIFIED.,.T.,.F.) B_SPLINE_CURVE_WITH_KNOTS((1,2
    ,2,2,2,1),(-2.094395102393,0.,2.094395102393,4.188790204786,
6.28318530718,8.377580409573),.UNSPECIFIED.) CURVE() 
GEOMETRIC_REPRESENTATION_ITEM() RATIONAL_B_SPLINE_CURVE((1.,0.5,1.,0.5,
1.,0.5,1.)) REPRESENTATION_ITEM('') );
#1408 = CARTESIAN_POINT('',(32.467393610704,-57.41514692101));
#1409 = CARTESIAN_POINT('',(32.467393610704,-173.4625510281));
#1410 = CARTESIAN_POINT('',(-68.03260638929,-115.4388489745));
#1411 = CARTESIAN_POINT('',(-168.5326063892,-57.41514692101));
#1412 = CARTESIAN_POINT('',(-68.03260638929,0.608555132541));
#1413 = CARTESIAN_POINT('',(32.467393610704,58.632257186098));
#1414 = CARTESIAN_POINT('',(32.467393610704,-57.41514692101));
#1415 = ( GEOMETRIC_REPRESENTATION_CONTEXT(2) 
PARAMETRIC_REPRESENTATION_CONTEXT() REPRESENTATION_CONTEXT('2D SPACE',''
  ) );
#1416 = ORIENTED_EDGE('',*,*,#1417,.F.);
#1417 = EDGE_CURVE('',#1324,#1385,#1418,.T.);
#1418 = SURFACE_CURVE('',#1419,(#1423,#1429),.PCURVE_S1.);
#1419 = LINE('',#1420,#1421);
#1420 = CARTESIAN_POINT('',(-40.47404050067,46.62537080153,0.));
#1421 = VECTOR('',#1422,1.);
#1422 = DIRECTION('',(-0.,-0.,-1.));
#1423 = PCURVE('',#33,#1424);
#1424 = DEFINITIONAL_REPRESENTATION('',(#1425),#1428);
#1425 = B_SPLINE_CURVE_WITH_KNOTS('',1,(#1426,#1427),.UNSPECIFIED.,.F.,
  .F.,(2,2),(-25.0000006,6.E-07),.PIECEWISE_BEZIER_KNOTS.);
#1426 = CARTESIAN_POINT('',(-2.219419994105,-25.0000006));
#1427 = CARTESIAN_POINT('',(-2.219419994105,6.E-07));
#1428 = ( GEOMETRIC_REPRESENTATION_CONTEXT(2) 
PARAMETRIC_REPRESENTATION_CONTEXT() REPRESENTATION_CONTEXT('2D SPACE',''
  ) );
#1429 = PCURVE('',#1430,#1435);
#1430 = PLANE('',#1431);
#1431 = AXIS2_PLACEMENT_3D('',#1432,#1433,#1434);
#1432 = CARTESIAN_POINT('',(-43.37048814663,50.758087629199,1.5));
#1433 = DIRECTION('',(0.818901696386,0.573933804245,-0.));
#1434 = DIRECTION('',(0.573933804245,-0.818901696386,0.));
#1435 = DEFINITIONAL_REPRESENTATION('',(#1436),#1439);
#1436 = B_SPLINE_CURVE_WITH_KNOTS('',1,(#1437,#1438),.UNSPECIFIED.,.F.,
  .F.,(2,2),(-25.0000006,6.E-07),.PIECEWISE_BEZIER_KNOTS.);
#1437 = CARTESIAN_POINT('',(5.046658037108,-23.5000006));
#1438 = CARTESIAN_POINT('',(5.046658037108,1.5000006));
#1439 = ( GEOMETRIC_REPRESENTATION_CONTEXT(2) 
PARAMETRIC_REPRESENTATION_CONTEXT() REPRESENTATION_CONTEXT('2D SPACE',''
  ) );
#1440 = ADVANCED_FACE('',(#1441,#1517,#1548,#1579,#1610,#1641,#1672),#45
  ,.F.);
#1441 = FACE_BOUND('',#1442,.F.);
#1442 = EDGE_LOOP('',(#1443,#1466,#1467,#1490));
#1443 = ORIENTED_EDGE('',*,*,#1444,.T.);
#1444 = EDGE_CURVE('',#1445,#22,#1447,.T.);
#1445 = VERTEX_POINT('',#1446);
#1446 = CARTESIAN_POINT('',(45.299746087457,32.575779742317,0.));
#1447 = SURFACE_CURVE('',#1448,(#1452,#1459),.PCURVE_S1.);
#1448 = LINE('',#1449,#1450);
#1449 = CARTESIAN_POINT('',(0.,-6.768,0.));
#1450 = VECTOR('',#1451,1.);
#1451 = DIRECTION('',(0.754995768124,0.655729662372,0.));
#1452 = PCURVE('',#45,#1453);
#1453 = DEFINITIONAL_REPRESENTATION('',(#1454),#1458);
#1454 = LINE('',#1455,#1456);
#1455 = CARTESIAN_POINT('',(3.918634409665E-15,-4.440892098501E-15));
#1456 = VECTOR('',#1457,1.);
#1457 = DIRECTION('',(0.754995768124,0.655729662372));
#1458 = ( GEOMETRIC_REPRESENTATION_CONTEXT(2) 
PARAMETRIC_REPRESENTATION_CONTEXT() REPRESENTATION_CONTEXT('2D SPACE',''
  ) );
#1459 = PCURVE('',#72,#1460);
#1460 = DEFINITIONAL_REPRESENTATION('',(#1461),#1465);
#1461 = LINE('',#1462,#1463);
#1462 = CARTESIAN_POINT('',(0.,0.));
#1463 = VECTOR('',#1464,1.);
#1464 = DIRECTION('',(1.,0.));
#1465 = ( GEOMETRIC_REPRESENTATION_CONTEXT(2) 
PARAMETRIC_REPRESENTATION_CONTEXT() REPRESENTATION_CONTEXT('2D SPACE',''
  ) );
#1466 = ORIENTED_EDGE('',*,*,#21,.T.);
#1467 = ORIENTED_EDGE('',*,*,#1468,.T.);
#1468 = EDGE_CURVE('',#24,#1469,#1471,.T.);
#1469 = VERTEX_POINT('',#1470);
#1470 = CARTESIAN_POINT('',(-45.29974608745,32.575779742317,0.));
#1471 = SURFACE_CURVE('',#1472,(#1476,#1483),.PCURVE_S1.);
#1472 = LINE('',#1473,#1474);
#1473 = CARTESIAN_POINT('',(-377.4978840621,321.09683118599,0.));
#1474 = VECTOR('',#1475,1.);
#1475 = DIRECTION('',(0.754995768124,-0.655729662372,0.));
#1476 = PCURVE('',#45,#1477);
#1477 = DEFINITIONAL_REPRESENTATION('',(#1478),#1482);
#1478 = LINE('',#1479,#1480);
#1479 = CARTESIAN_POINT('',(-377.4978840621,327.86483118599));
#1480 = VECTOR('',#1481,1.);
#1481 = DIRECTION('',(0.754995768124,-0.655729662372));
#1482 = ( GEOMETRIC_REPRESENTATION_CONTEXT(2) 
PARAMETRIC_REPRESENTATION_CONTEXT() REPRESENTATION_CONTEXT('2D SPACE',''
  ) );
#1483 = PCURVE('',#125,#1484);
#1484 = DEFINITIONAL_REPRESENTATION('',(#1485),#1489);
#1485 = LINE('',#1486,#1487);
#1486 = CARTESIAN_POINT('',(0.,0.));
#1487 = VECTOR('',#1488,1.);
#1488 = DIRECTION('',(1.,0.));
#1489 = ( GEOMETRIC_REPRESENTATION_CONTEXT(2) 
PARAMETRIC_REPRESENTATION_CONTEXT() REPRESENTATION_CONTEXT('2D SPACE',''
  ) );
#1490 = ORIENTED_EDGE('',*,*,#1491,.F.);
#1491 = EDGE_CURVE('',#1445,#1469,#1492,.T.);
#1492 = SURFACE_CURVE('',#1493,(#1498,#1505),.PCURVE_S1.);
#1493 = CIRCLE('',#1494,60.);
#1494 = AXIS2_PLACEMENT_3D('',#1495,#1496,#1497);
#1495 = CARTESIAN_POINT('',(3.186420625758E-13,-6.768,0.));
#1496 = DIRECTION('',(0.,0.,1.));
#1497 = DIRECTION('',(1.,0.,0.));
#1498 = PCURVE('',#45,#1499);
#1499 = DEFINITIONAL_REPRESENTATION('',(#1500),#1504);
#1500 = CIRCLE('',#1501,60.);
#1501 = AXIS2_PLACEMENT_2D('',#1502,#1503);
#1502 = CARTESIAN_POINT('',(3.225606969855E-13,-5.329070518201E-15));
#1503 = DIRECTION('',(1.,0.));
#1504 = ( GEOMETRIC_REPRESENTATION_CONTEXT(2) 
PARAMETRIC_REPRESENTATION_CONTEXT() REPRESENTATION_CONTEXT('2D SPACE',''
  ) );
#1505 = PCURVE('',#1506,#1511);
#1506 = CYLINDRICAL_SURFACE('',#1507,60.);
#1507 = AXIS2_PLACEMENT_3D('',#1508,#1509,#1510);
#1508 = CARTESIAN_POINT('',(3.186420625758E-13,-6.768,0.));
#1509 = DIRECTION('',(-0.,-0.,-1.));
#1510 = DIRECTION('',(1.,0.,0.));
#1511 = DEFINITIONAL_REPRESENTATION('',(#1512),#1516);
#1512 = LINE('',#1513,#1514);
#1513 = CARTESIAN_POINT('',(-0.,0.));
#1514 = VECTOR('',#1515,1.);
#1515 = DIRECTION('',(-1.,0.));
#1516 = ( GEOMETRIC_REPRESENTATION_CONTEXT(2) 
PARAMETRIC_REPRESENTATION_CONTEXT() REPRESENTATION_CONTEXT('2D SPACE',''
  ) );
#1517 = FACE_BOUND('',#1518,.F.);
#1518 = EDGE_LOOP('',(#1519));
#1519 = ORIENTED_EDGE('',*,*,#1520,.F.);
#1520 = EDGE_CURVE('',#1521,#1521,#1523,.T.);
#1521 = VERTEX_POINT('',#1522);
#1522 = CARTESIAN_POINT('',(-35.41873037383,46.051159416915,0.));
#1523 = SURFACE_CURVE('',#1524,(#1529,#1536),.PCURVE_S1.);
#1524 = CIRCLE('',#1525,1.6);
#1525 = AXIS2_PLACEMENT_3D('',#1526,#1527,#1528);
#1526 = CARTESIAN_POINT('',(-37.01873037383,46.051159416915,0.));
#1527 = DIRECTION('',(0.,0.,1.));
#1528 = DIRECTION('',(1.,0.,0.));
#1529 = PCURVE('',#45,#1530);
#1530 = DEFINITIONAL_REPRESENTATION('',(#1531),#1535);
#1531 = CIRCLE('',#1532,1.6);
#1532 = AXIS2_PLACEMENT_2D('',#1533,#1534);
#1533 = CARTESIAN_POINT('',(-37.01873037383,52.819159416915));
#1534 = DIRECTION('',(1.,0.));
#1535 = ( GEOMETRIC_REPRESENTATION_CONTEXT(2) 
PARAMETRIC_REPRESENTATION_CONTEXT() REPRESENTATION_CONTEXT('2D SPACE',''
  ) );
#1536 = PCURVE('',#1537,#1542);
#1537 = CYLINDRICAL_SURFACE('',#1538,1.6);
#1538 = AXIS2_PLACEMENT_3D('',#1539,#1540,#1541);
#1539 = CARTESIAN_POINT('',(-37.01873037383,46.051159416915,0.));
#1540 = DIRECTION('',(-0.,-0.,-1.));
#1541 = DIRECTION('',(1.,0.,0.));
#1542 = DEFINITIONAL_REPRESENTATION('',(#1543),#1547);
#1543 = LINE('',#1544,#1545);
#1544 = CARTESIAN_POINT('',(-0.,0.));
#1545 = VECTOR('',#1546,1.);
#1546 = DIRECTION('',(-1.,0.));
#1547 = ( GEOMETRIC_REPRESENTATION_CONTEXT(2) 
PARAMETRIC_REPRESENTATION_CONTEXT() REPRESENTATION_CONTEXT('2D SPACE',''
  ) );
#1548 = FACE_BOUND('',#1549,.F.);
#1549 = EDGE_LOOP('',(#1550));
#1550 = ORIENTED_EDGE('',*,*,#1551,.F.);
#1551 = EDGE_CURVE('',#1552,#1552,#1554,.T.);
#1552 = VERTEX_POINT('',#1553);
#1553 = CARTESIAN_POINT('',(34.844076300143,48.504790692621,0.));
#1554 = SURFACE_CURVE('',#1555,(#1560,#1567),.PCURVE_S1.);
#1555 = CIRCLE('',#1556,1.6);
#1556 = AXIS2_PLACEMENT_3D('',#1557,#1558,#1559);
#1557 = CARTESIAN_POINT('',(33.244076300143,48.504790692621,0.));
#1558 = DIRECTION('',(0.,0.,1.));
#1559 = DIRECTION('',(1.,0.,0.));
#1560 = PCURVE('',#45,#1561);
#1561 = DEFINITIONAL_REPRESENTATION('',(#1562),#1566);
#1562 = CIRCLE('',#1563,1.6);
#1563 = AXIS2_PLACEMENT_2D('',#1564,#1565);
#1564 = CARTESIAN_POINT('',(33.244076300143,55.272790692621));
#1565 = DIRECTION('',(1.,0.));
#1566 = ( GEOMETRIC_REPRESENTATION_CONTEXT(2) 
PARAMETRIC_REPRESENTATION_CONTEXT() REPRESENTATION_CONTEXT('2D SPACE',''
  ) );
#1567 = PCURVE('',#1568,#1573);
#1568 = CYLINDRICAL_SURFACE('',#1569,1.6);
#1569 = AXIS2_PLACEMENT_3D('',#1570,#1571,#1572);
#1570 = CARTESIAN_POINT('',(33.244076300143,48.504790692621,0.));
#1571 = DIRECTION('',(-0.,-0.,-1.));
#1572 = DIRECTION('',(1.,0.,0.));
#1573 = DEFINITIONAL_REPRESENTATION('',(#1574),#1578);
#1574 = LINE('',#1575,#1576);
#1575 = CARTESIAN_POINT('',(-0.,0.));
#1576 = VECTOR('',#1577,1.);
#1577 = DIRECTION('',(-1.,0.));
#1578 = ( GEOMETRIC_REPRESENTATION_CONTEXT(2) 
PARAMETRIC_REPRESENTATION_CONTEXT() REPRESENTATION_CONTEXT('2D SPACE',''
  ) );
#1579 = FACE_BOUND('',#1580,.F.);
#1580 = EDGE_LOOP('',(#1581));
#1581 = ORIENTED_EDGE('',*,*,#1582,.F.);
#1582 = EDGE_CURVE('',#1583,#1583,#1585,.T.);
#1583 = VERTEX_POINT('',#1584);
#1584 = CARTESIAN_POINT('',(-22.3689030398,53.11306284184,0.));
#1585 = SURFACE_CURVE('',#1586,(#1591,#1598),.PCURVE_S1.);
#1586 = CIRCLE('',#1587,1.6);
#1587 = AXIS2_PLACEMENT_3D('',#1588,#1589,#1590);
#1588 = CARTESIAN_POINT('',(-23.9689030398,53.11306284184,0.));
#1589 = DIRECTION('',(0.,0.,1.));
#1590 = DIRECTION('',(1.,0.,0.));
#1591 = PCURVE('',#45,#1592);
#1592 = DEFINITIONAL_REPRESENTATION('',(#1593),#1597);
#1593 = CIRCLE('',#1594,1.6);
#1594 = AXIS2_PLACEMENT_2D('',#1595,#1596);
#1595 = CARTESIAN_POINT('',(-23.9689030398,59.88106284184));
#1596 = DIRECTION('',(1.,0.));
#1597 = ( GEOMETRIC_REPRESENTATION_CONTEXT(2) 
PARAMETRIC_REPRESENTATION_CONTEXT() REPRESENTATION_CONTEXT('2D SPACE',''
  ) );
#1598 = PCURVE('',#1599,#1604);
#1599 = CYLINDRICAL_SURFACE('',#1600,1.6);
#1600 = AXIS2_PLACEMENT_3D('',#1601,#1602,#1603);
#1601 = CARTESIAN_POINT('',(-23.9689030398,53.11306284184,0.));
#1602 = DIRECTION('',(-0.,-0.,-1.));
#1603 = DIRECTION('',(1.,0.,0.));
#1604 = DEFINITIONAL_REPRESENTATION('',(#1605),#1609);
#1605 = LINE('',#1606,#1607);
#1606 = CARTESIAN_POINT('',(-0.,0.));
#1607 = VECTOR('',#1608,1.);
#1608 = DIRECTION('',(-1.,0.));
#1609 = ( GEOMETRIC_REPRESENTATION_CONTEXT(2) 
PARAMETRIC_REPRESENTATION_CONTEXT() REPRESENTATION_CONTEXT('2D SPACE',''
  ) );
#1610 = FACE_BOUND('',#1611,.F.);
#1611 = EDGE_LOOP('',(#1612));
#1612 = ORIENTED_EDGE('',*,*,#1613,.F.);
#1613 = EDGE_CURVE('',#1614,#1614,#1616,.T.);
#1614 = VERTEX_POINT('',#1615);
#1615 = CARTESIAN_POINT('',(-8.050595015414,57.005944647077,0.));
#1616 = SURFACE_CURVE('',#1617,(#1622,#1629),.PCURVE_S1.);
#1617 = CIRCLE('',#1618,1.6);
#1618 = AXIS2_PLACEMENT_3D('',#1619,#1620,#1621);
#1619 = CARTESIAN_POINT('',(-9.650595015414,57.005944647077,0.));
#1620 = DIRECTION('',(0.,0.,1.));
#1621 = DIRECTION('',(1.,0.,0.));
#1622 = PCURVE('',#45,#1623);
#1623 = DEFINITIONAL_REPRESENTATION('',(#1624),#1628);
#1624 = CIRCLE('',#1625,1.6);
#1625 = AXIS2_PLACEMENT_2D('',#1626,#1627);
#1626 = CARTESIAN_POINT('',(-9.650595015414,63.773944647077));
#1627 = DIRECTION('',(1.,0.));
#1628 = ( GEOMETRIC_REPRESENTATION_CONTEXT(2) 
PARAMETRIC_REPRESENTATION_CONTEXT() REPRESENTATION_CONTEXT('2D SPACE',''
  ) );
#1629 = PCURVE('',#1630,#1635);
#1630 = CYLINDRICAL_SURFACE('',#1631,1.6);
#1631 = AXIS2_PLACEMENT_3D('',#1632,#1633,#1634);
#1632 = CARTESIAN_POINT('',(-9.650595015414,57.005944647077,0.));
#1633 = DIRECTION('',(-0.,-0.,-1.));
#1634 = DIRECTION('',(1.,0.,0.));
#1635 = DEFINITIONAL_REPRESENTATION('',(#1636),#1640);
#1636 = LINE('',#1637,#1638);
#1637 = CARTESIAN_POINT('',(-0.,0.));
#1638 = VECTOR('',#1639,1.);
#1639 = DIRECTION('',(-1.,0.));
#1640 = ( GEOMETRIC_REPRESENTATION_CONTEXT(2) 
PARAMETRIC_REPRESENTATION_CONTEXT() REPRESENTATION_CONTEXT('2D SPACE',''
  ) );
#1641 = FACE_BOUND('',#1642,.F.);
#1642 = EDGE_LOOP('',(#1643));
#1643 = ORIENTED_EDGE('',*,*,#1644,.F.);
#1644 = EDGE_CURVE('',#1645,#1645,#1647,.T.);
#1645 = VERTEX_POINT('',#1646);
#1646 = CARTESIAN_POINT('',(21.333424208776,54.639181737941,0.));
#1647 = SURFACE_CURVE('',#1648,(#1653,#1660),.PCURVE_S1.);
#1648 = CIRCLE('',#1649,1.6);
#1649 = AXIS2_PLACEMENT_3D('',#1650,#1651,#1652);
#1650 = CARTESIAN_POINT('',(19.733424208776,54.639181737941,0.));
#1651 = DIRECTION('',(0.,0.,1.));
#1652 = DIRECTION('',(1.,0.,0.));
#1653 = PCURVE('',#45,#1654);
#1654 = DEFINITIONAL_REPRESENTATION('',(#1655),#1659);
#1655 = CIRCLE('',#1656,1.6);
#1656 = AXIS2_PLACEMENT_2D('',#1657,#1658);
#1657 = CARTESIAN_POINT('',(19.733424208776,61.407181737941));
#1658 = DIRECTION('',(1.,0.));
#1659 = ( GEOMETRIC_REPRESENTATION_CONTEXT(2) 
PARAMETRIC_REPRESENTATION_CONTEXT() REPRESENTATION_CONTEXT('2D SPACE',''
  ) );
#1660 = PCURVE('',#1661,#1666);
#1661 = CYLINDRICAL_SURFACE('',#1662,1.6);
#1662 = AXIS2_PLACEMENT_3D('',#1663,#1664,#1665);
#1663 = CARTESIAN_POINT('',(19.733424208776,54.639181737941,0.));
#1664 = DIRECTION('',(-0.,-0.,-1.));
#1665 = DIRECTION('',(1.,0.,0.));
#1666 = DEFINITIONAL_REPRESENTATION('',(#1667),#1671);
#1667 = LINE('',#1668,#1669);
#1668 = CARTESIAN_POINT('',(-0.,0.));
#1669 = VECTOR('',#1670,1.);
#1670 = DIRECTION('',(-1.,0.));
#1671 = ( GEOMETRIC_REPRESENTATION_CONTEXT(2) 
PARAMETRIC_REPRESENTATION_CONTEXT() REPRESENTATION_CONTEXT('2D SPACE',''
  ) );
#1672 = FACE_BOUND('',#1673,.F.);
#1673 = EDGE_LOOP('',(#1674));
#1674 = ORIENTED_EDGE('',*,*,#1675,.F.);
#1675 = EDGE_CURVE('',#1676,#1676,#1678,.T.);
#1676 = VERTEX_POINT('',#1677);
#1677 = CARTESIAN_POINT('',(6.778441155661,57.523786000992,0.));
#1678 = SURFACE_CURVE('',#1679,(#1684,#1691),.PCURVE_S1.);
#1679 = CIRCLE('',#1680,1.6);
#1680 = AXIS2_PLACEMENT_3D('',#1681,#1682,#1683);
#1681 = CARTESIAN_POINT('',(5.178441155661,57.523786000992,0.));
#1682 = DIRECTION('',(0.,0.,1.));
#1683 = DIRECTION('',(1.,0.,0.));
#1684 = PCURVE('',#45,#1685);
#1685 = DEFINITIONAL_REPRESENTATION('',(#1686),#1690);
#1686 = CIRCLE('',#1687,1.6);
#1687 = AXIS2_PLACEMENT_2D('',#1688,#1689);
#1688 = CARTESIAN_POINT('',(5.178441155661,64.291786000992));
#1689 = DIRECTION('',(1.,0.));
#1690 = ( GEOMETRIC_REPRESENTATION_CONTEXT(2) 
PARAMETRIC_REPRESENTATION_CONTEXT() REPRESENTATION_CONTEXT('2D SPACE',''
  ) );
#1691 = PCURVE('',#1692,#1697);
#1692 = CYLINDRICAL_SURFACE('',#1693,1.6);
#1693 = AXIS2_PLACEMENT_3D('',#1694,#1695,#1696);
#1694 = CARTESIAN_POINT('',(5.178441155661,57.523786000992,0.));
#1695 = DIRECTION('',(-0.,-0.,-1.));
#1696 = DIRECTION('',(1.,0.,0.));
#1697 = DEFINITIONAL_REPRESENTATION('',(#1698),#1702);
#1698 = LINE('',#1699,#1700);
#1699 = CARTESIAN_POINT('',(-0.,0.));
#1700 = VECTOR('',#1701,1.);
#1701 = DIRECTION('',(-1.,0.));
#1702 = ( GEOMETRIC_REPRESENTATION_CONTEXT(2) 
PARAMETRIC_REPRESENTATION_CONTEXT() REPRESENTATION_CONTEXT('2D SPACE',''
  ) );
#1703 = ADVANCED_FACE('',(#1704),#72,.F.);
#1704 = FACE_BOUND('',#1705,.F.);
#1705 = EDGE_LOOP('',(#1706,#1707,#1728,#1749));
#1706 = ORIENTED_EDGE('',*,*,#1444,.F.);
#1707 = ORIENTED_EDGE('',*,*,#1708,.F.);
#1708 = EDGE_CURVE('',#1709,#1445,#1711,.T.);
#1709 = VERTEX_POINT('',#1710);
#1710 = CARTESIAN_POINT('',(45.299746087457,32.575779742317,25.));
#1711 = SURFACE_CURVE('',#1712,(#1716,#1722),.PCURVE_S1.);
#1712 = LINE('',#1713,#1714);
#1713 = CARTESIAN_POINT('',(45.299746087455,32.575779742319,0.));
#1714 = VECTOR('',#1715,1.);
#1715 = DIRECTION('',(-0.,-0.,-1.));
#1716 = PCURVE('',#72,#1717);
#1717 = DEFINITIONAL_REPRESENTATION('',(#1718),#1721);
#1718 = B_SPLINE_CURVE_WITH_KNOTS('',1,(#1719,#1720),.UNSPECIFIED.,.F.,
  .F.,(2,2),(-25.0000006,6.E-07),.PIECEWISE_BEZIER_KNOTS.);
#1719 = CARTESIAN_POINT('',(60.,-25.0000006));
#1720 = CARTESIAN_POINT('',(60.,6.E-07));
#1721 = ( GEOMETRIC_REPRESENTATION_CONTEXT(2) 
PARAMETRIC_REPRESENTATION_CONTEXT() REPRESENTATION_CONTEXT('2D SPACE',''
  ) );
#1722 = PCURVE('',#1506,#1723);
#1723 = DEFINITIONAL_REPRESENTATION('',(#1724),#1727);
#1724 = B_SPLINE_CURVE_WITH_KNOTS('',1,(#1725,#1726),.UNSPECIFIED.,.F.,
  .F.,(2,2),(-25.0000006,6.E-07),.PIECEWISE_BEZIER_KNOTS.);
#1725 = CARTESIAN_POINT('',(-0.715148661005,-25.0000006));
#1726 = CARTESIAN_POINT('',(-0.715148661005,6.E-07));
#1727 = ( GEOMETRIC_REPRESENTATION_CONTEXT(2) 
PARAMETRIC_REPRESENTATION_CONTEXT() REPRESENTATION_CONTEXT('2D SPACE',''
  ) );
#1728 = ORIENTED_EDGE('',*,*,#1729,.T.);
#1729 = EDGE_CURVE('',#1709,#58,#1730,.T.);
#1730 = SURFACE_CURVE('',#1731,(#1735,#1742),.PCURVE_S1.);
#1731 = LINE('',#1732,#1733);
#1732 = CARTESIAN_POINT('',(0.,-6.768,25.));
#1733 = VECTOR('',#1734,1.);
#1734 = DIRECTION('',(0.754995768124,0.655729662372,0.));
#1735 = PCURVE('',#72,#1736);
#1736 = DEFINITIONAL_REPRESENTATION('',(#1737),#1741);
#1737 = LINE('',#1738,#1739);
#1738 = CARTESIAN_POINT('',(0.,-25.));
#1739 = VECTOR('',#1740,1.);
#1740 = DIRECTION('',(1.,0.));
#1741 = ( GEOMETRIC_REPRESENTATION_CONTEXT(2) 
PARAMETRIC_REPRESENTATION_CONTEXT() REPRESENTATION_CONTEXT('2D SPACE',''
  ) );
#1742 = PCURVE('',#100,#1743);
#1743 = DEFINITIONAL_REPRESENTATION('',(#1744),#1748);
#1744 = LINE('',#1745,#1746);
#1745 = CARTESIAN_POINT('',(3.918634409665E-15,-4.440892098501E-15));
#1746 = VECTOR('',#1747,1.);
#1747 = DIRECTION('',(0.754995768124,0.655729662372));
#1748 = ( GEOMETRIC_REPRESENTATION_CONTEXT(2) 
PARAMETRIC_REPRESENTATION_CONTEXT() REPRESENTATION_CONTEXT('2D SPACE',''
  ) );
#1749 = ORIENTED_EDGE('',*,*,#57,.T.);
#1750 = ADVANCED_FACE('',(#1751),#125,.F.);
#1751 = FACE_BOUND('',#1752,.F.);
#1752 = EDGE_LOOP('',(#1753,#1754,#1755,#1778));
#1753 = ORIENTED_EDGE('',*,*,#1468,.F.);
#1754 = ORIENTED_EDGE('',*,*,#112,.F.);
#1755 = ORIENTED_EDGE('',*,*,#1756,.T.);
#1756 = EDGE_CURVE('',#84,#1757,#1759,.T.);
#1757 = VERTEX_POINT('',#1758);
#1758 = CARTESIAN_POINT('',(-45.29974608745,32.575779742317,25.));
#1759 = SURFACE_CURVE('',#1760,(#1764,#1771),.PCURVE_S1.);
#1760 = LINE('',#1761,#1762);
#1761 = CARTESIAN_POINT('',(-377.4978840621,321.09683118599,25.));
#1762 = VECTOR('',#1763,1.);
#1763 = DIRECTION('',(0.754995768124,-0.655729662372,0.));
#1764 = PCURVE('',#125,#1765);
#1765 = DEFINITIONAL_REPRESENTATION('',(#1766),#1770);
#1766 = LINE('',#1767,#1768);
#1767 = CARTESIAN_POINT('',(0.,-25.));
#1768 = VECTOR('',#1769,1.);
#1769 = DIRECTION('',(1.,0.));
#1770 = ( GEOMETRIC_REPRESENTATION_CONTEXT(2) 
PARAMETRIC_REPRESENTATION_CONTEXT() REPRESENTATION_CONTEXT('2D SPACE',''
  ) );
#1771 = PCURVE('',#100,#1772);
#1772 = DEFINITIONAL_REPRESENTATION('',(#1773),#1777);
#1773 = LINE('',#1774,#1775);
#1774 = CARTESIAN_POINT('',(-377.4978840621,327.86483118599));
#1775 = VECTOR('',#1776,1.);
#1776 = DIRECTION('',(0.754995768124,-0.655729662372));
#1777 = ( GEOMETRIC_REPRESENTATION_CONTEXT(2) 
PARAMETRIC_REPRESENTATION_CONTEXT() REPRESENTATION_CONTEXT('2D SPACE',''
  ) );
#1778 = ORIENTED_EDGE('',*,*,#1779,.T.);
#1779 = EDGE_CURVE('',#1757,#1469,#1780,.T.);
#1780 = SURFACE_CURVE('',#1781,(#1785,#1791),.PCURVE_S1.);
#1781 = LINE('',#1782,#1783);
#1782 = CARTESIAN_POINT('',(-45.29974608745,32.575779742319,0.));
#1783 = VECTOR('',#1784,1.);
#1784 = DIRECTION('',(-0.,-0.,-1.));
#1785 = PCURVE('',#125,#1786);
#1786 = DEFINITIONAL_REPRESENTATION('',(#1787),#1790);
#1787 = B_SPLINE_CURVE_WITH_KNOTS('',1,(#1788,#1789),.UNSPECIFIED.,.F.,
  .F.,(2,2),(-25.0000006,6.E-07),.PIECEWISE_BEZIER_KNOTS.);
#1788 = CARTESIAN_POINT('',(440.,-25.0000006));
#1789 = CARTESIAN_POINT('',(440.,6.E-07));
#1790 = ( GEOMETRIC_REPRESENTATION_CONTEXT(2) 
PARAMETRIC_REPRESENTATION_CONTEXT() REPRESENTATION_CONTEXT('2D SPACE',''
  ) );
#1791 = PCURVE('',#1506,#1792);
#1792 = DEFINITIONAL_REPRESENTATION('',(#1793),#1796);
#1793 = B_SPLINE_CURVE_WITH_KNOTS('',1,(#1794,#1795),.UNSPECIFIED.,.F.,
  .F.,(2,2),(-25.0000006,6.E-07),.PIECEWISE_BEZIER_KNOTS.);
#1794 = CARTESIAN_POINT('',(-2.426443992585,-25.0000006));
#1795 = CARTESIAN_POINT('',(-2.426443992585,6.E-07));
#1796 = ( GEOMETRIC_REPRESENTATION_CONTEXT(2) 
PARAMETRIC_REPRESENTATION_CONTEXT() REPRESENTATION_CONTEXT('2D SPACE',''
  ) );
#1797 = ADVANCED_FACE('',(#1798,#1825,#1856,#1887,#1918,#1949,#1980),
  #100,.T.);
#1798 = FACE_BOUND('',#1799,.T.);
#1799 = EDGE_LOOP('',(#1800,#1801,#1802,#1803));
#1800 = ORIENTED_EDGE('',*,*,#1729,.T.);
#1801 = ORIENTED_EDGE('',*,*,#83,.T.);
#1802 = ORIENTED_EDGE('',*,*,#1756,.T.);
#1803 = ORIENTED_EDGE('',*,*,#1804,.F.);
#1804 = EDGE_CURVE('',#1709,#1757,#1805,.T.);
#1805 = SURFACE_CURVE('',#1806,(#1811,#1818),.PCURVE_S1.);
#1806 = CIRCLE('',#1807,60.);
#1807 = AXIS2_PLACEMENT_3D('',#1808,#1809,#1810);
#1808 = CARTESIAN_POINT('',(3.186420625758E-13,-6.768,25.));
#1809 = DIRECTION('',(0.,0.,1.));
#1810 = DIRECTION('',(1.,0.,0.));
#1811 = PCURVE('',#100,#1812);
#1812 = DEFINITIONAL_REPRESENTATION('',(#1813),#1817);
#1813 = CIRCLE('',#1814,60.);
#1814 = AXIS2_PLACEMENT_2D('',#1815,#1816);
#1815 = CARTESIAN_POINT('',(3.225606969855E-13,-5.329070518201E-15));
#1816 = DIRECTION('',(1.,0.));
#1817 = ( GEOMETRIC_REPRESENTATION_CONTEXT(2) 
PARAMETRIC_REPRESENTATION_CONTEXT() REPRESENTATION_CONTEXT('2D SPACE',''
  ) );
#1818 = PCURVE('',#1506,#1819);
#1819 = DEFINITIONAL_REPRESENTATION('',(#1820),#1824);
#1820 = LINE('',#1821,#1822);
#1821 = CARTESIAN_POINT('',(-0.,-25.));
#1822 = VECTOR('',#1823,1.);
#1823 = DIRECTION('',(-1.,0.));
#1824 = ( GEOMETRIC_REPRESENTATION_CONTEXT(2) 
PARAMETRIC_REPRESENTATION_CONTEXT() REPRESENTATION_CONTEXT('2D SPACE',''
  ) );
#1825 = FACE_BOUND('',#1826,.T.);
#1826 = EDGE_LOOP('',(#1827));
#1827 = ORIENTED_EDGE('',*,*,#1828,.F.);
#1828 = EDGE_CURVE('',#1829,#1829,#1831,.T.);
#1829 = VERTEX_POINT('',#1830);
#1830 = CARTESIAN_POINT('',(-35.41873037383,46.051159416915,25.));
#1831 = SURFACE_CURVE('',#1832,(#1837,#1844),.PCURVE_S1.);
#1832 = CIRCLE('',#1833,1.6);
#1833 = AXIS2_PLACEMENT_3D('',#1834,#1835,#1836);
#1834 = CARTESIAN_POINT('',(-37.01873037383,46.051159416915,25.));
#1835 = DIRECTION('',(0.,0.,1.));
#1836 = DIRECTION('',(1.,0.,0.));
#1837 = PCURVE('',#100,#1838);
#1838 = DEFINITIONAL_REPRESENTATION('',(#1839),#1843);
#1839 = CIRCLE('',#1840,1.6);
#1840 = AXIS2_PLACEMENT_2D('',#1841,#1842);
#1841 = CARTESIAN_POINT('',(-37.01873037383,52.819159416915));
#1842 = DIRECTION('',(1.,0.));
#1843 = ( GEOMETRIC_REPRESENTATION_CONTEXT(2) 
PARAMETRIC_REPRESENTATION_CONTEXT() REPRESENTATION_CONTEXT('2D SPACE',''
  ) );
#1844 = PCURVE('',#1845,#1850);
#1845 = CYLINDRICAL_SURFACE('',#1846,1.6);
#1846 = AXIS2_PLACEMENT_3D('',#1847,#1848,#1849);
#1847 = CARTESIAN_POINT('',(-37.01873037383,46.051159416915,0.));
#1848 = DIRECTION('',(-0.,-0.,-1.));
#1849 = DIRECTION('',(1.,0.,0.));
#1850 = DEFINITIONAL_REPRESENTATION('',(#1851),#1855);
#1851 = LINE('',#1852,#1853);
#1852 = CARTESIAN_POINT('',(-0.,-25.));
#1853 = VECTOR('',#1854,1.);
#1854 = DIRECTION('',(-1.,0.));
#1855 = ( GEOMETRIC_REPRESENTATION_CONTEXT(2) 
PARAMETRIC_REPRESENTATION_CONTEXT() REPRESENTATION_CONTEXT('2D SPACE',''
  ) );
#1856 = FACE_BOUND('',#1857,.T.);
#1857 = EDGE_LOOP('',(#1858));
#1858 = ORIENTED_EDGE('',*,*,#1859,.F.);
#1859 = EDGE_CURVE('',#1860,#1860,#1862,.T.);
#1860 = VERTEX_POINT('',#1861);
#1861 = CARTESIAN_POINT('',(34.844076300143,48.504790692621,25.));
#1862 = SURFACE_CURVE('',#1863,(#1868,#1875),.PCURVE_S1.);
#1863 = CIRCLE('',#1864,1.6);
#1864 = AXIS2_PLACEMENT_3D('',#1865,#1866,#1867);
#1865 = CARTESIAN_POINT('',(33.244076300143,48.504790692621,25.));
#1866 = DIRECTION('',(0.,0.,1.));
#1867 = DIRECTION('',(1.,0.,0.));
#1868 = PCURVE('',#100,#1869);
#1869 = DEFINITIONAL_REPRESENTATION('',(#1870),#1874);
#1870 = CIRCLE('',#1871,1.6);
#1871 = AXIS2_PLACEMENT_2D('',#1872,#1873);
#1872 = CARTESIAN_POINT('',(33.244076300143,55.272790692621));
#1873 = DIRECTION('',(1.,0.));
#1874 = ( GEOMETRIC_REPRESENTATION_CONTEXT(2) 
PARAMETRIC_REPRESENTATION_CONTEXT() REPRESENTATION_CONTEXT('2D SPACE',''
  ) );
#1875 = PCURVE('',#1876,#1881);
#1876 = CYLINDRICAL_SURFACE('',#1877,1.6);
#1877 = AXIS2_PLACEMENT_3D('',#1878,#1879,#1880);
#1878 = CARTESIAN_POINT('',(33.244076300143,48.504790692621,0.));
#1879 = DIRECTION('',(-0.,-0.,-1.));
#1880 = DIRECTION('',(1.,0.,0.));
#1881 = DEFINITIONAL_REPRESENTATION('',(#1882),#1886);
#1882 = LINE('',#1883,#1884);
#1883 = CARTESIAN_POINT('',(-0.,-25.));
#1884 = VECTOR('',#1885,1.);
#1885 = DIRECTION('',(-1.,0.));
#1886 = ( GEOMETRIC_REPRESENTATION_CONTEXT(2) 
PARAMETRIC_REPRESENTATION_CONTEXT() REPRESENTATION_CONTEXT('2D SPACE',''
  ) );
#1887 = FACE_BOUND('',#1888,.T.);
#1888 = EDGE_LOOP('',(#1889));
#1889 = ORIENTED_EDGE('',*,*,#1890,.F.);
#1890 = EDGE_CURVE('',#1891,#1891,#1893,.T.);
#1891 = VERTEX_POINT('',#1892);
#1892 = CARTESIAN_POINT('',(-22.3689030398,53.11306284184,25.));
#1893 = SURFACE_CURVE('',#1894,(#1899,#1906),.PCURVE_S1.);
#1894 = CIRCLE('',#1895,1.6);
#1895 = AXIS2_PLACEMENT_3D('',#1896,#1897,#1898);
#1896 = CARTESIAN_POINT('',(-23.9689030398,53.11306284184,25.));
#1897 = DIRECTION('',(0.,0.,1.));
#1898 = DIRECTION('',(1.,0.,0.));
#1899 = PCURVE('',#100,#1900);
#1900 = DEFINITIONAL_REPRESENTATION('',(#1901),#1905);
#1901 = CIRCLE('',#1902,1.6);
#1902 = AXIS2_PLACEMENT_2D('',#1903,#1904);
#1903 = CARTESIAN_POINT('',(-23.9689030398,59.88106284184));
#1904 = DIRECTION('',(1.,0.));
#1905 = ( GEOMETRIC_REPRESENTATION_CONTEXT(2) 
PARAMETRIC_REPRESENTATION_CONTEXT() REPRESENTATION_CONTEXT('2D SPACE',''
  ) );
#1906 = PCURVE('',#1907,#1912);
#1907 = CYLINDRICAL_SURFACE('',#1908,1.6);
#1908 = AXIS2_PLACEMENT_3D('',#1909,#1910,#1911);
#1909 = CARTESIAN_POINT('',(-23.9689030398,53.11306284184,0.));
#1910 = DIRECTION('',(-0.,-0.,-1.));
#1911 = DIRECTION('',(1.,0.,0.));
#1912 = DEFINITIONAL_REPRESENTATION('',(#1913),#1917);
#1913 = LINE('',#1914,#1915);
#1914 = CARTESIAN_POINT('',(-0.,-25.));
#1915 = VECTOR('',#1916,1.);
#1916 = DIRECTION('',(-1.,0.));
#1917 = ( GEOMETRIC_REPRESENTATION_CONTEXT(2) 
PARAMETRIC_REPRESENTATION_CONTEXT() REPRESENTATION_CONTEXT('2D SPACE',''
  ) );
#1918 = FACE_BOUND('',#1919,.T.);
#1919 = EDGE_LOOP('',(#1920));
#1920 = ORIENTED_EDGE('',*,*,#1921,.F.);
#1921 = EDGE_CURVE('',#1922,#1922,#1924,.T.);
#1922 = VERTEX_POINT('',#1923);
#1923 = CARTESIAN_POINT('',(-8.050595015414,57.005944647077,25.));
#1924 = SURFACE_CURVE('',#1925,(#1930,#1937),.PCURVE_S1.);
#1925 = CIRCLE('',#1926,1.6);
#1926 = AXIS2_PLACEMENT_3D('',#1927,#1928,#1929);
#1927 = CARTESIAN_POINT('',(-9.650595015414,57.005944647077,25.));
#1928 = DIRECTION('',(0.,0.,1.));
#1929 = DIRECTION('',(1.,0.,0.));
#1930 = PCURVE('',#100,#1931);
#1931 = DEFINITIONAL_REPRESENTATION('',(#1932),#1936);
#1932 = CIRCLE('',#1933,1.6);
#1933 = AXIS2_PLACEMENT_2D('',#1934,#1935);
#1934 = CARTESIAN_POINT('',(-9.650595015414,63.773944647077));
#1935 = DIRECTION('',(1.,0.));
#1936 = ( GEOMETRIC_REPRESENTATION_CONTEXT(2) 
PARAMETRIC_REPRESENTATION_CONTEXT() REPRESENTATION_CONTEXT('2D SPACE',''
  ) );
#1937 = PCURVE('',#1938,#1943);
#1938 = CYLINDRICAL_SURFACE('',#1939,1.6);
#1939 = AXIS2_PLACEMENT_3D('',#1940,#1941,#1942);
#1940 = CARTESIAN_POINT('',(-9.650595015414,57.005944647077,0.));
#1941 = DIRECTION('',(-0.,-0.,-1.));
#1942 = DIRECTION('',(1.,0.,0.));
#1943 = DEFINITIONAL_REPRESENTATION('',(#1944),#1948);
#1944 = LINE('',#1945,#1946);
#1945 = CARTESIAN_POINT('',(-0.,-25.));
#1946 = VECTOR('',#1947,1.);
#1947 = DIRECTION('',(-1.,0.));
#1948 = ( GEOMETRIC_REPRESENTATION_CONTEXT(2) 
PARAMETRIC_REPRESENTATION_CONTEXT() REPRESENTATION_CONTEXT('2D SPACE',''
  ) );
#1949 = FACE_BOUND('',#1950,.T.);
#1950 = EDGE_LOOP('',(#1951));
#1951 = ORIENTED_EDGE('',*,*,#1952,.F.);
#1952 = EDGE_CURVE('',#1953,#1953,#1955,.T.);
#1953 = VERTEX_POINT('',#1954);
#1954 = CARTESIAN_POINT('',(21.333424208776,54.639181737941,25.));
#1955 = SURFACE_CURVE('',#1956,(#1961,#1968),.PCURVE_S1.);
#1956 = CIRCLE('',#1957,1.6);
#1957 = AXIS2_PLACEMENT_3D('',#1958,#1959,#1960);
#1958 = CARTESIAN_POINT('',(19.733424208776,54.639181737941,25.));
#1959 = DIRECTION('',(0.,0.,1.));
#1960 = DIRECTION('',(1.,0.,0.));
#1961 = PCURVE('',#100,#1962);
#1962 = DEFINITIONAL_REPRESENTATION('',(#1963),#1967);
#1963 = CIRCLE('',#1964,1.6);
#1964 = AXIS2_PLACEMENT_2D('',#1965,#1966);
#1965 = CARTESIAN_POINT('',(19.733424208776,61.407181737941));
#1966 = DIRECTION('',(1.,0.));
#1967 = ( GEOMETRIC_REPRESENTATION_CONTEXT(2) 
PARAMETRIC_REPRESENTATION_CONTEXT() REPRESENTATION_CONTEXT('2D SPACE',''
  ) );
#1968 = PCURVE('',#1969,#1974);
#1969 = CYLINDRICAL_SURFACE('',#1970,1.6);
#1970 = AXIS2_PLACEMENT_3D('',#1971,#1972,#1973);
#1971 = CARTESIAN_POINT('',(19.733424208776,54.639181737941,0.));
#1972 = DIRECTION('',(-0.,-0.,-1.));
#1973 = DIRECTION('',(1.,0.,0.));
#1974 = DEFINITIONAL_REPRESENTATION('',(#1975),#1979);
#1975 = LINE('',#1976,#1977);
#1976 = CARTESIAN_POINT('',(-0.,-25.));
#1977 = VECTOR('',#1978,1.);
#1978 = DIRECTION('',(-1.,0.));
#1979 = ( GEOMETRIC_REPRESENTATION_CONTEXT(2) 
PARAMETRIC_REPRESENTATION_CONTEXT() REPRESENTATION_CONTEXT('2D SPACE',''
  ) );
#1980 = FACE_BOUND('',#1981,.T.);
#1981 = EDGE_LOOP('',(#1982));
#1982 = ORIENTED_EDGE('',*,*,#1983,.F.);
#1983 = EDGE_CURVE('',#1984,#1984,#1986,.T.);
#1984 = VERTEX_POINT('',#1985);
#1985 = CARTESIAN_POINT('',(6.778441155661,57.523786000992,25.));
#1986 = SURFACE_CURVE('',#1987,(#1992,#1999),.PCURVE_S1.);
#1987 = CIRCLE('',#1988,1.6);
#1988 = AXIS2_PLACEMENT_3D('',#1989,#1990,#1991);
#1989 = CARTESIAN_POINT('',(5.178441155661,57.523786000992,25.));
#1990 = DIRECTION('',(0.,0.,1.));
#1991 = DIRECTION('',(1.,0.,0.));
#1992 = PCURVE('',#100,#1993);
#1993 = DEFINITIONAL_REPRESENTATION('',(#1994),#1998);
#1994 = CIRCLE('',#1995,1.6);
#1995 = AXIS2_PLACEMENT_2D('',#1996,#1997);
#1996 = CARTESIAN_POINT('',(5.178441155661,64.291786000992));
#1997 = DIRECTION('',(1.,0.));
#1998 = ( GEOMETRIC_REPRESENTATION_CONTEXT(2) 
PARAMETRIC_REPRESENTATION_CONTEXT() REPRESENTATION_CONTEXT('2D SPACE',''
  ) );
#1999 = PCURVE('',#2000,#2005);
#2000 = CYLINDRICAL_SURFACE('',#2001,1.6);
#2001 = AXIS2_PLACEMENT_3D('',#2002,#2003,#2004);
#2002 = CARTESIAN_POINT('',(5.178441155661,57.523786000992,0.));
#2003 = DIRECTION('',(-0.,-0.,-1.));
#2004 = DIRECTION('',(1.,0.,0.));
#2005 = DEFINITIONAL_REPRESENTATION('',(#2006),#2010);
#2006 = LINE('',#2007,#2008);
#2007 = CARTESIAN_POINT('',(-0.,-25.));
#2008 = VECTOR('',#2009,1.);
#2009 = DIRECTION('',(-1.,0.));
#2010 = ( GEOMETRIC_REPRESENTATION_CONTEXT(2) 
PARAMETRIC_REPRESENTATION_CONTEXT() REPRESENTATION_CONTEXT('2D SPACE',''
  ) );
#2011 = ADVANCED_FACE('',(#2012),#264,.F.);
#2012 = FACE_BOUND('',#2013,.F.);
#2013 = EDGE_LOOP('',(#2014,#2037,#2064,#2065));
#2014 = ORIENTED_EDGE('',*,*,#2015,.T.);
#2015 = EDGE_CURVE('',#139,#2016,#2018,.T.);
#2016 = VERTEX_POINT('',#2017);
#2017 = CARTESIAN_POINT('',(39.477593554773,43.059398157281,12.5));
#2018 = SEAM_CURVE('',#2019,(#2023,#2030),.PCURVE_S1.);
#2019 = LINE('',#2020,#2021);
#2020 = CARTESIAN_POINT('',(42.435438833684,46.450732895407,12.5));
#2021 = VECTOR('',#2022,1.);
#2022 = DIRECTION('',(-0.657298950869,-0.753629941806,
    -1.072694344277E-32));
#2023 = PCURVE('',#264,#2024);
#2024 = DEFINITIONAL_REPRESENTATION('',(#2025),#2029);
#2025 = LINE('',#2026,#2027);
#2026 = CARTESIAN_POINT('',(6.28318530718,-0.));
#2027 = VECTOR('',#2028,1.);
#2028 = DIRECTION('',(0.,1.));
#2029 = ( GEOMETRIC_REPRESENTATION_CONTEXT(2) 
PARAMETRIC_REPRESENTATION_CONTEXT() REPRESENTATION_CONTEXT('2D SPACE',''
  ) );
#2030 = PCURVE('',#264,#2031);
#2031 = DEFINITIONAL_REPRESENTATION('',(#2032),#2036);
#2032 = LINE('',#2033,#2034);
#2033 = CARTESIAN_POINT('',(0.,-0.));
#2034 = VECTOR('',#2035,1.);
#2035 = DIRECTION('',(0.,1.));
#2036 = ( GEOMETRIC_REPRESENTATION_CONTEXT(2) 
PARAMETRIC_REPRESENTATION_CONTEXT() REPRESENTATION_CONTEXT('2D SPACE',''
  ) );
#2037 = ORIENTED_EDGE('',*,*,#2038,.F.);
#2038 = EDGE_CURVE('',#2016,#2016,#2039,.T.);
#2039 = SURFACE_CURVE('',#2040,(#2045,#2052),.PCURVE_S1.);
#2040 = CIRCLE('',#2041,3.);
#2041 = AXIS2_PLACEMENT_3D('',#2042,#2043,#2044);
#2042 = CARTESIAN_POINT('',(41.73848338019,41.087501304673,12.5));
#2043 = DIRECTION('',(-0.657298950869,-0.753629941806,0.));
#2044 = DIRECTION('',(-0.753629941806,0.657298950869,0.));
#2045 = PCURVE('',#264,#2046);
#2046 = DEFINITIONAL_REPRESENTATION('',(#2047),#2051);
#2047 = LINE('',#2048,#2049);
#2048 = CARTESIAN_POINT('',(0.,4.5));
#2049 = VECTOR('',#2050,1.);
#2050 = DIRECTION('',(1.,0.));
#2051 = ( GEOMETRIC_REPRESENTATION_CONTEXT(2) 
PARAMETRIC_REPRESENTATION_CONTEXT() REPRESENTATION_CONTEXT('2D SPACE',''
  ) );
#2052 = PCURVE('',#2053,#2058);
#2053 = PLANE('',#2054);
#2054 = AXIS2_PLACEMENT_3D('',#2055,#2056,#2057);
#2055 = CARTESIAN_POINT('',(41.73848338019,41.087501304673,12.5));
#2056 = DIRECTION('',(-0.657298950869,-0.753629941806,0.));
#2057 = DIRECTION('',(-0.753629941806,0.657298950869,0.));
#2058 = DEFINITIONAL_REPRESENTATION('',(#2059),#2063);
#2059 = CIRCLE('',#2060,3.);
#2060 = AXIS2_PLACEMENT_2D('',#2061,#2062);
#2061 = CARTESIAN_POINT('',(0.,0.));
#2062 = DIRECTION('',(1.,0.));
#2063 = ( GEOMETRIC_REPRESENTATION_CONTEXT(2) 
PARAMETRIC_REPRESENTATION_CONTEXT() REPRESENTATION_CONTEXT('2D SPACE',''
  ) );
#2064 = ORIENTED_EDGE('',*,*,#2015,.F.);
#2065 = ORIENTED_EDGE('',*,*,#138,.T.);
#2066 = ADVANCED_FACE('',(#2067),#459,.F.);
#2067 = FACE_BOUND('',#2068,.F.);
#2068 = EDGE_LOOP('',(#2069,#2092,#2119,#2120));
#2069 = ORIENTED_EDGE('',*,*,#2070,.T.);
#2070 = EDGE_CURVE('',#334,#2071,#2073,.T.);
#2071 = VERTEX_POINT('',#2072);
#2072 = CARTESIAN_POINT('',(-5.214290521666,56.588619025605,12.5));
#2073 = SEAM_CURVE('',#2074,(#2078,#2085),.PCURVE_S1.);
#2074 = LINE('',#2075,#2076);
#2075 = CARTESIAN_POINT('',(-5.371338256827,61.085877747191,12.5));
#2076 = VECTOR('',#2077,1.);
#2077 = DIRECTION('',(3.48994967025E-02,-0.999390827019,
    7.061190711983E-34));
#2078 = PCURVE('',#459,#2079);
#2079 = DEFINITIONAL_REPRESENTATION('',(#2080),#2084);
#2080 = LINE('',#2081,#2082);
#2081 = CARTESIAN_POINT('',(6.28318530718,-0.));
#2082 = VECTOR('',#2083,1.);
#2083 = DIRECTION('',(0.,1.));
#2084 = ( GEOMETRIC_REPRESENTATION_CONTEXT(2) 
PARAMETRIC_REPRESENTATION_CONTEXT() REPRESENTATION_CONTEXT('2D SPACE',''
  ) );
#2085 = PCURVE('',#459,#2086);
#2086 = DEFINITIONAL_REPRESENTATION('',(#2087),#2091);
#2087 = LINE('',#2088,#2089);
#2088 = CARTESIAN_POINT('',(0.,-0.));
#2089 = VECTOR('',#2090,1.);
#2090 = DIRECTION('',(0.,1.));
#2091 = ( GEOMETRIC_REPRESENTATION_CONTEXT(2) 
PARAMETRIC_REPRESENTATION_CONTEXT() REPRESENTATION_CONTEXT('2D SPACE',''
  ) );
#2092 = ORIENTED_EDGE('',*,*,#2093,.F.);
#2093 = EDGE_CURVE('',#2071,#2071,#2094,.T.);
#2094 = SURFACE_CURVE('',#2095,(#2100,#2107),.PCURVE_S1.);
#2095 = CIRCLE('',#2096,3.);
#2096 = AXIS2_PLACEMENT_3D('',#2097,#2098,#2099);
#2097 = CARTESIAN_POINT('',(-2.216118040609,56.693317515713,12.5));
#2098 = DIRECTION('',(3.48994967025E-02,-0.999390827019,0.));
#2099 = DIRECTION('',(-0.999390827019,-3.48994967025E-02,0.));
#2100 = PCURVE('',#459,#2101);
#2101 = DEFINITIONAL_REPRESENTATION('',(#2102),#2106);
#2102 = LINE('',#2103,#2104);
#2103 = CARTESIAN_POINT('',(0.,4.5));
#2104 = VECTOR('',#2105,1.);
#2105 = DIRECTION('',(1.,0.));
#2106 = ( GEOMETRIC_REPRESENTATION_CONTEXT(2) 
PARAMETRIC_REPRESENTATION_CONTEXT() REPRESENTATION_CONTEXT('2D SPACE',''
  ) );
#2107 = PCURVE('',#2108,#2113);
#2108 = PLANE('',#2109);
#2109 = AXIS2_PLACEMENT_3D('',#2110,#2111,#2112);
#2110 = CARTESIAN_POINT('',(-2.216118040609,56.693317515713,12.5));
#2111 = DIRECTION('',(3.48994967025E-02,-0.999390827019,0.));
#2112 = DIRECTION('',(-0.999390827019,-3.48994967025E-02,0.));
#2113 = DEFINITIONAL_REPRESENTATION('',(#2114),#2118);
#2114 = CIRCLE('',#2115,3.);
#2115 = AXIS2_PLACEMENT_2D('',#2116,#2117);
#2116 = CARTESIAN_POINT('',(0.,0.));
#2117 = DIRECTION('',(1.,0.));
#2118 = ( GEOMETRIC_REPRESENTATION_CONTEXT(2) 
PARAMETRIC_REPRESENTATION_CONTEXT() REPRESENTATION_CONTEXT('2D SPACE',''
  ) );
#2119 = ORIENTED_EDGE('',*,*,#2070,.F.);
#2120 = ORIENTED_EDGE('',*,*,#333,.T.);
#2121 = ADVANCED_FACE('',(#2122),#654,.F.);
#2122 = FACE_BOUND('',#2123,.F.);
#2123 = EDGE_LOOP('',(#2124,#2147,#2174,#2175));
#2124 = ORIENTED_EDGE('',*,*,#2125,.T.);
#2125 = EDGE_CURVE('',#529,#2126,#2128,.T.);
#2126 = VERTEX_POINT('',#2127);
#2127 = CARTESIAN_POINT('',(-45.57388467854,37.552097419866,12.5));
#2128 = SEAM_CURVE('',#2129,(#2133,#2140),.PCURVE_S1.);
#2129 = LINE('',#2130,#2131);
#2130 = CARTESIAN_POINT('',(-48.64828399354,40.838138936943,12.5));
#2131 = VECTOR('',#2132,1.);
#2132 = DIRECTION('',(0.683199847777,-0.730231448239,2.401648174041E-33)
  );
#2133 = PCURVE('',#654,#2134);
#2134 = DEFINITIONAL_REPRESENTATION('',(#2135),#2139);
#2135 = LINE('',#2136,#2137);
#2136 = CARTESIAN_POINT('',(6.28318530718,-0.));
#2137 = VECTOR('',#2138,1.);
#2138 = DIRECTION('',(0.,1.));
#2139 = ( GEOMETRIC_REPRESENTATION_CONTEXT(2) 
PARAMETRIC_REPRESENTATION_CONTEXT() REPRESENTATION_CONTEXT('2D SPACE',''
  ) );
#2140 = PCURVE('',#654,#2141);
#2141 = DEFINITIONAL_REPRESENTATION('',(#2142),#2146);
#2142 = LINE('',#2143,#2144);
#2143 = CARTESIAN_POINT('',(0.,-0.));
#2144 = VECTOR('',#2145,1.);
#2145 = DIRECTION('',(0.,1.));
#2146 = ( GEOMETRIC_REPRESENTATION_CONTEXT(2) 
PARAMETRIC_REPRESENTATION_CONTEXT() REPRESENTATION_CONTEXT('2D SPACE',''
  ) );
#2147 = ORIENTED_EDGE('',*,*,#2148,.F.);
#2148 = EDGE_CURVE('',#2126,#2126,#2149,.T.);
#2149 = SURFACE_CURVE('',#2150,(#2155,#2162),.PCURVE_S1.);
#2150 = CIRCLE('',#2151,3.);
#2151 = AXIS2_PLACEMENT_3D('',#2152,#2153,#2154);
#2152 = CARTESIAN_POINT('',(-43.38319033383,39.601696963197,12.5));
#2153 = DIRECTION('',(0.683199847777,-0.730231448239,0.));
#2154 = DIRECTION('',(-0.730231448239,-0.683199847777,0.));
#2155 = PCURVE('',#654,#2156);
#2156 = DEFINITIONAL_REPRESENTATION('',(#2157),#2161);
#2157 = LINE('',#2158,#2159);
#2158 = CARTESIAN_POINT('',(0.,4.5));
#2159 = VECTOR('',#2160,1.);
#2160 = DIRECTION('',(1.,0.));
#2161 = ( GEOMETRIC_REPRESENTATION_CONTEXT(2) 
PARAMETRIC_REPRESENTATION_CONTEXT() REPRESENTATION_CONTEXT('2D SPACE',''
  ) );
#2162 = PCURVE('',#2163,#2168);
#2163 = PLANE('',#2164);
#2164 = AXIS2_PLACEMENT_3D('',#2165,#2166,#2167);
#2165 = CARTESIAN_POINT('',(-43.38319033383,39.601696963197,12.5));
#2166 = DIRECTION('',(0.683199847777,-0.730231448239,0.));
#2167 = DIRECTION('',(-0.730231448239,-0.683199847777,0.));
#2168 = DEFINITIONAL_REPRESENTATION('',(#2169),#2173);
#2169 = CIRCLE('',#2170,3.);
#2170 = AXIS2_PLACEMENT_2D('',#2171,#2172);
#2171 = CARTESIAN_POINT('',(0.,0.));
#2172 = DIRECTION('',(1.,0.));
#2173 = ( GEOMETRIC_REPRESENTATION_CONTEXT(2) 
PARAMETRIC_REPRESENTATION_CONTEXT() REPRESENTATION_CONTEXT('2D SPACE',''
  ) );
#2174 = ORIENTED_EDGE('',*,*,#2125,.F.);
#2175 = ORIENTED_EDGE('',*,*,#528,.T.);
#2176 = ADVANCED_FACE('',(#2177,#2252),#742,.F.);
#2177 = FACE_BOUND('',#2178,.F.);
#2178 = EDGE_LOOP('',(#2179,#2209,#2230,#2231));
#2179 = ORIENTED_EDGE('',*,*,#2180,.T.);
#2180 = EDGE_CURVE('',#2181,#2183,#2185,.T.);
#2181 = VERTEX_POINT('',#2182);
#2182 = CARTESIAN_POINT('',(29.813189982594,47.650964553377,23.5));
#2183 = VERTEX_POINT('',#2184);
#2184 = CARTESIAN_POINT('',(34.097902439387,45.073904375072,23.5));
#2185 = SURFACE_CURVE('',#2186,(#2190,#2197),.PCURVE_S1.);
#2186 = LINE('',#2187,#2188);
#2187 = CARTESIAN_POINT('',(29.813189982594,47.650964553377,23.5));
#2188 = VECTOR('',#2189,1.);
#2189 = DIRECTION('',(0.856942491358,-0.515412035661,0.));
#2190 = PCURVE('',#742,#2191);
#2191 = DEFINITIONAL_REPRESENTATION('',(#2192),#2196);
#2192 = LINE('',#2193,#2194);
#2193 = CARTESIAN_POINT('',(-4.719416406702,-2.996182367639));
#2194 = VECTOR('',#2195,1.);
#2195 = DIRECTION('',(0.856942491358,-0.515412035661));
#2196 = ( GEOMETRIC_REPRESENTATION_CONTEXT(2) 
PARAMETRIC_REPRESENTATION_CONTEXT() REPRESENTATION_CONTEXT('2D SPACE',''
  ) );
#2197 = PCURVE('',#2198,#2203);
#2198 = PLANE('',#2199);
#2199 = AXIS2_PLACEMENT_3D('',#2200,#2201,#2202);
#2200 = CARTESIAN_POINT('',(29.813189982594,47.650964553377,1.5));
#2201 = DIRECTION('',(0.515412035661,0.856942491358,-0.));
#2202 = DIRECTION('',(0.856942491358,-0.515412035661,0.));
#2203 = DEFINITIONAL_REPRESENTATION('',(#2204),#2208);
#2204 = LINE('',#2205,#2206);
#2205 = CARTESIAN_POINT('',(0.,-22.));
#2206 = VECTOR('',#2207,1.);
#2207 = DIRECTION('',(1.,0.));
#2208 = ( GEOMETRIC_REPRESENTATION_CONTEXT(2) 
PARAMETRIC_REPRESENTATION_CONTEXT() REPRESENTATION_CONTEXT('2D SPACE',''
  ) );
#2209 = ORIENTED_EDGE('',*,*,#2210,.T.);
#2210 = EDGE_CURVE('',#2183,#726,#2211,.T.);
#2211 = SURFACE_CURVE('',#2212,(#2216,#2223),.PCURVE_S1.);
#2212 = LINE('',#2213,#2214);
#2213 = CARTESIAN_POINT('',(34.097902439387,45.073904375072,23.5));
#2214 = VECTOR('',#2215,1.);
#2215 = DIRECTION('',(0.515412035661,0.856942491358,0.));
#2216 = PCURVE('',#742,#2217);
#2217 = DEFINITIONAL_REPRESENTATION('',(#2218),#2222);
#2218 = LINE('',#2219,#2220);
#2219 = CARTESIAN_POINT('',(-0.43470394991,-5.573242545945));
#2220 = VECTOR('',#2221,1.);
#2221 = DIRECTION('',(0.515412035661,0.856942491358));
#2222 = ( GEOMETRIC_REPRESENTATION_CONTEXT(2) 
PARAMETRIC_REPRESENTATION_CONTEXT() REPRESENTATION_CONTEXT('2D SPACE',''
  ) );
#2223 = PCURVE('',#773,#2224);
#2224 = DEFINITIONAL_REPRESENTATION('',(#2225),#2229);
#2225 = LINE('',#2226,#2227);
#2226 = CARTESIAN_POINT('',(0.,-22.));
#2227 = VECTOR('',#2228,1.);
#2228 = DIRECTION('',(1.,0.));
#2229 = ( GEOMETRIC_REPRESENTATION_CONTEXT(2) 
PARAMETRIC_REPRESENTATION_CONTEXT() REPRESENTATION_CONTEXT('2D SPACE',''
  ) );
#2230 = ORIENTED_EDGE('',*,*,#723,.F.);
#2231 = ORIENTED_EDGE('',*,*,#2232,.T.);
#2232 = EDGE_CURVE('',#724,#2181,#2233,.T.);
#2233 = SURFACE_CURVE('',#2234,(#2238,#2245),.PCURVE_S1.);
#2234 = LINE('',#2235,#2236);
#2235 = CARTESIAN_POINT('',(34.967310339206,56.220389466962,23.5));
#2236 = VECTOR('',#2237,1.);
#2237 = DIRECTION('',(-0.515412035661,-0.856942491358,0.));
#2238 = PCURVE('',#742,#2239);
#2239 = DEFINITIONAL_REPRESENTATION('',(#2240),#2244);
#2240 = LINE('',#2241,#2242);
#2241 = CARTESIAN_POINT('',(0.43470394991,5.573242545945));
#2242 = VECTOR('',#2243,1.);
#2243 = DIRECTION('',(-0.515412035661,-0.856942491358));
#2244 = ( GEOMETRIC_REPRESENTATION_CONTEXT(2) 
PARAMETRIC_REPRESENTATION_CONTEXT() REPRESENTATION_CONTEXT('2D SPACE',''
  ) );
#2245 = PCURVE('',#830,#2246);
#2246 = DEFINITIONAL_REPRESENTATION('',(#2247),#2251);
#2247 = LINE('',#2248,#2249);
#2248 = CARTESIAN_POINT('',(0.,-22.));
#2249 = VECTOR('',#2250,1.);
#2250 = DIRECTION('',(1.,0.));
#2251 = ( GEOMETRIC_REPRESENTATION_CONTEXT(2) 
PARAMETRIC_REPRESENTATION_CONTEXT() REPRESENTATION_CONTEXT('2D SPACE',''
  ) );
#2252 = FACE_BOUND('',#2253,.F.);
#2253 = EDGE_LOOP('',(#2254));
#2254 = ORIENTED_EDGE('',*,*,#2255,.T.);
#2255 = EDGE_CURVE('',#2256,#2256,#2258,.T.);
#2256 = VERTEX_POINT('',#2257);
#2257 = CARTESIAN_POINT('',(34.844076300143,48.504790692621,23.5));
#2258 = SURFACE_CURVE('',#2259,(#2264,#2275),.PCURVE_S1.);
#2259 = CIRCLE('',#2260,1.6);
#2260 = AXIS2_PLACEMENT_3D('',#2261,#2262,#2263);
#2261 = CARTESIAN_POINT('',(33.244076300143,48.504790692621,23.5));
#2262 = DIRECTION('',(0.,0.,-1.));
#2263 = DIRECTION('',(1.,0.,0.));
#2264 = PCURVE('',#742,#2265);
#2265 = DEFINITIONAL_REPRESENTATION('',(#2266),#2274);
#2266 = ( BOUNDED_CURVE() B_SPLINE_CURVE(2,(#2267,#2268,#2269,#2270,
#2271,#2272,#2273),.UNSPECIFIED.,.T.,.F.) B_SPLINE_CURVE_WITH_KNOTS((1,2
    ,2,2,2,1),(-2.094395102393,0.,2.094395102393,4.188790204786,
6.28318530718,8.377580409573),.UNSPECIFIED.) CURVE() 
GEOMETRIC_REPRESENTATION_ITEM() RATIONAL_B_SPLINE_CURVE((1.,0.5,1.,0.5,
1.,0.5,1.)) REPRESENTATION_ITEM('') );
#2267 = CARTESIAN_POINT('',(0.311469910847,-2.142356228396));
#2268 = CARTESIAN_POINT('',(0.311469910847,-4.913637520506));
#2269 = CARTESIAN_POINT('',(-2.088530089153,-3.527996874451));
#2270 = CARTESIAN_POINT('',(-4.488530089153,-2.142356228396));
#2271 = CARTESIAN_POINT('',(-2.088530089153,-0.756715582341));
#2272 = CARTESIAN_POINT('',(0.311469910847,0.628925063714));
#2273 = CARTESIAN_POINT('',(0.311469910847,-2.142356228396));
#2274 = ( GEOMETRIC_REPRESENTATION_CONTEXT(2) 
PARAMETRIC_REPRESENTATION_CONTEXT() REPRESENTATION_CONTEXT('2D SPACE',''
  ) );
#2275 = PCURVE('',#1876,#2276);
#2276 = DEFINITIONAL_REPRESENTATION('',(#2277),#2281);
#2277 = LINE('',#2278,#2279);
#2278 = CARTESIAN_POINT('',(-6.28318530718,-23.5));
#2279 = VECTOR('',#2280,1.);
#2280 = DIRECTION('',(1.,-0.));
#2281 = ( GEOMETRIC_REPRESENTATION_CONTEXT(2) 
PARAMETRIC_REPRESENTATION_CONTEXT() REPRESENTATION_CONTEXT('2D SPACE',''
  ) );
#2282 = ADVANCED_FACE('',(#2283),#830,.T.);
#2283 = FACE_BOUND('',#2284,.T.);
#2284 = EDGE_LOOP('',(#2285,#2308,#2309,#2310));
#2285 = ORIENTED_EDGE('',*,*,#2286,.F.);
#2286 = EDGE_CURVE('',#785,#2287,#2289,.T.);
#2287 = VERTEX_POINT('',#2288);
#2288 = CARTESIAN_POINT('',(29.813189982594,47.650964553377,1.5));
#2289 = SURFACE_CURVE('',#2290,(#2294,#2301),.PCURVE_S1.);
#2290 = LINE('',#2291,#2292);
#2291 = CARTESIAN_POINT('',(34.967310339206,56.220389466962,1.5));
#2292 = VECTOR('',#2293,1.);
#2293 = DIRECTION('',(-0.515412035661,-0.856942491358,0.));
#2294 = PCURVE('',#830,#2295);
#2295 = DEFINITIONAL_REPRESENTATION('',(#2296),#2300);
#2296 = LINE('',#2297,#2298);
#2297 = CARTESIAN_POINT('',(0.,0.));
#2298 = VECTOR('',#2299,1.);
#2299 = DIRECTION('',(1.,0.));
#2300 = ( GEOMETRIC_REPRESENTATION_CONTEXT(2) 
PARAMETRIC_REPRESENTATION_CONTEXT() REPRESENTATION_CONTEXT('2D SPACE',''
  ) );
#2301 = PCURVE('',#801,#2302);
#2302 = DEFINITIONAL_REPRESENTATION('',(#2303),#2307);
#2303 = LINE('',#2304,#2305);
#2304 = CARTESIAN_POINT('',(0.43470394991,5.573242545945));
#2305 = VECTOR('',#2306,1.);
#2306 = DIRECTION('',(-0.515412035661,-0.856942491358));
#2307 = ( GEOMETRIC_REPRESENTATION_CONTEXT(2) 
PARAMETRIC_REPRESENTATION_CONTEXT() REPRESENTATION_CONTEXT('2D SPACE',''
  ) );
#2308 = ORIENTED_EDGE('',*,*,#817,.F.);
#2309 = ORIENTED_EDGE('',*,*,#2232,.T.);
#2310 = ORIENTED_EDGE('',*,*,#2311,.F.);
#2311 = EDGE_CURVE('',#2287,#2181,#2312,.T.);
#2312 = SURFACE_CURVE('',#2313,(#2317,#2324),.PCURVE_S1.);
#2313 = LINE('',#2314,#2315);
#2314 = CARTESIAN_POINT('',(29.813189982594,47.650964553377,1.5));
#2315 = VECTOR('',#2316,1.);
#2316 = DIRECTION('',(0.,0.,1.));
#2317 = PCURVE('',#830,#2318);
#2318 = DEFINITIONAL_REPRESENTATION('',(#2319),#2323);
#2319 = LINE('',#2320,#2321);
#2320 = CARTESIAN_POINT('',(10.,0.));
#2321 = VECTOR('',#2322,1.);
#2322 = DIRECTION('',(0.,-1.));
#2323 = ( GEOMETRIC_REPRESENTATION_CONTEXT(2) 
PARAMETRIC_REPRESENTATION_CONTEXT() REPRESENTATION_CONTEXT('2D SPACE',''
  ) );
#2324 = PCURVE('',#2198,#2325);
#2325 = DEFINITIONAL_REPRESENTATION('',(#2326),#2330);
#2326 = LINE('',#2327,#2328);
#2327 = CARTESIAN_POINT('',(0.,0.));
#2328 = VECTOR('',#2329,1.);
#2329 = DIRECTION('',(0.,-1.));
#2330 = ( GEOMETRIC_REPRESENTATION_CONTEXT(2) 
PARAMETRIC_REPRESENTATION_CONTEXT() REPRESENTATION_CONTEXT('2D SPACE',''
  ) );
#2331 = ADVANCED_FACE('',(#2332),#773,.T.);
#2332 = FACE_BOUND('',#2333,.T.);
#2333 = EDGE_LOOP('',(#2334,#2357,#2378,#2379));
#2334 = ORIENTED_EDGE('',*,*,#2335,.F.);
#2335 = EDGE_CURVE('',#2336,#759,#2338,.T.);
#2336 = VERTEX_POINT('',#2337);
#2337 = CARTESIAN_POINT('',(34.097902439387,45.073904375072,1.5));
#2338 = SURFACE_CURVE('',#2339,(#2343,#2350),.PCURVE_S1.);
#2339 = LINE('',#2340,#2341);
#2340 = CARTESIAN_POINT('',(34.097902439387,45.073904375072,1.5));
#2341 = VECTOR('',#2342,1.);
#2342 = DIRECTION('',(0.515412035661,0.856942491358,0.));
#2343 = PCURVE('',#773,#2344);
#2344 = DEFINITIONAL_REPRESENTATION('',(#2345),#2349);
#2345 = LINE('',#2346,#2347);
#2346 = CARTESIAN_POINT('',(0.,0.));
#2347 = VECTOR('',#2348,1.);
#2348 = DIRECTION('',(1.,0.));
#2349 = ( GEOMETRIC_REPRESENTATION_CONTEXT(2) 
PARAMETRIC_REPRESENTATION_CONTEXT() REPRESENTATION_CONTEXT('2D SPACE',''
  ) );
#2350 = PCURVE('',#801,#2351);
#2351 = DEFINITIONAL_REPRESENTATION('',(#2352),#2356);
#2352 = LINE('',#2353,#2354);
#2353 = CARTESIAN_POINT('',(-0.43470394991,-5.573242545945));
#2354 = VECTOR('',#2355,1.);
#2355 = DIRECTION('',(0.515412035661,0.856942491358));
#2356 = ( GEOMETRIC_REPRESENTATION_CONTEXT(2) 
PARAMETRIC_REPRESENTATION_CONTEXT() REPRESENTATION_CONTEXT('2D SPACE',''
  ) );
#2357 = ORIENTED_EDGE('',*,*,#2358,.T.);
#2358 = EDGE_CURVE('',#2336,#2183,#2359,.T.);
#2359 = SURFACE_CURVE('',#2360,(#2364,#2371),.PCURVE_S1.);
#2360 = LINE('',#2361,#2362);
#2361 = CARTESIAN_POINT('',(34.097902439387,45.073904375072,1.5));
#2362 = VECTOR('',#2363,1.);
#2363 = DIRECTION('',(0.,0.,1.));
#2364 = PCURVE('',#773,#2365);
#2365 = DEFINITIONAL_REPRESENTATION('',(#2366),#2370);
#2366 = LINE('',#2367,#2368);
#2367 = CARTESIAN_POINT('',(0.,0.));
#2368 = VECTOR('',#2369,1.);
#2369 = DIRECTION('',(0.,-1.));
#2370 = ( GEOMETRIC_REPRESENTATION_CONTEXT(2) 
PARAMETRIC_REPRESENTATION_CONTEXT() REPRESENTATION_CONTEXT('2D SPACE',''
  ) );
#2371 = PCURVE('',#2198,#2372);
#2372 = DEFINITIONAL_REPRESENTATION('',(#2373),#2377);
#2373 = LINE('',#2374,#2375);
#2374 = CARTESIAN_POINT('',(5.,0.));
#2375 = VECTOR('',#2376,1.);
#2376 = DIRECTION('',(0.,-1.));
#2377 = ( GEOMETRIC_REPRESENTATION_CONTEXT(2) 
PARAMETRIC_REPRESENTATION_CONTEXT() REPRESENTATION_CONTEXT('2D SPACE',''
  ) );
#2378 = ORIENTED_EDGE('',*,*,#2210,.T.);
#2379 = ORIENTED_EDGE('',*,*,#758,.T.);
#2380 = ADVANCED_FACE('',(#2381,#2407),#801,.T.);
#2381 = FACE_BOUND('',#2382,.T.);
#2382 = EDGE_LOOP('',(#2383,#2404,#2405,#2406));
#2383 = ORIENTED_EDGE('',*,*,#2384,.T.);
#2384 = EDGE_CURVE('',#2287,#2336,#2385,.T.);
#2385 = SURFACE_CURVE('',#2386,(#2390,#2397),.PCURVE_S1.);
#2386 = LINE('',#2387,#2388);
#2387 = CARTESIAN_POINT('',(29.813189982594,47.650964553377,1.5));
#2388 = VECTOR('',#2389,1.);
#2389 = DIRECTION('',(0.856942491358,-0.515412035661,0.));
#2390 = PCURVE('',#801,#2391);
#2391 = DEFINITIONAL_REPRESENTATION('',(#2392),#2396);
#2392 = LINE('',#2393,#2394);
#2393 = CARTESIAN_POINT('',(-4.719416406702,-2.996182367639));
#2394 = VECTOR('',#2395,1.);
#2395 = DIRECTION('',(0.856942491358,-0.515412035661));
#2396 = ( GEOMETRIC_REPRESENTATION_CONTEXT(2) 
PARAMETRIC_REPRESENTATION_CONTEXT() REPRESENTATION_CONTEXT('2D SPACE',''
  ) );
#2397 = PCURVE('',#2198,#2398);
#2398 = DEFINITIONAL_REPRESENTATION('',(#2399),#2403);
#2399 = LINE('',#2400,#2401);
#2400 = CARTESIAN_POINT('',(0.,0.));
#2401 = VECTOR('',#2402,1.);
#2402 = DIRECTION('',(1.,0.));
#2403 = ( GEOMETRIC_REPRESENTATION_CONTEXT(2) 
PARAMETRIC_REPRESENTATION_CONTEXT() REPRESENTATION_CONTEXT('2D SPACE',''
  ) );
#2404 = ORIENTED_EDGE('',*,*,#2335,.T.);
#2405 = ORIENTED_EDGE('',*,*,#784,.F.);
#2406 = ORIENTED_EDGE('',*,*,#2286,.T.);
#2407 = FACE_BOUND('',#2408,.T.);
#2408 = EDGE_LOOP('',(#2409));
#2409 = ORIENTED_EDGE('',*,*,#2410,.T.);
#2410 = EDGE_CURVE('',#2411,#2411,#2413,.T.);
#2411 = VERTEX_POINT('',#2412);
#2412 = CARTESIAN_POINT('',(34.844076300143,48.504790692621,1.5));
#2413 = SURFACE_CURVE('',#2414,(#2419,#2430),.PCURVE_S1.);
#2414 = CIRCLE('',#2415,1.6);
#2415 = AXIS2_PLACEMENT_3D('',#2416,#2417,#2418);
#2416 = CARTESIAN_POINT('',(33.244076300143,48.504790692621,1.5));
#2417 = DIRECTION('',(0.,0.,-1.));
#2418 = DIRECTION('',(1.,0.,0.));
#2419 = PCURVE('',#801,#2420);
#2420 = DEFINITIONAL_REPRESENTATION('',(#2421),#2429);
#2421 = ( BOUNDED_CURVE() B_SPLINE_CURVE(2,(#2422,#2423,#2424,#2425,
#2426,#2427,#2428),.UNSPECIFIED.,.T.,.F.) B_SPLINE_CURVE_WITH_KNOTS((1,2
    ,2,2,2,1),(-2.094395102393,0.,2.094395102393,4.188790204786,
6.28318530718,8.377580409573),.UNSPECIFIED.) CURVE() 
GEOMETRIC_REPRESENTATION_ITEM() RATIONAL_B_SPLINE_CURVE((1.,0.5,1.,0.5,
1.,0.5,1.)) REPRESENTATION_ITEM('') );
#2422 = CARTESIAN_POINT('',(0.311469910847,-2.142356228396));
#2423 = CARTESIAN_POINT('',(0.311469910847,-4.913637520506));
#2424 = CARTESIAN_POINT('',(-2.088530089153,-3.527996874451));
#2425 = CARTESIAN_POINT('',(-4.488530089153,-2.142356228396));
#2426 = CARTESIAN_POINT('',(-2.088530089153,-0.756715582341));
#2427 = CARTESIAN_POINT('',(0.311469910847,0.628925063714));
#2428 = CARTESIAN_POINT('',(0.311469910847,-2.142356228396));
#2429 = ( GEOMETRIC_REPRESENTATION_CONTEXT(2) 
PARAMETRIC_REPRESENTATION_CONTEXT() REPRESENTATION_CONTEXT('2D SPACE',''
  ) );
#2430 = PCURVE('',#1568,#2431);
#2431 = DEFINITIONAL_REPRESENTATION('',(#2432),#2436);
#2432 = LINE('',#2433,#2434);
#2433 = CARTESIAN_POINT('',(-6.28318530718,-1.5));
#2434 = VECTOR('',#2435,1.);
#2435 = DIRECTION('',(1.,-0.));
#2436 = ( GEOMETRIC_REPRESENTATION_CONTEXT(2) 
PARAMETRIC_REPRESENTATION_CONTEXT() REPRESENTATION_CONTEXT('2D SPACE',''
  ) );
#2437 = ADVANCED_FACE('',(#2438,#2513),#862,.F.);
#2438 = FACE_BOUND('',#2439,.F.);
#2439 = EDGE_LOOP('',(#2440,#2470,#2491,#2492));
#2440 = ORIENTED_EDGE('',*,*,#2441,.T.);
#2441 = EDGE_CURVE('',#2442,#2444,#2446,.T.);
#2442 = VERTEX_POINT('',#2443);
#2443 = CARTESIAN_POINT('',(16.588439482159,53.023919818206,23.5));
#2444 = VERTEX_POINT('',#2445);
#2445 = CARTESIAN_POINT('',(21.348686128511,51.494197011324,23.5));
#2446 = SURFACE_CURVE('',#2447,(#2451,#2458),.PCURVE_S1.);
#2447 = LINE('',#2448,#2449);
#2448 = CARTESIAN_POINT('',(16.588439482159,53.023919818206,23.5));
#2449 = VECTOR('',#2450,1.);
#2450 = DIRECTION('',(0.95204932927,-0.305944561376,0.));
#2451 = PCURVE('',#862,#2452);
#2452 = DEFINITIONAL_REPRESENTATION('',(#2453),#2457);
#2453 = LINE('',#2454,#2455);
#2454 = CARTESIAN_POINT('',(-17.94416690713,2.376772897189));
#2455 = VECTOR('',#2456,1.);
#2456 = DIRECTION('',(0.95204932927,-0.305944561376));
#2457 = ( GEOMETRIC_REPRESENTATION_CONTEXT(2) 
PARAMETRIC_REPRESENTATION_CONTEXT() REPRESENTATION_CONTEXT('2D SPACE',''
  ) );
#2458 = PCURVE('',#2459,#2464);
#2459 = PLANE('',#2460);
#2460 = AXIS2_PLACEMENT_3D('',#2461,#2462,#2463);
#2461 = CARTESIAN_POINT('',(16.588439482159,53.023919818206,1.5));
#2462 = DIRECTION('',(0.305944561376,0.95204932927,-0.));
#2463 = DIRECTION('',(0.95204932927,-0.305944561376,0.));
#2464 = DEFINITIONAL_REPRESENTATION('',(#2465),#2469);
#2465 = LINE('',#2466,#2467);
#2466 = CARTESIAN_POINT('',(0.,-22.));
#2467 = VECTOR('',#2468,1.);
#2468 = DIRECTION('',(1.,0.));
#2469 = ( GEOMETRIC_REPRESENTATION_CONTEXT(2) 
PARAMETRIC_REPRESENTATION_CONTEXT() REPRESENTATION_CONTEXT('2D SPACE',''
  ) );
#2470 = ORIENTED_EDGE('',*,*,#2471,.T.);
#2471 = EDGE_CURVE('',#2444,#846,#2472,.T.);
#2472 = SURFACE_CURVE('',#2473,(#2477,#2484),.PCURVE_S1.);
#2473 = LINE('',#2474,#2475);
#2474 = CARTESIAN_POINT('',(21.348686128511,51.494197011324,23.5));
#2475 = VECTOR('',#2476,1.);
#2476 = DIRECTION('',(0.305944561376,0.95204932927,0.));
#2477 = PCURVE('',#862,#2478);
#2478 = DEFINITIONAL_REPRESENTATION('',(#2479),#2483);
#2479 = LINE('',#2480,#2481);
#2480 = CARTESIAN_POINT('',(-13.18392026078,0.847050090307));
#2481 = VECTOR('',#2482,1.);
#2482 = DIRECTION('',(0.305944561376,0.95204932927));
#2483 = ( GEOMETRIC_REPRESENTATION_CONTEXT(2) 
PARAMETRIC_REPRESENTATION_CONTEXT() REPRESENTATION_CONTEXT('2D SPACE',''
  ) );
#2484 = PCURVE('',#893,#2485);
#2485 = DEFINITIONAL_REPRESENTATION('',(#2486),#2490);
#2486 = LINE('',#2487,#2488);
#2487 = CARTESIAN_POINT('',(0.,-22.));
#2488 = VECTOR('',#2489,1.);
#2489 = DIRECTION('',(1.,0.));
#2490 = ( GEOMETRIC_REPRESENTATION_CONTEXT(2) 
PARAMETRIC_REPRESENTATION_CONTEXT() REPRESENTATION_CONTEXT('2D SPACE',''
  ) );
#2491 = ORIENTED_EDGE('',*,*,#843,.F.);
#2492 = ORIENTED_EDGE('',*,*,#2493,.T.);
#2493 = EDGE_CURVE('',#844,#2442,#2494,.T.);
#2494 = SURFACE_CURVE('',#2495,(#2499,#2506),.PCURVE_S1.);
#2495 = LINE('',#2496,#2497);
#2496 = CARTESIAN_POINT('',(19.647885095923,62.54441311091,23.5));
#2497 = VECTOR('',#2498,1.);
#2498 = DIRECTION('',(-0.305944561376,-0.95204932927,0.));
#2499 = PCURVE('',#862,#2500);
#2500 = DEFINITIONAL_REPRESENTATION('',(#2501),#2505);
#2501 = LINE('',#2502,#2503);
#2502 = CARTESIAN_POINT('',(-14.88472129337,11.897266189893));
#2503 = VECTOR('',#2504,1.);
#2504 = DIRECTION('',(-0.305944561376,-0.95204932927));
#2505 = ( GEOMETRIC_REPRESENTATION_CONTEXT(2) 
PARAMETRIC_REPRESENTATION_CONTEXT() REPRESENTATION_CONTEXT('2D SPACE',''
  ) );
#2506 = PCURVE('',#950,#2507);
#2507 = DEFINITIONAL_REPRESENTATION('',(#2508),#2512);
#2508 = LINE('',#2509,#2510);
#2509 = CARTESIAN_POINT('',(0.,-22.));
#2510 = VECTOR('',#2511,1.);
#2511 = DIRECTION('',(1.,0.));
#2512 = ( GEOMETRIC_REPRESENTATION_CONTEXT(2) 
PARAMETRIC_REPRESENTATION_CONTEXT() REPRESENTATION_CONTEXT('2D SPACE',''
  ) );
#2513 = FACE_BOUND('',#2514,.F.);
#2514 = EDGE_LOOP('',(#2515));
#2515 = ORIENTED_EDGE('',*,*,#2516,.T.);
#2516 = EDGE_CURVE('',#2517,#2517,#2519,.T.);
#2517 = VERTEX_POINT('',#2518);
#2518 = CARTESIAN_POINT('',(21.333424208776,54.639181737941,23.5));
#2519 = SURFACE_CURVE('',#2520,(#2525,#2536),.PCURVE_S1.);
#2520 = CIRCLE('',#2521,1.6);
#2521 = AXIS2_PLACEMENT_3D('',#2522,#2523,#2524);
#2522 = CARTESIAN_POINT('',(19.733424208776,54.639181737941,23.5));
#2523 = DIRECTION('',(0.,0.,-1.));
#2524 = DIRECTION('',(1.,0.,0.));
#2525 = PCURVE('',#862,#2526);
#2526 = DEFINITIONAL_REPRESENTATION('',(#2527),#2535);
#2527 = ( BOUNDED_CURVE() B_SPLINE_CURVE(2,(#2528,#2529,#2530,#2531,
#2532,#2533,#2534),.UNSPECIFIED.,.T.,.F.) B_SPLINE_CURVE_WITH_KNOTS((1,2
    ,2,2,2,1),(-2.094395102393,0.,2.094395102393,4.188790204786,
6.28318530718,8.377580409573),.UNSPECIFIED.) CURVE() 
GEOMETRIC_REPRESENTATION_ITEM() RATIONAL_B_SPLINE_CURVE((1.,0.5,1.,0.5,
1.,0.5,1.)) REPRESENTATION_ITEM('') );
#2528 = CARTESIAN_POINT('',(-13.19918218052,3.992034816924));
#2529 = CARTESIAN_POINT('',(-13.19918218052,1.220753524814));
#2530 = CARTESIAN_POINT('',(-15.59918218052,2.606394170869));
#2531 = CARTESIAN_POINT('',(-17.99918218052,3.992034816924));
#2532 = CARTESIAN_POINT('',(-15.59918218052,5.377675462979));
#2533 = CARTESIAN_POINT('',(-13.19918218052,6.763316109034));
#2534 = CARTESIAN_POINT('',(-13.19918218052,3.992034816924));
#2535 = ( GEOMETRIC_REPRESENTATION_CONTEXT(2) 
PARAMETRIC_REPRESENTATION_CONTEXT() REPRESENTATION_CONTEXT('2D SPACE',''
  ) );
#2536 = PCURVE('',#1969,#2537);
#2537 = DEFINITIONAL_REPRESENTATION('',(#2538),#2542);
#2538 = LINE('',#2539,#2540);
#2539 = CARTESIAN_POINT('',(-6.28318530718,-23.5));
#2540 = VECTOR('',#2541,1.);
#2541 = DIRECTION('',(1.,-0.));
#2542 = ( GEOMETRIC_REPRESENTATION_CONTEXT(2) 
PARAMETRIC_REPRESENTATION_CONTEXT() REPRESENTATION_CONTEXT('2D SPACE',''
  ) );
#2543 = ADVANCED_FACE('',(#2544),#950,.T.);
#2544 = FACE_BOUND('',#2545,.T.);
#2545 = EDGE_LOOP('',(#2546,#2569,#2570,#2571));
#2546 = ORIENTED_EDGE('',*,*,#2547,.F.);
#2547 = EDGE_CURVE('',#905,#2548,#2550,.T.);
#2548 = VERTEX_POINT('',#2549);
#2549 = CARTESIAN_POINT('',(16.588439482159,53.023919818206,1.5));
#2550 = SURFACE_CURVE('',#2551,(#2555,#2562),.PCURVE_S1.);
#2551 = LINE('',#2552,#2553);
#2552 = CARTESIAN_POINT('',(19.647885095923,62.54441311091,1.5));
#2553 = VECTOR('',#2554,1.);
#2554 = DIRECTION('',(-0.305944561376,-0.95204932927,0.));
#2555 = PCURVE('',#950,#2556);
#2556 = DEFINITIONAL_REPRESENTATION('',(#2557),#2561);
#2557 = LINE('',#2558,#2559);
#2558 = CARTESIAN_POINT('',(0.,0.));
#2559 = VECTOR('',#2560,1.);
#2560 = DIRECTION('',(1.,0.));
#2561 = ( GEOMETRIC_REPRESENTATION_CONTEXT(2) 
PARAMETRIC_REPRESENTATION_CONTEXT() REPRESENTATION_CONTEXT('2D SPACE',''
  ) );
#2562 = PCURVE('',#921,#2563);
#2563 = DEFINITIONAL_REPRESENTATION('',(#2564),#2568);
#2564 = LINE('',#2565,#2566);
#2565 = CARTESIAN_POINT('',(-14.88472129337,11.897266189893));
#2566 = VECTOR('',#2567,1.);
#2567 = DIRECTION('',(-0.305944561376,-0.95204932927));
#2568 = ( GEOMETRIC_REPRESENTATION_CONTEXT(2) 
PARAMETRIC_REPRESENTATION_CONTEXT() REPRESENTATION_CONTEXT('2D SPACE',''
  ) );
#2569 = ORIENTED_EDGE('',*,*,#937,.F.);
#2570 = ORIENTED_EDGE('',*,*,#2493,.T.);
#2571 = ORIENTED_EDGE('',*,*,#2572,.F.);
#2572 = EDGE_CURVE('',#2548,#2442,#2573,.T.);
#2573 = SURFACE_CURVE('',#2574,(#2578,#2585),.PCURVE_S1.);
#2574 = LINE('',#2575,#2576);
#2575 = CARTESIAN_POINT('',(16.588439482159,53.023919818206,1.5));
#2576 = VECTOR('',#2577,1.);
#2577 = DIRECTION('',(0.,0.,1.));
#2578 = PCURVE('',#950,#2579);
#2579 = DEFINITIONAL_REPRESENTATION('',(#2580),#2584);
#2580 = LINE('',#2581,#2582);
#2581 = CARTESIAN_POINT('',(10.,0.));
#2582 = VECTOR('',#2583,1.);
#2583 = DIRECTION('',(0.,-1.));
#2584 = ( GEOMETRIC_REPRESENTATION_CONTEXT(2) 
PARAMETRIC_REPRESENTATION_CONTEXT() REPRESENTATION_CONTEXT('2D SPACE',''
  ) );
#2585 = PCURVE('',#2459,#2586);
#2586 = DEFINITIONAL_REPRESENTATION('',(#2587),#2591);
#2587 = LINE('',#2588,#2589);
#2588 = CARTESIAN_POINT('',(0.,0.));
#2589 = VECTOR('',#2590,1.);
#2590 = DIRECTION('',(0.,-1.));
#2591 = ( GEOMETRIC_REPRESENTATION_CONTEXT(2) 
PARAMETRIC_REPRESENTATION_CONTEXT() REPRESENTATION_CONTEXT('2D SPACE',''
  ) );
#2592 = ADVANCED_FACE('',(#2593),#893,.T.);
#2593 = FACE_BOUND('',#2594,.T.);
#2594 = EDGE_LOOP('',(#2595,#2618,#2639,#2640));
#2595 = ORIENTED_EDGE('',*,*,#2596,.F.);
#2596 = EDGE_CURVE('',#2597,#879,#2599,.T.);
#2597 = VERTEX_POINT('',#2598);
#2598 = CARTESIAN_POINT('',(21.348686128511,51.494197011324,1.5));
#2599 = SURFACE_CURVE('',#2600,(#2604,#2611),.PCURVE_S1.);
#2600 = LINE('',#2601,#2602);
#2601 = CARTESIAN_POINT('',(21.348686128511,51.494197011324,1.5));
#2602 = VECTOR('',#2603,1.);
#2603 = DIRECTION('',(0.305944561376,0.95204932927,0.));
#2604 = PCURVE('',#893,#2605);
#2605 = DEFINITIONAL_REPRESENTATION('',(#2606),#2610);
#2606 = LINE('',#2607,#2608);
#2607 = CARTESIAN_POINT('',(0.,0.));
#2608 = VECTOR('',#2609,1.);
#2609 = DIRECTION('',(1.,0.));
#2610 = ( GEOMETRIC_REPRESENTATION_CONTEXT(2) 
PARAMETRIC_REPRESENTATION_CONTEXT() REPRESENTATION_CONTEXT('2D SPACE',''
  ) );
#2611 = PCURVE('',#921,#2612);
#2612 = DEFINITIONAL_REPRESENTATION('',(#2613),#2617);
#2613 = LINE('',#2614,#2615);
#2614 = CARTESIAN_POINT('',(-13.18392026078,0.847050090307));
#2615 = VECTOR('',#2616,1.);
#2616 = DIRECTION('',(0.305944561376,0.95204932927));
#2617 = ( GEOMETRIC_REPRESENTATION_CONTEXT(2) 
PARAMETRIC_REPRESENTATION_CONTEXT() REPRESENTATION_CONTEXT('2D SPACE',''
  ) );
#2618 = ORIENTED_EDGE('',*,*,#2619,.T.);
#2619 = EDGE_CURVE('',#2597,#2444,#2620,.T.);
#2620 = SURFACE_CURVE('',#2621,(#2625,#2632),.PCURVE_S1.);
#2621 = LINE('',#2622,#2623);
#2622 = CARTESIAN_POINT('',(21.348686128511,51.494197011324,1.5));
#2623 = VECTOR('',#2624,1.);
#2624 = DIRECTION('',(0.,0.,1.));
#2625 = PCURVE('',#893,#2626);
#2626 = DEFINITIONAL_REPRESENTATION('',(#2627),#2631);
#2627 = LINE('',#2628,#2629);
#2628 = CARTESIAN_POINT('',(0.,0.));
#2629 = VECTOR('',#2630,1.);
#2630 = DIRECTION('',(0.,-1.));
#2631 = ( GEOMETRIC_REPRESENTATION_CONTEXT(2) 
PARAMETRIC_REPRESENTATION_CONTEXT() REPRESENTATION_CONTEXT('2D SPACE',''
  ) );
#2632 = PCURVE('',#2459,#2633);
#2633 = DEFINITIONAL_REPRESENTATION('',(#2634),#2638);
#2634 = LINE('',#2635,#2636);
#2635 = CARTESIAN_POINT('',(5.,0.));
#2636 = VECTOR('',#2637,1.);
#2637 = DIRECTION('',(0.,-1.));
#2638 = ( GEOMETRIC_REPRESENTATION_CONTEXT(2) 
PARAMETRIC_REPRESENTATION_CONTEXT() REPRESENTATION_CONTEXT('2D SPACE',''
  ) );
#2639 = ORIENTED_EDGE('',*,*,#2471,.T.);
#2640 = ORIENTED_EDGE('',*,*,#878,.T.);
#2641 = ADVANCED_FACE('',(#2642,#2668),#921,.T.);
#2642 = FACE_BOUND('',#2643,.T.);
#2643 = EDGE_LOOP('',(#2644,#2665,#2666,#2667));
#2644 = ORIENTED_EDGE('',*,*,#2645,.T.);
#2645 = EDGE_CURVE('',#2548,#2597,#2646,.T.);
#2646 = SURFACE_CURVE('',#2647,(#2651,#2658),.PCURVE_S1.);
#2647 = LINE('',#2648,#2649);
#2648 = CARTESIAN_POINT('',(16.588439482159,53.023919818206,1.5));
#2649 = VECTOR('',#2650,1.);
#2650 = DIRECTION('',(0.95204932927,-0.305944561376,0.));
#2651 = PCURVE('',#921,#2652);
#2652 = DEFINITIONAL_REPRESENTATION('',(#2653),#2657);
#2653 = LINE('',#2654,#2655);
#2654 = CARTESIAN_POINT('',(-17.94416690713,2.376772897189));
#2655 = VECTOR('',#2656,1.);
#2656 = DIRECTION('',(0.95204932927,-0.305944561376));
#2657 = ( GEOMETRIC_REPRESENTATION_CONTEXT(2) 
PARAMETRIC_REPRESENTATION_CONTEXT() REPRESENTATION_CONTEXT('2D SPACE',''
  ) );
#2658 = PCURVE('',#2459,#2659);
#2659 = DEFINITIONAL_REPRESENTATION('',(#2660),#2664);
#2660 = LINE('',#2661,#2662);
#2661 = CARTESIAN_POINT('',(0.,0.));
#2662 = VECTOR('',#2663,1.);
#2663 = DIRECTION('',(1.,0.));
#2664 = ( GEOMETRIC_REPRESENTATION_CONTEXT(2) 
PARAMETRIC_REPRESENTATION_CONTEXT() REPRESENTATION_CONTEXT('2D SPACE',''
  ) );
#2665 = ORIENTED_EDGE('',*,*,#2596,.T.);
#2666 = ORIENTED_EDGE('',*,*,#904,.F.);
#2667 = ORIENTED_EDGE('',*,*,#2547,.T.);
#2668 = FACE_BOUND('',#2669,.T.);
#2669 = EDGE_LOOP('',(#2670));
#2670 = ORIENTED_EDGE('',*,*,#2671,.T.);
#2671 = EDGE_CURVE('',#2672,#2672,#2674,.T.);
#2672 = VERTEX_POINT('',#2673);
#2673 = CARTESIAN_POINT('',(21.333424208776,54.639181737941,1.5));
#2674 = SURFACE_CURVE('',#2675,(#2680,#2691),.PCURVE_S1.);
#2675 = CIRCLE('',#2676,1.6);
#2676 = AXIS2_PLACEMENT_3D('',#2677,#2678,#2679);
#2677 = CARTESIAN_POINT('',(19.733424208776,54.639181737941,1.5));
#2678 = DIRECTION('',(0.,0.,-1.));
#2679 = DIRECTION('',(1.,0.,0.));
#2680 = PCURVE('',#921,#2681);
#2681 = DEFINITIONAL_REPRESENTATION('',(#2682),#2690);
#2682 = ( BOUNDED_CURVE() B_SPLINE_CURVE(2,(#2683,#2684,#2685,#2686,
#2687,#2688,#2689),.UNSPECIFIED.,.T.,.F.) B_SPLINE_CURVE_WITH_KNOTS((1,2
    ,2,2,2,1),(-2.094395102393,0.,2.094395102393,4.188790204786,
6.28318530718,8.377580409573),.UNSPECIFIED.) CURVE() 
GEOMETRIC_REPRESENTATION_ITEM() RATIONAL_B_SPLINE_CURVE((1.,0.5,1.,0.5,
1.,0.5,1.)) REPRESENTATION_ITEM('') );
#2683 = CARTESIAN_POINT('',(-13.19918218052,3.992034816924));
#2684 = CARTESIAN_POINT('',(-13.19918218052,1.220753524814));
#2685 = CARTESIAN_POINT('',(-15.59918218052,2.606394170869));
#2686 = CARTESIAN_POINT('',(-17.99918218052,3.992034816924));
#2687 = CARTESIAN_POINT('',(-15.59918218052,5.377675462979));
#2688 = CARTESIAN_POINT('',(-13.19918218052,6.763316109034));
#2689 = CARTESIAN_POINT('',(-13.19918218052,3.992034816924));
#2690 = ( GEOMETRIC_REPRESENTATION_CONTEXT(2) 
PARAMETRIC_REPRESENTATION_CONTEXT() REPRESENTATION_CONTEXT('2D SPACE',''
  ) );
#2691 = PCURVE('',#1661,#2692);
#2692 = DEFINITIONAL_REPRESENTATION('',(#2693),#2697);
#2693 = LINE('',#2694,#2695);
#2694 = CARTESIAN_POINT('',(-6.28318530718,-1.5));
#2695 = VECTOR('',#2696,1.);
#2696 = DIRECTION('',(1.,-0.));
#2697 = ( GEOMETRIC_REPRESENTATION_CONTEXT(2) 
PARAMETRIC_REPRESENTATION_CONTEXT() REPRESENTATION_CONTEXT('2D SPACE',''
  ) );
#2698 = ADVANCED_FACE('',(#2699,#2774),#982,.F.);
#2699 = FACE_BOUND('',#2700,.F.);
#2700 = EDGE_LOOP('',(#2701,#2731,#2752,#2753));
#2701 = ORIENTED_EDGE('',*,*,#2702,.T.);
#2702 = EDGE_CURVE('',#2703,#2705,#2707,.T.);
#2703 = VERTEX_POINT('',#2704);
#2704 = CARTESIAN_POINT('',(2.485796692225,55.232571084506,23.5));
#2705 = VERTEX_POINT('',#2706);
#2706 = CARTESIAN_POINT('',(7.469656072147,54.831141537556,23.5));
#2707 = SURFACE_CURVE('',#2708,(#2712,#2719),.PCURVE_S1.);
#2708 = LINE('',#2709,#2710);
#2709 = CARTESIAN_POINT('',(2.485796692225,55.232571084506,23.5));
#2710 = VECTOR('',#2711,1.);
#2711 = DIRECTION('',(0.996771875984,-8.028590939009E-02,0.));
#2712 = PCURVE('',#982,#2713);
#2713 = DEFINITIONAL_REPRESENTATION('',(#2714),#2718);
#2714 = LINE('',#2715,#2716);
#2715 = CARTESIAN_POINT('',(-32.04680969707,4.58542416349));
#2716 = VECTOR('',#2717,1.);
#2717 = DIRECTION('',(0.996771875984,-8.028590939009E-02));
#2718 = ( GEOMETRIC_REPRESENTATION_CONTEXT(2) 
PARAMETRIC_REPRESENTATION_CONTEXT() REPRESENTATION_CONTEXT('2D SPACE',''
  ) );
#2719 = PCURVE('',#2720,#2725);
#2720 = PLANE('',#2721);
#2721 = AXIS2_PLACEMENT_3D('',#2722,#2723,#2724);
#2722 = CARTESIAN_POINT('',(2.485796692225,55.232571084506,1.5));
#2723 = DIRECTION('',(8.028590939009E-02,0.996771875984,-0.));
#2724 = DIRECTION('',(0.996771875984,-8.028590939009E-02,0.));
#2725 = DEFINITIONAL_REPRESENTATION('',(#2726),#2730);
#2726 = LINE('',#2727,#2728);
#2727 = CARTESIAN_POINT('',(0.,-22.));
#2728 = VECTOR('',#2729,1.);
#2729 = DIRECTION('',(1.,0.));
#2730 = ( GEOMETRIC_REPRESENTATION_CONTEXT(2) 
PARAMETRIC_REPRESENTATION_CONTEXT() REPRESENTATION_CONTEXT('2D SPACE',''
  ) );
#2731 = ORIENTED_EDGE('',*,*,#2732,.T.);
#2732 = EDGE_CURVE('',#2705,#966,#2733,.T.);
#2733 = SURFACE_CURVE('',#2734,(#2738,#2745),.PCURVE_S1.);
#2734 = LINE('',#2735,#2736);
#2735 = CARTESIAN_POINT('',(7.469656072147,54.831141537556,23.5));
#2736 = VECTOR('',#2737,1.);
#2737 = DIRECTION('',(8.028590939009E-02,0.996771875984,0.));
#2738 = PCURVE('',#982,#2739);
#2739 = DEFINITIONAL_REPRESENTATION('',(#2740),#2744);
#2740 = LINE('',#2741,#2742);
#2741 = CARTESIAN_POINT('',(-27.06295031715,4.183994616539));
#2742 = VECTOR('',#2743,1.);
#2743 = DIRECTION('',(8.028590939009E-02,0.996771875984));
#2744 = ( GEOMETRIC_REPRESENTATION_CONTEXT(2) 
PARAMETRIC_REPRESENTATION_CONTEXT() REPRESENTATION_CONTEXT('2D SPACE',''
  ) );
#2745 = PCURVE('',#1013,#2746);
#2746 = DEFINITIONAL_REPRESENTATION('',(#2747),#2751);
#2747 = LINE('',#2748,#2749);
#2748 = CARTESIAN_POINT('',(0.,-22.));
#2749 = VECTOR('',#2750,1.);
#2750 = DIRECTION('',(1.,0.));
#2751 = ( GEOMETRIC_REPRESENTATION_CONTEXT(2) 
PARAMETRIC_REPRESENTATION_CONTEXT() REPRESENTATION_CONTEXT('2D SPACE',''
  ) );
#2752 = ORIENTED_EDGE('',*,*,#963,.F.);
#2753 = ORIENTED_EDGE('',*,*,#2754,.T.);
#2754 = EDGE_CURVE('',#964,#2703,#2755,.T.);
#2755 = SURFACE_CURVE('',#2756,(#2760,#2767),.PCURVE_S1.);
#2756 = LINE('',#2757,#2758);
#2757 = CARTESIAN_POINT('',(3.288655786126,65.20028984435,23.5));
#2758 = VECTOR('',#2759,1.);
#2759 = DIRECTION('',(-8.028590939009E-02,-0.996771875984,0.));
#2760 = PCURVE('',#982,#2761);
#2761 = DEFINITIONAL_REPRESENTATION('',(#2762),#2766);
#2762 = LINE('',#2763,#2764);
#2763 = CARTESIAN_POINT('',(-31.24395060317,14.553142923333));
#2764 = VECTOR('',#2765,1.);
#2765 = DIRECTION('',(-8.028590939009E-02,-0.996771875984));
#2766 = ( GEOMETRIC_REPRESENTATION_CONTEXT(2) 
PARAMETRIC_REPRESENTATION_CONTEXT() REPRESENTATION_CONTEXT('2D SPACE',''
  ) );
#2767 = PCURVE('',#1070,#2768);
#2768 = DEFINITIONAL_REPRESENTATION('',(#2769),#2773);
#2769 = LINE('',#2770,#2771);
#2770 = CARTESIAN_POINT('',(0.,-22.));
#2771 = VECTOR('',#2772,1.);
#2772 = DIRECTION('',(1.,0.));
#2773 = ( GEOMETRIC_REPRESENTATION_CONTEXT(2) 
PARAMETRIC_REPRESENTATION_CONTEXT() REPRESENTATION_CONTEXT('2D SPACE',''
  ) );
#2774 = FACE_BOUND('',#2775,.F.);
#2775 = EDGE_LOOP('',(#2776));
#2776 = ORIENTED_EDGE('',*,*,#2777,.T.);
#2777 = EDGE_CURVE('',#2778,#2778,#2780,.T.);
#2778 = VERTEX_POINT('',#2779);
#2779 = CARTESIAN_POINT('',(6.778441155661,57.523786000992,23.5));
#2780 = SURFACE_CURVE('',#2781,(#2786,#2797),.PCURVE_S1.);
#2781 = CIRCLE('',#2782,1.6);
#2782 = AXIS2_PLACEMENT_3D('',#2783,#2784,#2785);
#2783 = CARTESIAN_POINT('',(5.178441155661,57.523786000992,23.5));
#2784 = DIRECTION('',(0.,0.,-1.));
#2785 = DIRECTION('',(1.,0.,0.));
#2786 = PCURVE('',#982,#2787);
#2787 = DEFINITIONAL_REPRESENTATION('',(#2788),#2796);
#2788 = ( BOUNDED_CURVE() B_SPLINE_CURVE(2,(#2789,#2790,#2791,#2792,
#2793,#2794,#2795),.UNSPECIFIED.,.T.,.F.) B_SPLINE_CURVE_WITH_KNOTS((1,2
    ,2,2,2,1),(-2.094395102393,0.,2.094395102393,4.188790204786,
6.28318530718,8.377580409573),.UNSPECIFIED.) CURVE() 
GEOMETRIC_REPRESENTATION_ITEM() RATIONAL_B_SPLINE_CURVE((1.,0.5,1.,0.5,
1.,0.5,1.)) REPRESENTATION_ITEM('') );
#2789 = CARTESIAN_POINT('',(-27.75416523363,6.876639079975));
#2790 = CARTESIAN_POINT('',(-27.75416523363,4.105357787865));
#2791 = CARTESIAN_POINT('',(-30.15416523363,5.49099843392));
#2792 = CARTESIAN_POINT('',(-32.55416523363,6.876639079975));
#2793 = CARTESIAN_POINT('',(-30.15416523363,8.26227972603));
#2794 = CARTESIAN_POINT('',(-27.75416523363,9.647920372086));
#2795 = CARTESIAN_POINT('',(-27.75416523363,6.876639079975));
#2796 = ( GEOMETRIC_REPRESENTATION_CONTEXT(2) 
PARAMETRIC_REPRESENTATION_CONTEXT() REPRESENTATION_CONTEXT('2D SPACE',''
  ) );
#2797 = PCURVE('',#2000,#2798);
#2798 = DEFINITIONAL_REPRESENTATION('',(#2799),#2803);
#2799 = LINE('',#2800,#2801);
#2800 = CARTESIAN_POINT('',(-6.28318530718,-23.5));
#2801 = VECTOR('',#2802,1.);
#2802 = DIRECTION('',(1.,-0.));
#2803 = ( GEOMETRIC_REPRESENTATION_CONTEXT(2) 
PARAMETRIC_REPRESENTATION_CONTEXT() REPRESENTATION_CONTEXT('2D SPACE',''
  ) );
#2804 = ADVANCED_FACE('',(#2805),#1070,.T.);
#2805 = FACE_BOUND('',#2806,.T.);
#2806 = EDGE_LOOP('',(#2807,#2830,#2831,#2832));
#2807 = ORIENTED_EDGE('',*,*,#2808,.F.);
#2808 = EDGE_CURVE('',#1025,#2809,#2811,.T.);
#2809 = VERTEX_POINT('',#2810);
#2810 = CARTESIAN_POINT('',(2.485796692225,55.232571084506,1.5));
#2811 = SURFACE_CURVE('',#2812,(#2816,#2823),.PCURVE_S1.);
#2812 = LINE('',#2813,#2814);
#2813 = CARTESIAN_POINT('',(3.288655786126,65.20028984435,1.5));
#2814 = VECTOR('',#2815,1.);
#2815 = DIRECTION('',(-8.028590939009E-02,-0.996771875984,0.));
#2816 = PCURVE('',#1070,#2817);
#2817 = DEFINITIONAL_REPRESENTATION('',(#2818),#2822);
#2818 = LINE('',#2819,#2820);
#2819 = CARTESIAN_POINT('',(0.,0.));
#2820 = VECTOR('',#2821,1.);
#2821 = DIRECTION('',(1.,0.));
#2822 = ( GEOMETRIC_REPRESENTATION_CONTEXT(2) 
PARAMETRIC_REPRESENTATION_CONTEXT() REPRESENTATION_CONTEXT('2D SPACE',''
  ) );
#2823 = PCURVE('',#1041,#2824);
#2824 = DEFINITIONAL_REPRESENTATION('',(#2825),#2829);
#2825 = LINE('',#2826,#2827);
#2826 = CARTESIAN_POINT('',(-31.24395060317,14.553142923333));
#2827 = VECTOR('',#2828,1.);
#2828 = DIRECTION('',(-8.028590939009E-02,-0.996771875984));
#2829 = ( GEOMETRIC_REPRESENTATION_CONTEXT(2) 
PARAMETRIC_REPRESENTATION_CONTEXT() REPRESENTATION_CONTEXT('2D SPACE',''
  ) );
#2830 = ORIENTED_EDGE('',*,*,#1057,.F.);
#2831 = ORIENTED_EDGE('',*,*,#2754,.T.);
#2832 = ORIENTED_EDGE('',*,*,#2833,.F.);
#2833 = EDGE_CURVE('',#2809,#2703,#2834,.T.);
#2834 = SURFACE_CURVE('',#2835,(#2839,#2846),.PCURVE_S1.);
#2835 = LINE('',#2836,#2837);
#2836 = CARTESIAN_POINT('',(2.485796692225,55.232571084506,1.5));
#2837 = VECTOR('',#2838,1.);
#2838 = DIRECTION('',(0.,0.,1.));
#2839 = PCURVE('',#1070,#2840);
#2840 = DEFINITIONAL_REPRESENTATION('',(#2841),#2845);
#2841 = LINE('',#2842,#2843);
#2842 = CARTESIAN_POINT('',(10.,0.));
#2843 = VECTOR('',#2844,1.);
#2844 = DIRECTION('',(0.,-1.));
#2845 = ( GEOMETRIC_REPRESENTATION_CONTEXT(2) 
PARAMETRIC_REPRESENTATION_CONTEXT() REPRESENTATION_CONTEXT('2D SPACE',''
  ) );
#2846 = PCURVE('',#2720,#2847);
#2847 = DEFINITIONAL_REPRESENTATION('',(#2848),#2852);
#2848 = LINE('',#2849,#2850);
#2849 = CARTESIAN_POINT('',(0.,0.));
#2850 = VECTOR('',#2851,1.);
#2851 = DIRECTION('',(0.,-1.));
#2852 = ( GEOMETRIC_REPRESENTATION_CONTEXT(2) 
PARAMETRIC_REPRESENTATION_CONTEXT() REPRESENTATION_CONTEXT('2D SPACE',''
  ) );
#2853 = ADVANCED_FACE('',(#2854),#1013,.T.);
#2854 = FACE_BOUND('',#2855,.T.);
#2855 = EDGE_LOOP('',(#2856,#2879,#2900,#2901));
#2856 = ORIENTED_EDGE('',*,*,#2857,.F.);
#2857 = EDGE_CURVE('',#2858,#999,#2860,.T.);
#2858 = VERTEX_POINT('',#2859);
#2859 = CARTESIAN_POINT('',(7.469656072147,54.831141537556,1.5));
#2860 = SURFACE_CURVE('',#2861,(#2865,#2872),.PCURVE_S1.);
#2861 = LINE('',#2862,#2863);
#2862 = CARTESIAN_POINT('',(7.469656072147,54.831141537556,1.5));
#2863 = VECTOR('',#2864,1.);
#2864 = DIRECTION('',(8.028590939009E-02,0.996771875984,0.));
#2865 = PCURVE('',#1013,#2866);
#2866 = DEFINITIONAL_REPRESENTATION('',(#2867),#2871);
#2867 = LINE('',#2868,#2869);
#2868 = CARTESIAN_POINT('',(0.,0.));
#2869 = VECTOR('',#2870,1.);
#2870 = DIRECTION('',(1.,0.));
#2871 = ( GEOMETRIC_REPRESENTATION_CONTEXT(2) 
PARAMETRIC_REPRESENTATION_CONTEXT() REPRESENTATION_CONTEXT('2D SPACE',''
  ) );
#2872 = PCURVE('',#1041,#2873);
#2873 = DEFINITIONAL_REPRESENTATION('',(#2874),#2878);
#2874 = LINE('',#2875,#2876);
#2875 = CARTESIAN_POINT('',(-27.06295031715,4.183994616539));
#2876 = VECTOR('',#2877,1.);
#2877 = DIRECTION('',(8.028590939009E-02,0.996771875984));
#2878 = ( GEOMETRIC_REPRESENTATION_CONTEXT(2) 
PARAMETRIC_REPRESENTATION_CONTEXT() REPRESENTATION_CONTEXT('2D SPACE',''
  ) );
#2879 = ORIENTED_EDGE('',*,*,#2880,.T.);
#2880 = EDGE_CURVE('',#2858,#2705,#2881,.T.);
#2881 = SURFACE_CURVE('',#2882,(#2886,#2893),.PCURVE_S1.);
#2882 = LINE('',#2883,#2884);
#2883 = CARTESIAN_POINT('',(7.469656072147,54.831141537556,1.5));
#2884 = VECTOR('',#2885,1.);
#2885 = DIRECTION('',(0.,0.,1.));
#2886 = PCURVE('',#1013,#2887);
#2887 = DEFINITIONAL_REPRESENTATION('',(#2888),#2892);
#2888 = LINE('',#2889,#2890);
#2889 = CARTESIAN_POINT('',(0.,0.));
#2890 = VECTOR('',#2891,1.);
#2891 = DIRECTION('',(0.,-1.));
#2892 = ( GEOMETRIC_REPRESENTATION_CONTEXT(2) 
PARAMETRIC_REPRESENTATION_CONTEXT() REPRESENTATION_CONTEXT('2D SPACE',''
  ) );
#2893 = PCURVE('',#2720,#2894);
#2894 = DEFINITIONAL_REPRESENTATION('',(#2895),#2899);
#2895 = LINE('',#2896,#2897);
#2896 = CARTESIAN_POINT('',(5.,0.));
#2897 = VECTOR('',#2898,1.);
#2898 = DIRECTION('',(0.,-1.));
#2899 = ( GEOMETRIC_REPRESENTATION_CONTEXT(2) 
PARAMETRIC_REPRESENTATION_CONTEXT() REPRESENTATION_CONTEXT('2D SPACE',''
  ) );
#2900 = ORIENTED_EDGE('',*,*,#2732,.T.);
#2901 = ORIENTED_EDGE('',*,*,#998,.T.);
#2902 = ADVANCED_FACE('',(#2903,#2929),#1041,.T.);
#2903 = FACE_BOUND('',#2904,.T.);
#2904 = EDGE_LOOP('',(#2905,#2926,#2927,#2928));
#2905 = ORIENTED_EDGE('',*,*,#2906,.T.);
#2906 = EDGE_CURVE('',#2809,#2858,#2907,.T.);
#2907 = SURFACE_CURVE('',#2908,(#2912,#2919),.PCURVE_S1.);
#2908 = LINE('',#2909,#2910);
#2909 = CARTESIAN_POINT('',(2.485796692225,55.232571084506,1.5));
#2910 = VECTOR('',#2911,1.);
#2911 = DIRECTION('',(0.996771875984,-8.028590939009E-02,0.));
#2912 = PCURVE('',#1041,#2913);
#2913 = DEFINITIONAL_REPRESENTATION('',(#2914),#2918);
#2914 = LINE('',#2915,#2916);
#2915 = CARTESIAN_POINT('',(-32.04680969707,4.58542416349));
#2916 = VECTOR('',#2917,1.);
#2917 = DIRECTION('',(0.996771875984,-8.028590939009E-02));
#2918 = ( GEOMETRIC_REPRESENTATION_CONTEXT(2) 
PARAMETRIC_REPRESENTATION_CONTEXT() REPRESENTATION_CONTEXT('2D SPACE',''
  ) );
#2919 = PCURVE('',#2720,#2920);
#2920 = DEFINITIONAL_REPRESENTATION('',(#2921),#2925);
#2921 = LINE('',#2922,#2923);
#2922 = CARTESIAN_POINT('',(0.,0.));
#2923 = VECTOR('',#2924,1.);
#2924 = DIRECTION('',(1.,0.));
#2925 = ( GEOMETRIC_REPRESENTATION_CONTEXT(2) 
PARAMETRIC_REPRESENTATION_CONTEXT() REPRESENTATION_CONTEXT('2D SPACE',''
  ) );
#2926 = ORIENTED_EDGE('',*,*,#2857,.T.);
#2927 = ORIENTED_EDGE('',*,*,#1024,.F.);
#2928 = ORIENTED_EDGE('',*,*,#2808,.T.);
#2929 = FACE_BOUND('',#2930,.T.);
#2930 = EDGE_LOOP('',(#2931));
#2931 = ORIENTED_EDGE('',*,*,#2932,.T.);
#2932 = EDGE_CURVE('',#2933,#2933,#2935,.T.);
#2933 = VERTEX_POINT('',#2934);
#2934 = CARTESIAN_POINT('',(6.778441155661,57.523786000992,1.5));
#2935 = SURFACE_CURVE('',#2936,(#2941,#2952),.PCURVE_S1.);
#2936 = CIRCLE('',#2937,1.6);
#2937 = AXIS2_PLACEMENT_3D('',#2938,#2939,#2940);
#2938 = CARTESIAN_POINT('',(5.178441155661,57.523786000992,1.5));
#2939 = DIRECTION('',(0.,0.,-1.));
#2940 = DIRECTION('',(1.,0.,0.));
#2941 = PCURVE('',#1041,#2942);
#2942 = DEFINITIONAL_REPRESENTATION('',(#2943),#2951);
#2943 = ( BOUNDED_CURVE() B_SPLINE_CURVE(2,(#2944,#2945,#2946,#2947,
#2948,#2949,#2950),.UNSPECIFIED.,.T.,.F.) B_SPLINE_CURVE_WITH_KNOTS((1,2
    ,2,2,2,1),(-2.094395102393,0.,2.094395102393,4.188790204786,
6.28318530718,8.377580409573),.UNSPECIFIED.) CURVE() 
GEOMETRIC_REPRESENTATION_ITEM() RATIONAL_B_SPLINE_CURVE((1.,0.5,1.,0.5,
1.,0.5,1.)) REPRESENTATION_ITEM('') );
#2944 = CARTESIAN_POINT('',(-27.75416523363,6.876639079975));
#2945 = CARTESIAN_POINT('',(-27.75416523363,4.105357787865));
#2946 = CARTESIAN_POINT('',(-30.15416523363,5.49099843392));
#2947 = CARTESIAN_POINT('',(-32.55416523363,6.876639079975));
#2948 = CARTESIAN_POINT('',(-30.15416523363,8.26227972603));
#2949 = CARTESIAN_POINT('',(-27.75416523363,9.647920372086));
#2950 = CARTESIAN_POINT('',(-27.75416523363,6.876639079975));
#2951 = ( GEOMETRIC_REPRESENTATION_CONTEXT(2) 
PARAMETRIC_REPRESENTATION_CONTEXT() REPRESENTATION_CONTEXT('2D SPACE',''
  ) );
#2952 = PCURVE('',#1692,#2953);
#2953 = DEFINITIONAL_REPRESENTATION('',(#2954),#2958);
#2954 = LINE('',#2955,#2956);
#2955 = CARTESIAN_POINT('',(-6.28318530718,-1.5));
#2956 = VECTOR('',#2957,1.);
#2957 = DIRECTION('',(1.,-0.));
#2958 = ( GEOMETRIC_REPRESENTATION_CONTEXT(2) 
PARAMETRIC_REPRESENTATION_CONTEXT() REPRESENTATION_CONTEXT('2D SPACE',''
  ) );
#2959 = ADVANCED_FACE('',(#2960,#3035),#1102,.F.);
#2960 = FACE_BOUND('',#2961,.F.);
#2961 = EDGE_LOOP('',(#2962,#2992,#3013,#3014));
#2962 = ORIENTED_EDGE('',*,*,#2963,.T.);
#2963 = EDGE_CURVE('',#2964,#2966,#2968,.T.);
#2964 = VERTEX_POINT('',#2965);
#2965 = CARTESIAN_POINT('',(-11.7483992647,54.160032257058,23.5));
#2966 = VERTEX_POINT('',#2967);
#2967 = CARTESIAN_POINT('',(-6.804682625395,54.908140397788,23.5));
#2968 = SURFACE_CURVE('',#2969,(#2973,#2980),.PCURVE_S1.);
#2969 = LINE('',#2970,#2971);
#2970 = CARTESIAN_POINT('',(-11.7483992647,54.160032257058,23.5));
#2971 = VECTOR('',#2972,1.);
#2972 = DIRECTION('',(0.988743327862,0.149621628146,0.));
#2973 = PCURVE('',#1102,#2974);
#2974 = DEFINITIONAL_REPRESENTATION('',(#2975),#2979);
#2975 = LINE('',#2976,#2977);
#2976 = CARTESIAN_POINT('',(-46.281005654,3.512885336041));
#2977 = VECTOR('',#2978,1.);
#2978 = DIRECTION('',(0.988743327862,0.149621628146));
#2979 = ( GEOMETRIC_REPRESENTATION_CONTEXT(2) 
PARAMETRIC_REPRESENTATION_CONTEXT() REPRESENTATION_CONTEXT('2D SPACE',''
  ) );
#2980 = PCURVE('',#2981,#2986);
#2981 = PLANE('',#2982);
#2982 = AXIS2_PLACEMENT_3D('',#2983,#2984,#2985);
#2983 = CARTESIAN_POINT('',(-11.7483992647,54.160032257058,1.5));
#2984 = DIRECTION('',(-0.149621628146,0.988743327862,0.));
#2985 = DIRECTION('',(0.988743327862,0.149621628146,0.));
#2986 = DEFINITIONAL_REPRESENTATION('',(#2987),#2991);
#2987 = LINE('',#2988,#2989);
#2988 = CARTESIAN_POINT('',(0.,-22.));
#2989 = VECTOR('',#2990,1.);
#2990 = DIRECTION('',(1.,0.));
#2991 = ( GEOMETRIC_REPRESENTATION_CONTEXT(2) 
PARAMETRIC_REPRESENTATION_CONTEXT() REPRESENTATION_CONTEXT('2D SPACE',''
  ) );
#2992 = ORIENTED_EDGE('',*,*,#2993,.T.);
#2993 = EDGE_CURVE('',#2966,#1086,#2994,.T.);
#2994 = SURFACE_CURVE('',#2995,(#2999,#3006),.PCURVE_S1.);
#2995 = LINE('',#2996,#2997);
#2996 = CARTESIAN_POINT('',(-6.804682625395,54.908140397788,23.5));
#2997 = VECTOR('',#2998,1.);
#2998 = DIRECTION('',(-0.149621628146,0.988743327862,0.));
#2999 = PCURVE('',#1102,#3000);
#3000 = DEFINITIONAL_REPRESENTATION('',(#3001),#3005);
#3001 = LINE('',#3002,#3003);
#3002 = CARTESIAN_POINT('',(-41.33728901469,4.260993476771));
#3003 = VECTOR('',#3004,1.);
#3004 = DIRECTION('',(-0.149621628146,0.988743327862));
#3005 = ( GEOMETRIC_REPRESENTATION_CONTEXT(2) 
PARAMETRIC_REPRESENTATION_CONTEXT() REPRESENTATION_CONTEXT('2D SPACE',''
  ) );
#3006 = PCURVE('',#1133,#3007);
#3007 = DEFINITIONAL_REPRESENTATION('',(#3008),#3012);
#3008 = LINE('',#3009,#3010);
#3009 = CARTESIAN_POINT('',(0.,-22.));
#3010 = VECTOR('',#3011,1.);
#3011 = DIRECTION('',(1.,0.));
#3012 = ( GEOMETRIC_REPRESENTATION_CONTEXT(2) 
PARAMETRIC_REPRESENTATION_CONTEXT() REPRESENTATION_CONTEXT('2D SPACE',''
  ) );
#3013 = ORIENTED_EDGE('',*,*,#1083,.F.);
#3014 = ORIENTED_EDGE('',*,*,#3015,.T.);
#3015 = EDGE_CURVE('',#1084,#2964,#3016,.T.);
#3016 = SURFACE_CURVE('',#3017,(#3021,#3028),.PCURVE_S1.);
#3017 = LINE('',#3018,#3019);
#3018 = CARTESIAN_POINT('',(-13.24461554616,64.047465535675,23.5));
#3019 = VECTOR('',#3020,1.);
#3020 = DIRECTION('',(0.149621628146,-0.988743327862,0.));
#3021 = PCURVE('',#1102,#3022);
#3022 = DEFINITIONAL_REPRESENTATION('',(#3023),#3027);
#3023 = LINE('',#3024,#3025);
#3024 = CARTESIAN_POINT('',(-47.77722193545,13.400318614658));
#3025 = VECTOR('',#3026,1.);
#3026 = DIRECTION('',(0.149621628146,-0.988743327862));
#3027 = ( GEOMETRIC_REPRESENTATION_CONTEXT(2) 
PARAMETRIC_REPRESENTATION_CONTEXT() REPRESENTATION_CONTEXT('2D SPACE',''
  ) );
#3028 = PCURVE('',#1190,#3029);
#3029 = DEFINITIONAL_REPRESENTATION('',(#3030),#3034);
#3030 = LINE('',#3031,#3032);
#3031 = CARTESIAN_POINT('',(0.,-22.));
#3032 = VECTOR('',#3033,1.);
#3033 = DIRECTION('',(1.,0.));
#3034 = ( GEOMETRIC_REPRESENTATION_CONTEXT(2) 
PARAMETRIC_REPRESENTATION_CONTEXT() REPRESENTATION_CONTEXT('2D SPACE',''
  ) );
#3035 = FACE_BOUND('',#3036,.F.);
#3036 = EDGE_LOOP('',(#3037));
#3037 = ORIENTED_EDGE('',*,*,#3038,.T.);
#3038 = EDGE_CURVE('',#3039,#3039,#3041,.T.);
#3039 = VERTEX_POINT('',#3040);
#3040 = CARTESIAN_POINT('',(-8.050595015414,57.005944647077,23.5));
#3041 = SURFACE_CURVE('',#3042,(#3047,#3058),.PCURVE_S1.);
#3042 = CIRCLE('',#3043,1.6);
#3043 = AXIS2_PLACEMENT_3D('',#3044,#3045,#3046);
#3044 = CARTESIAN_POINT('',(-9.650595015414,57.005944647077,23.5));
#3045 = DIRECTION('',(0.,0.,-1.));
#3046 = DIRECTION('',(1.,0.,0.));
#3047 = PCURVE('',#1102,#3048);
#3048 = DEFINITIONAL_REPRESENTATION('',(#3049),#3057);
#3049 = ( BOUNDED_CURVE() B_SPLINE_CURVE(2,(#3050,#3051,#3052,#3053,
#3054,#3055,#3056),.UNSPECIFIED.,.T.,.F.) B_SPLINE_CURVE_WITH_KNOTS((1,2
    ,2,2,2,1),(-2.094395102393,0.,2.094395102393,4.188790204786,
6.28318530718,8.377580409573),.UNSPECIFIED.) CURVE() 
GEOMETRIC_REPRESENTATION_ITEM() RATIONAL_B_SPLINE_CURVE((1.,0.5,1.,0.5,
1.,0.5,1.)) REPRESENTATION_ITEM('') );
#3050 = CARTESIAN_POINT('',(-42.58320140471,6.35879772606));
#3051 = CARTESIAN_POINT('',(-42.58320140471,3.58751643395));
#3052 = CARTESIAN_POINT('',(-44.98320140471,4.973157080005));
#3053 = CARTESIAN_POINT('',(-47.38320140471,6.35879772606));
#3054 = CARTESIAN_POINT('',(-44.98320140471,7.744438372116));
#3055 = CARTESIAN_POINT('',(-42.58320140471,9.130079018171));
#3056 = CARTESIAN_POINT('',(-42.58320140471,6.35879772606));
#3057 = ( GEOMETRIC_REPRESENTATION_CONTEXT(2) 
PARAMETRIC_REPRESENTATION_CONTEXT() REPRESENTATION_CONTEXT('2D SPACE',''
  ) );
#3058 = PCURVE('',#1938,#3059);
#3059 = DEFINITIONAL_REPRESENTATION('',(#3060),#3064);
#3060 = LINE('',#3061,#3062);
#3061 = CARTESIAN_POINT('',(-6.28318530718,-23.5));
#3062 = VECTOR('',#3063,1.);
#3063 = DIRECTION('',(1.,-0.));
#3064 = ( GEOMETRIC_REPRESENTATION_CONTEXT(2) 
PARAMETRIC_REPRESENTATION_CONTEXT() REPRESENTATION_CONTEXT('2D SPACE',''
  ) );
#3065 = ADVANCED_FACE('',(#3066),#1190,.T.);
#3066 = FACE_BOUND('',#3067,.T.);
#3067 = EDGE_LOOP('',(#3068,#3091,#3092,#3093));
#3068 = ORIENTED_EDGE('',*,*,#3069,.F.);
#3069 = EDGE_CURVE('',#1145,#3070,#3072,.T.);
#3070 = VERTEX_POINT('',#3071);
#3071 = CARTESIAN_POINT('',(-11.7483992647,54.160032257058,1.5));
#3072 = SURFACE_CURVE('',#3073,(#3077,#3084),.PCURVE_S1.);
#3073 = LINE('',#3074,#3075);
#3074 = CARTESIAN_POINT('',(-13.24461554616,64.047465535675,1.5));
#3075 = VECTOR('',#3076,1.);
#3076 = DIRECTION('',(0.149621628146,-0.988743327862,0.));
#3077 = PCURVE('',#1190,#3078);
#3078 = DEFINITIONAL_REPRESENTATION('',(#3079),#3083);
#3079 = LINE('',#3080,#3081);
#3080 = CARTESIAN_POINT('',(0.,0.));
#3081 = VECTOR('',#3082,1.);
#3082 = DIRECTION('',(1.,0.));
#3083 = ( GEOMETRIC_REPRESENTATION_CONTEXT(2) 
PARAMETRIC_REPRESENTATION_CONTEXT() REPRESENTATION_CONTEXT('2D SPACE',''
  ) );
#3084 = PCURVE('',#1161,#3085);
#3085 = DEFINITIONAL_REPRESENTATION('',(#3086),#3090);
#3086 = LINE('',#3087,#3088);
#3087 = CARTESIAN_POINT('',(-47.77722193545,13.400318614658));
#3088 = VECTOR('',#3089,1.);
#3089 = DIRECTION('',(0.149621628146,-0.988743327862));
#3090 = ( GEOMETRIC_REPRESENTATION_CONTEXT(2) 
PARAMETRIC_REPRESENTATION_CONTEXT() REPRESENTATION_CONTEXT('2D SPACE',''
  ) );
#3091 = ORIENTED_EDGE('',*,*,#1177,.F.);
#3092 = ORIENTED_EDGE('',*,*,#3015,.T.);
#3093 = ORIENTED_EDGE('',*,*,#3094,.F.);
#3094 = EDGE_CURVE('',#3070,#2964,#3095,.T.);
#3095 = SURFACE_CURVE('',#3096,(#3100,#3107),.PCURVE_S1.);
#3096 = LINE('',#3097,#3098);
#3097 = CARTESIAN_POINT('',(-11.7483992647,54.160032257058,1.5));
#3098 = VECTOR('',#3099,1.);
#3099 = DIRECTION('',(0.,0.,1.));
#3100 = PCURVE('',#1190,#3101);
#3101 = DEFINITIONAL_REPRESENTATION('',(#3102),#3106);
#3102 = LINE('',#3103,#3104);
#3103 = CARTESIAN_POINT('',(10.,0.));
#3104 = VECTOR('',#3105,1.);
#3105 = DIRECTION('',(0.,-1.));
#3106 = ( GEOMETRIC_REPRESENTATION_CONTEXT(2) 
PARAMETRIC_REPRESENTATION_CONTEXT() REPRESENTATION_CONTEXT('2D SPACE',''
  ) );
#3107 = PCURVE('',#2981,#3108);
#3108 = DEFINITIONAL_REPRESENTATION('',(#3109),#3113);
#3109 = LINE('',#3110,#3111);
#3110 = CARTESIAN_POINT('',(0.,0.));
#3111 = VECTOR('',#3112,1.);
#3112 = DIRECTION('',(0.,-1.));
#3113 = ( GEOMETRIC_REPRESENTATION_CONTEXT(2) 
PARAMETRIC_REPRESENTATION_CONTEXT() REPRESENTATION_CONTEXT('2D SPACE',''
  ) );
#3114 = ADVANCED_FACE('',(#3115),#1133,.T.);
#3115 = FACE_BOUND('',#3116,.T.);
#3116 = EDGE_LOOP('',(#3117,#3140,#3161,#3162));
#3117 = ORIENTED_EDGE('',*,*,#3118,.F.);
#3118 = EDGE_CURVE('',#3119,#1119,#3121,.T.);
#3119 = VERTEX_POINT('',#3120);
#3120 = CARTESIAN_POINT('',(-6.804682625395,54.908140397788,1.5));
#3121 = SURFACE_CURVE('',#3122,(#3126,#3133),.PCURVE_S1.);
#3122 = LINE('',#3123,#3124);
#3123 = CARTESIAN_POINT('',(-6.804682625395,54.908140397788,1.5));
#3124 = VECTOR('',#3125,1.);
#3125 = DIRECTION('',(-0.149621628146,0.988743327862,0.));
#3126 = PCURVE('',#1133,#3127);
#3127 = DEFINITIONAL_REPRESENTATION('',(#3128),#3132);
#3128 = LINE('',#3129,#3130);
#3129 = CARTESIAN_POINT('',(0.,0.));
#3130 = VECTOR('',#3131,1.);
#3131 = DIRECTION('',(1.,0.));
#3132 = ( GEOMETRIC_REPRESENTATION_CONTEXT(2) 
PARAMETRIC_REPRESENTATION_CONTEXT() REPRESENTATION_CONTEXT('2D SPACE',''
  ) );
#3133 = PCURVE('',#1161,#3134);
#3134 = DEFINITIONAL_REPRESENTATION('',(#3135),#3139);
#3135 = LINE('',#3136,#3137);
#3136 = CARTESIAN_POINT('',(-41.33728901469,4.260993476771));
#3137 = VECTOR('',#3138,1.);
#3138 = DIRECTION('',(-0.149621628146,0.988743327862));
#3139 = ( GEOMETRIC_REPRESENTATION_CONTEXT(2) 
PARAMETRIC_REPRESENTATION_CONTEXT() REPRESENTATION_CONTEXT('2D SPACE',''
  ) );
#3140 = ORIENTED_EDGE('',*,*,#3141,.T.);
#3141 = EDGE_CURVE('',#3119,#2966,#3142,.T.);
#3142 = SURFACE_CURVE('',#3143,(#3147,#3154),.PCURVE_S1.);
#3143 = LINE('',#3144,#3145);
#3144 = CARTESIAN_POINT('',(-6.804682625395,54.908140397788,1.5));
#3145 = VECTOR('',#3146,1.);
#3146 = DIRECTION('',(0.,0.,1.));
#3147 = PCURVE('',#1133,#3148);
#3148 = DEFINITIONAL_REPRESENTATION('',(#3149),#3153);
#3149 = LINE('',#3150,#3151);
#3150 = CARTESIAN_POINT('',(0.,0.));
#3151 = VECTOR('',#3152,1.);
#3152 = DIRECTION('',(0.,-1.));
#3153 = ( GEOMETRIC_REPRESENTATION_CONTEXT(2) 
PARAMETRIC_REPRESENTATION_CONTEXT() REPRESENTATION_CONTEXT('2D SPACE',''
  ) );
#3154 = PCURVE('',#2981,#3155);
#3155 = DEFINITIONAL_REPRESENTATION('',(#3156),#3160);
#3156 = LINE('',#3157,#3158);
#3157 = CARTESIAN_POINT('',(5.,0.));
#3158 = VECTOR('',#3159,1.);
#3159 = DIRECTION('',(0.,-1.));
#3160 = ( GEOMETRIC_REPRESENTATION_CONTEXT(2) 
PARAMETRIC_REPRESENTATION_CONTEXT() REPRESENTATION_CONTEXT('2D SPACE',''
  ) );
#3161 = ORIENTED_EDGE('',*,*,#2993,.T.);
#3162 = ORIENTED_EDGE('',*,*,#1118,.T.);
#3163 = ADVANCED_FACE('',(#3164,#3190),#1161,.T.);
#3164 = FACE_BOUND('',#3165,.T.);
#3165 = EDGE_LOOP('',(#3166,#3187,#3188,#3189));
#3166 = ORIENTED_EDGE('',*,*,#3167,.T.);
#3167 = EDGE_CURVE('',#3070,#3119,#3168,.T.);
#3168 = SURFACE_CURVE('',#3169,(#3173,#3180),.PCURVE_S1.);
#3169 = LINE('',#3170,#3171);
#3170 = CARTESIAN_POINT('',(-11.7483992647,54.160032257058,1.5));
#3171 = VECTOR('',#3172,1.);
#3172 = DIRECTION('',(0.988743327862,0.149621628146,0.));
#3173 = PCURVE('',#1161,#3174);
#3174 = DEFINITIONAL_REPRESENTATION('',(#3175),#3179);
#3175 = LINE('',#3176,#3177);
#3176 = CARTESIAN_POINT('',(-46.281005654,3.512885336041));
#3177 = VECTOR('',#3178,1.);
#3178 = DIRECTION('',(0.988743327862,0.149621628146));
#3179 = ( GEOMETRIC_REPRESENTATION_CONTEXT(2) 
PARAMETRIC_REPRESENTATION_CONTEXT() REPRESENTATION_CONTEXT('2D SPACE',''
  ) );
#3180 = PCURVE('',#2981,#3181);
#3181 = DEFINITIONAL_REPRESENTATION('',(#3182),#3186);
#3182 = LINE('',#3183,#3184);
#3183 = CARTESIAN_POINT('',(0.,0.));
#3184 = VECTOR('',#3185,1.);
#3185 = DIRECTION('',(1.,0.));
#3186 = ( GEOMETRIC_REPRESENTATION_CONTEXT(2) 
PARAMETRIC_REPRESENTATION_CONTEXT() REPRESENTATION_CONTEXT('2D SPACE',''
  ) );
#3187 = ORIENTED_EDGE('',*,*,#3118,.T.);
#3188 = ORIENTED_EDGE('',*,*,#1144,.F.);
#3189 = ORIENTED_EDGE('',*,*,#3069,.T.);
#3190 = FACE_BOUND('',#3191,.T.);
#3191 = EDGE_LOOP('',(#3192));
#3192 = ORIENTED_EDGE('',*,*,#3193,.T.);
#3193 = EDGE_CURVE('',#3194,#3194,#3196,.T.);
#3194 = VERTEX_POINT('',#3195);
#3195 = CARTESIAN_POINT('',(-8.050595015414,57.005944647077,1.5));
#3196 = SURFACE_CURVE('',#3197,(#3202,#3213),.PCURVE_S1.);
#3197 = CIRCLE('',#3198,1.6);
#3198 = AXIS2_PLACEMENT_3D('',#3199,#3200,#3201);
#3199 = CARTESIAN_POINT('',(-9.650595015414,57.005944647077,1.5));
#3200 = DIRECTION('',(0.,0.,-1.));
#3201 = DIRECTION('',(1.,0.,0.));
#3202 = PCURVE('',#1161,#3203);
#3203 = DEFINITIONAL_REPRESENTATION('',(#3204),#3212);
#3204 = ( BOUNDED_CURVE() B_SPLINE_CURVE(2,(#3205,#3206,#3207,#3208,
#3209,#3210,#3211),.UNSPECIFIED.,.T.,.F.) B_SPLINE_CURVE_WITH_KNOTS((1,2
    ,2,2,2,1),(-2.094395102393,0.,2.094395102393,4.188790204786,
6.28318530718,8.377580409573),.UNSPECIFIED.) CURVE() 
GEOMETRIC_REPRESENTATION_ITEM() RATIONAL_B_SPLINE_CURVE((1.,0.5,1.,0.5,
1.,0.5,1.)) REPRESENTATION_ITEM('') );
#3205 = CARTESIAN_POINT('',(-42.58320140471,6.35879772606));
#3206 = CARTESIAN_POINT('',(-42.58320140471,3.58751643395));
#3207 = CARTESIAN_POINT('',(-44.98320140471,4.973157080005));
#3208 = CARTESIAN_POINT('',(-47.38320140471,6.35879772606));
#3209 = CARTESIAN_POINT('',(-44.98320140471,7.744438372116));
#3210 = CARTESIAN_POINT('',(-42.58320140471,9.130079018171));
#3211 = CARTESIAN_POINT('',(-42.58320140471,6.35879772606));
#3212 = ( GEOMETRIC_REPRESENTATION_CONTEXT(2) 
PARAMETRIC_REPRESENTATION_CONTEXT() REPRESENTATION_CONTEXT('2D SPACE',''
  ) );
#3213 = PCURVE('',#1630,#3214);
#3214 = DEFINITIONAL_REPRESENTATION('',(#3215),#3219);
#3215 = LINE('',#3216,#3217);
#3216 = CARTESIAN_POINT('',(-6.28318530718,-1.5));
#3217 = VECTOR('',#3218,1.);
#3218 = DIRECTION('',(1.,-0.));
#3219 = ( GEOMETRIC_REPRESENTATION_CONTEXT(2) 
PARAMETRIC_REPRESENTATION_CONTEXT() REPRESENTATION_CONTEXT('2D SPACE',''
  ) );
#3220 = ADVANCED_FACE('',(#3221,#3296),#1222,.F.);
#3221 = FACE_BOUND('',#3222,.F.);
#3222 = EDGE_LOOP('',(#3223,#3253,#3274,#3275));
#3223 = ORIENTED_EDGE('',*,*,#3224,.T.);
#3224 = EDGE_CURVE('',#3225,#3227,#3229,.T.);
#3225 = VERTEX_POINT('',#3226);
#3226 = CARTESIAN_POINT('',(-25.36084721817,49.863064164257,23.5));
#3227 = VERTEX_POINT('',#3228);
#3228 = CARTESIAN_POINT('',(-20.71890436222,51.721118663467,23.5));
#3229 = SURFACE_CURVE('',#3230,(#3234,#3241),.PCURVE_S1.);
#3230 = LINE('',#3231,#3232);
#3231 = CARTESIAN_POINT('',(-25.36084721817,49.863064164257,23.5));
#3232 = VECTOR('',#3233,1.);
#3233 = DIRECTION('',(0.928388571191,0.371610899842,0.));
#3234 = PCURVE('',#1222,#3235);
#3235 = DEFINITIONAL_REPRESENTATION('',(#3236),#3240);
#3236 = LINE('',#3237,#3238);
#3237 = CARTESIAN_POINT('',(-59.89345360747,-0.78408275676));
#3238 = VECTOR('',#3239,1.);
#3239 = DIRECTION('',(0.928388571191,0.371610899842));
#3240 = ( GEOMETRIC_REPRESENTATION_CONTEXT(2) 
PARAMETRIC_REPRESENTATION_CONTEXT() REPRESENTATION_CONTEXT('2D SPACE',''
  ) );
#3241 = PCURVE('',#3242,#3247);
#3242 = PLANE('',#3243);
#3243 = AXIS2_PLACEMENT_3D('',#3244,#3245,#3246);
#3244 = CARTESIAN_POINT('',(-25.36084721817,49.863064164257,1.5));
#3245 = DIRECTION('',(-0.371610899842,0.928388571191,0.));
#3246 = DIRECTION('',(0.928388571191,0.371610899842,0.));
#3247 = DEFINITIONAL_REPRESENTATION('',(#3248),#3252);
#3248 = LINE('',#3249,#3250);
#3249 = CARTESIAN_POINT('',(0.,-22.));
#3250 = VECTOR('',#3251,1.);
#3251 = DIRECTION('',(1.,0.));
#3252 = ( GEOMETRIC_REPRESENTATION_CONTEXT(2) 
PARAMETRIC_REPRESENTATION_CONTEXT() REPRESENTATION_CONTEXT('2D SPACE',''
  ) );
#3253 = ORIENTED_EDGE('',*,*,#3254,.T.);
#3254 = EDGE_CURVE('',#3227,#1206,#3255,.T.);
#3255 = SURFACE_CURVE('',#3256,(#3260,#3267),.PCURVE_S1.);
#3256 = LINE('',#3257,#3258);
#3257 = CARTESIAN_POINT('',(-20.71890436222,51.721118663467,23.5));
#3258 = VECTOR('',#3259,1.);
#3259 = DIRECTION('',(-0.371610899842,0.928388571191,0.));
#3260 = PCURVE('',#1222,#3261);
#3261 = DEFINITIONAL_REPRESENTATION('',(#3262),#3266);
#3262 = LINE('',#3263,#3264);
#3263 = CARTESIAN_POINT('',(-55.25151075151,1.07397174245));
#3264 = VECTOR('',#3265,1.);
#3265 = DIRECTION('',(-0.371610899842,0.928388571191));
#3266 = ( GEOMETRIC_REPRESENTATION_CONTEXT(2) 
PARAMETRIC_REPRESENTATION_CONTEXT() REPRESENTATION_CONTEXT('2D SPACE',''
  ) );
#3267 = PCURVE('',#1253,#3268);
#3268 = DEFINITIONAL_REPRESENTATION('',(#3269),#3273);
#3269 = LINE('',#3270,#3271);
#3270 = CARTESIAN_POINT('',(0.,-22.));
#3271 = VECTOR('',#3272,1.);
#3272 = DIRECTION('',(1.,0.));
#3273 = ( GEOMETRIC_REPRESENTATION_CONTEXT(2) 
PARAMETRIC_REPRESENTATION_CONTEXT() REPRESENTATION_CONTEXT('2D SPACE',''
  ) );
#3274 = ORIENTED_EDGE('',*,*,#1203,.F.);
#3275 = ORIENTED_EDGE('',*,*,#3276,.T.);
#3276 = EDGE_CURVE('',#1204,#3225,#3277,.T.);
#3277 = SURFACE_CURVE('',#3278,(#3282,#3289),.PCURVE_S1.);
#3278 = LINE('',#3279,#3280);
#3279 = CARTESIAN_POINT('',(-29.07695621659,59.14694987617,23.5));
#3280 = VECTOR('',#3281,1.);
#3281 = DIRECTION('',(0.371610899842,-0.928388571191,0.));
#3282 = PCURVE('',#1222,#3283);
#3283 = DEFINITIONAL_REPRESENTATION('',(#3284),#3288);
#3284 = LINE('',#3285,#3286);
#3285 = CARTESIAN_POINT('',(-63.60956260589,8.499802955154));
#3286 = VECTOR('',#3287,1.);
#3287 = DIRECTION('',(0.371610899842,-0.928388571191));
#3288 = ( GEOMETRIC_REPRESENTATION_CONTEXT(2) 
PARAMETRIC_REPRESENTATION_CONTEXT() REPRESENTATION_CONTEXT('2D SPACE',''
  ) );
#3289 = PCURVE('',#1310,#3290);
#3290 = DEFINITIONAL_REPRESENTATION('',(#3291),#3295);
#3291 = LINE('',#3292,#3293);
#3292 = CARTESIAN_POINT('',(0.,-22.));
#3293 = VECTOR('',#3294,1.);
#3294 = DIRECTION('',(1.,0.));
#3295 = ( GEOMETRIC_REPRESENTATION_CONTEXT(2) 
PARAMETRIC_REPRESENTATION_CONTEXT() REPRESENTATION_CONTEXT('2D SPACE',''
  ) );
#3296 = FACE_BOUND('',#3297,.F.);
#3297 = EDGE_LOOP('',(#3298));
#3298 = ORIENTED_EDGE('',*,*,#3299,.T.);
#3299 = EDGE_CURVE('',#3300,#3300,#3302,.T.);
#3300 = VERTEX_POINT('',#3301);
#3301 = CARTESIAN_POINT('',(-22.3689030398,53.11306284184,23.5));
#3302 = SURFACE_CURVE('',#3303,(#3308,#3319),.PCURVE_S1.);
#3303 = CIRCLE('',#3304,1.6);
#3304 = AXIS2_PLACEMENT_3D('',#3305,#3306,#3307);
#3305 = CARTESIAN_POINT('',(-23.9689030398,53.11306284184,23.5));
#3306 = DIRECTION('',(0.,0.,-1.));
#3307 = DIRECTION('',(1.,0.,0.));
#3308 = PCURVE('',#1222,#3309);
#3309 = DEFINITIONAL_REPRESENTATION('',(#3310),#3318);
#3310 = ( BOUNDED_CURVE() B_SPLINE_CURVE(2,(#3311,#3312,#3313,#3314,
#3315,#3316,#3317),.UNSPECIFIED.,.T.,.F.) B_SPLINE_CURVE_WITH_KNOTS((1,2
    ,2,2,2,1),(-2.094395102393,0.,2.094395102393,4.188790204786,
6.28318530718,8.377580409573),.UNSPECIFIED.) CURVE() 
GEOMETRIC_REPRESENTATION_ITEM() RATIONAL_B_SPLINE_CURVE((1.,0.5,1.,0.5,
1.,0.5,1.)) REPRESENTATION_ITEM('') );
#3311 = CARTESIAN_POINT('',(-56.9015094291,2.465915920824));
#3312 = CARTESIAN_POINT('',(-56.9015094291,-0.305365371287));
#3313 = CARTESIAN_POINT('',(-59.3015094291,1.080275274768));
#3314 = CARTESIAN_POINT('',(-61.7015094291,2.465915920824));
#3315 = CARTESIAN_POINT('',(-59.3015094291,3.851556566879));
#3316 = CARTESIAN_POINT('',(-56.9015094291,5.237197212934));
#3317 = CARTESIAN_POINT('',(-56.9015094291,2.465915920824));
#3318 = ( GEOMETRIC_REPRESENTATION_CONTEXT(2) 
PARAMETRIC_REPRESENTATION_CONTEXT() REPRESENTATION_CONTEXT('2D SPACE',''
  ) );
#3319 = PCURVE('',#1907,#3320);
#3320 = DEFINITIONAL_REPRESENTATION('',(#3321),#3325);
#3321 = LINE('',#3322,#3323);
#3322 = CARTESIAN_POINT('',(-6.28318530718,-23.5));
#3323 = VECTOR('',#3324,1.);
#3324 = DIRECTION('',(1.,-0.));
#3325 = ( GEOMETRIC_REPRESENTATION_CONTEXT(2) 
PARAMETRIC_REPRESENTATION_CONTEXT() REPRESENTATION_CONTEXT('2D SPACE',''
  ) );
#3326 = ADVANCED_FACE('',(#3327),#1310,.T.);
#3327 = FACE_BOUND('',#3328,.T.);
#3328 = EDGE_LOOP('',(#3329,#3352,#3353,#3354));
#3329 = ORIENTED_EDGE('',*,*,#3330,.F.);
#3330 = EDGE_CURVE('',#1265,#3331,#3333,.T.);
#3331 = VERTEX_POINT('',#3332);
#3332 = CARTESIAN_POINT('',(-25.36084721817,49.863064164257,1.5));
#3333 = SURFACE_CURVE('',#3334,(#3338,#3345),.PCURVE_S1.);
#3334 = LINE('',#3335,#3336);
#3335 = CARTESIAN_POINT('',(-29.07695621659,59.14694987617,1.5));
#3336 = VECTOR('',#3337,1.);
#3337 = DIRECTION('',(0.371610899842,-0.928388571191,0.));
#3338 = PCURVE('',#1310,#3339);
#3339 = DEFINITIONAL_REPRESENTATION('',(#3340),#3344);
#3340 = LINE('',#3341,#3342);
#3341 = CARTESIAN_POINT('',(0.,0.));
#3342 = VECTOR('',#3343,1.);
#3343 = DIRECTION('',(1.,0.));
#3344 = ( GEOMETRIC_REPRESENTATION_CONTEXT(2) 
PARAMETRIC_REPRESENTATION_CONTEXT() REPRESENTATION_CONTEXT('2D SPACE',''
  ) );
#3345 = PCURVE('',#1281,#3346);
#3346 = DEFINITIONAL_REPRESENTATION('',(#3347),#3351);
#3347 = LINE('',#3348,#3349);
#3348 = CARTESIAN_POINT('',(-63.60956260589,8.499802955154));
#3349 = VECTOR('',#3350,1.);
#3350 = DIRECTION('',(0.371610899842,-0.928388571191));
#3351 = ( GEOMETRIC_REPRESENTATION_CONTEXT(2) 
PARAMETRIC_REPRESENTATION_CONTEXT() REPRESENTATION_CONTEXT('2D SPACE',''
  ) );
#3352 = ORIENTED_EDGE('',*,*,#1297,.F.);
#3353 = ORIENTED_EDGE('',*,*,#3276,.T.);
#3354 = ORIENTED_EDGE('',*,*,#3355,.F.);
#3355 = EDGE_CURVE('',#3331,#3225,#3356,.T.);
#3356 = SURFACE_CURVE('',#3357,(#3361,#3368),.PCURVE_S1.);
#3357 = LINE('',#3358,#3359);
#3358 = CARTESIAN_POINT('',(-25.36084721817,49.863064164257,1.5));
#3359 = VECTOR('',#3360,1.);
#3360 = DIRECTION('',(0.,0.,1.));
#3361 = PCURVE('',#1310,#3362);
#3362 = DEFINITIONAL_REPRESENTATION('',(#3363),#3367);
#3363 = LINE('',#3364,#3365);
#3364 = CARTESIAN_POINT('',(10.,0.));
#3365 = VECTOR('',#3366,1.);
#3366 = DIRECTION('',(0.,-1.));
#3367 = ( GEOMETRIC_REPRESENTATION_CONTEXT(2) 
PARAMETRIC_REPRESENTATION_CONTEXT() REPRESENTATION_CONTEXT('2D SPACE',''
  ) );
#3368 = PCURVE('',#3242,#3369);
#3369 = DEFINITIONAL_REPRESENTATION('',(#3370),#3374);
#3370 = LINE('',#3371,#3372);
#3371 = CARTESIAN_POINT('',(0.,0.));
#3372 = VECTOR('',#3373,1.);
#3373 = DIRECTION('',(0.,-1.));
#3374 = ( GEOMETRIC_REPRESENTATION_CONTEXT(2) 
PARAMETRIC_REPRESENTATION_CONTEXT() REPRESENTATION_CONTEXT('2D SPACE',''
  ) );
#3375 = ADVANCED_FACE('',(#3376),#1253,.T.);
#3376 = FACE_BOUND('',#3377,.T.);
#3377 = EDGE_LOOP('',(#3378,#3401,#3422,#3423));
#3378 = ORIENTED_EDGE('',*,*,#3379,.F.);
#3379 = EDGE_CURVE('',#3380,#1239,#3382,.T.);
#3380 = VERTEX_POINT('',#3381);
#3381 = CARTESIAN_POINT('',(-20.71890436222,51.721118663467,1.5));
#3382 = SURFACE_CURVE('',#3383,(#3387,#3394),.PCURVE_S1.);
#3383 = LINE('',#3384,#3385);
#3384 = CARTESIAN_POINT('',(-20.71890436222,51.721118663467,1.5));
#3385 = VECTOR('',#3386,1.);
#3386 = DIRECTION('',(-0.371610899842,0.928388571191,0.));
#3387 = PCURVE('',#1253,#3388);
#3388 = DEFINITIONAL_REPRESENTATION('',(#3389),#3393);
#3389 = LINE('',#3390,#3391);
#3390 = CARTESIAN_POINT('',(0.,0.));
#3391 = VECTOR('',#3392,1.);
#3392 = DIRECTION('',(1.,0.));
#3393 = ( GEOMETRIC_REPRESENTATION_CONTEXT(2) 
PARAMETRIC_REPRESENTATION_CONTEXT() REPRESENTATION_CONTEXT('2D SPACE',''
  ) );
#3394 = PCURVE('',#1281,#3395);
#3395 = DEFINITIONAL_REPRESENTATION('',(#3396),#3400);
#3396 = LINE('',#3397,#3398);
#3397 = CARTESIAN_POINT('',(-55.25151075151,1.07397174245));
#3398 = VECTOR('',#3399,1.);
#3399 = DIRECTION('',(-0.371610899842,0.928388571191));
#3400 = ( GEOMETRIC_REPRESENTATION_CONTEXT(2) 
PARAMETRIC_REPRESENTATION_CONTEXT() REPRESENTATION_CONTEXT('2D SPACE',''
  ) );
#3401 = ORIENTED_EDGE('',*,*,#3402,.T.);
#3402 = EDGE_CURVE('',#3380,#3227,#3403,.T.);
#3403 = SURFACE_CURVE('',#3404,(#3408,#3415),.PCURVE_S1.);
#3404 = LINE('',#3405,#3406);
#3405 = CARTESIAN_POINT('',(-20.71890436222,51.721118663467,1.5));
#3406 = VECTOR('',#3407,1.);
#3407 = DIRECTION('',(0.,0.,1.));
#3408 = PCURVE('',#1253,#3409);
#3409 = DEFINITIONAL_REPRESENTATION('',(#3410),#3414);
#3410 = LINE('',#3411,#3412);
#3411 = CARTESIAN_POINT('',(0.,0.));
#3412 = VECTOR('',#3413,1.);
#3413 = DIRECTION('',(0.,-1.));
#3414 = ( GEOMETRIC_REPRESENTATION_CONTEXT(2) 
PARAMETRIC_REPRESENTATION_CONTEXT() REPRESENTATION_CONTEXT('2D SPACE',''
  ) );
#3415 = PCURVE('',#3242,#3416);
#3416 = DEFINITIONAL_REPRESENTATION('',(#3417),#3421);
#3417 = LINE('',#3418,#3419);
#3418 = CARTESIAN_POINT('',(5.,0.));
#3419 = VECTOR('',#3420,1.);
#3420 = DIRECTION('',(0.,-1.));
#3421 = ( GEOMETRIC_REPRESENTATION_CONTEXT(2) 
PARAMETRIC_REPRESENTATION_CONTEXT() REPRESENTATION_CONTEXT('2D SPACE',''
  ) );
#3422 = ORIENTED_EDGE('',*,*,#3254,.T.);
#3423 = ORIENTED_EDGE('',*,*,#1238,.T.);
#3424 = ADVANCED_FACE('',(#3425,#3451),#1281,.T.);
#3425 = FACE_BOUND('',#3426,.T.);
#3426 = EDGE_LOOP('',(#3427,#3448,#3449,#3450));
#3427 = ORIENTED_EDGE('',*,*,#3428,.T.);
#3428 = EDGE_CURVE('',#3331,#3380,#3429,.T.);
#3429 = SURFACE_CURVE('',#3430,(#3434,#3441),.PCURVE_S1.);
#3430 = LINE('',#3431,#3432);
#3431 = CARTESIAN_POINT('',(-25.36084721817,49.863064164257,1.5));
#3432 = VECTOR('',#3433,1.);
#3433 = DIRECTION('',(0.928388571191,0.371610899842,0.));
#3434 = PCURVE('',#1281,#3435);
#3435 = DEFINITIONAL_REPRESENTATION('',(#3436),#3440);
#3436 = LINE('',#3437,#3438);
#3437 = CARTESIAN_POINT('',(-59.89345360747,-0.78408275676));
#3438 = VECTOR('',#3439,1.);
#3439 = DIRECTION('',(0.928388571191,0.371610899842));
#3440 = ( GEOMETRIC_REPRESENTATION_CONTEXT(2) 
PARAMETRIC_REPRESENTATION_CONTEXT() REPRESENTATION_CONTEXT('2D SPACE',''
  ) );
#3441 = PCURVE('',#3242,#3442);
#3442 = DEFINITIONAL_REPRESENTATION('',(#3443),#3447);
#3443 = LINE('',#3444,#3445);
#3444 = CARTESIAN_POINT('',(0.,0.));
#3445 = VECTOR('',#3446,1.);
#3446 = DIRECTION('',(1.,0.));
#3447 = ( GEOMETRIC_REPRESENTATION_CONTEXT(2) 
PARAMETRIC_REPRESENTATION_CONTEXT() REPRESENTATION_CONTEXT('2D SPACE',''
  ) );
#3448 = ORIENTED_EDGE('',*,*,#3379,.T.);
#3449 = ORIENTED_EDGE('',*,*,#1264,.F.);
#3450 = ORIENTED_EDGE('',*,*,#3330,.T.);
#3451 = FACE_BOUND('',#3452,.T.);
#3452 = EDGE_LOOP('',(#3453));
#3453 = ORIENTED_EDGE('',*,*,#3454,.T.);
#3454 = EDGE_CURVE('',#3455,#3455,#3457,.T.);
#3455 = VERTEX_POINT('',#3456);
#3456 = CARTESIAN_POINT('',(-22.3689030398,53.11306284184,1.5));
#3457 = SURFACE_CURVE('',#3458,(#3463,#3474),.PCURVE_S1.);
#3458 = CIRCLE('',#3459,1.6);
#3459 = AXIS2_PLACEMENT_3D('',#3460,#3461,#3462);
#3460 = CARTESIAN_POINT('',(-23.9689030398,53.11306284184,1.5));
#3461 = DIRECTION('',(0.,0.,-1.));
#3462 = DIRECTION('',(1.,0.,0.));
#3463 = PCURVE('',#1281,#3464);
#3464 = DEFINITIONAL_REPRESENTATION('',(#3465),#3473);
#3465 = ( BOUNDED_CURVE() B_SPLINE_CURVE(2,(#3466,#3467,#3468,#3469,
#3470,#3471,#3472),.UNSPECIFIED.,.T.,.F.) B_SPLINE_CURVE_WITH_KNOTS((1,2
    ,2,2,2,1),(-2.094395102393,0.,2.094395102393,4.188790204786,
6.28318530718,8.377580409573),.UNSPECIFIED.) CURVE() 
GEOMETRIC_REPRESENTATION_ITEM() RATIONAL_B_SPLINE_CURVE((1.,0.5,1.,0.5,
1.,0.5,1.)) REPRESENTATION_ITEM('') );
#3466 = CARTESIAN_POINT('',(-56.9015094291,2.465915920824));
#3467 = CARTESIAN_POINT('',(-56.9015094291,-0.305365371287));
#3468 = CARTESIAN_POINT('',(-59.3015094291,1.080275274768));
#3469 = CARTESIAN_POINT('',(-61.7015094291,2.465915920824));
#3470 = CARTESIAN_POINT('',(-59.3015094291,3.851556566879));
#3471 = CARTESIAN_POINT('',(-56.9015094291,5.237197212934));
#3472 = CARTESIAN_POINT('',(-56.9015094291,2.465915920824));
#3473 = ( GEOMETRIC_REPRESENTATION_CONTEXT(2) 
PARAMETRIC_REPRESENTATION_CONTEXT() REPRESENTATION_CONTEXT('2D SPACE',''
  ) );
#3474 = PCURVE('',#1599,#3475);
#3475 = DEFINITIONAL_REPRESENTATION('',(#3476),#3480);
#3476 = LINE('',#3477,#3478);
#3477 = CARTESIAN_POINT('',(-6.28318530718,-1.5));
#3478 = VECTOR('',#3479,1.);
#3479 = DIRECTION('',(1.,-0.));
#3480 = ( GEOMETRIC_REPRESENTATION_CONTEXT(2) 
PARAMETRIC_REPRESENTATION_CONTEXT() REPRESENTATION_CONTEXT('2D SPACE',''
  ) );
#3481 = ADVANCED_FACE('',(#3482,#3557),#1342,.F.);
#3482 = FACE_BOUND('',#3483,.F.);
#3483 = EDGE_LOOP('',(#3484,#3514,#3535,#3536));
#3484 = ORIENTED_EDGE('',*,*,#3485,.T.);
#3485 = EDGE_CURVE('',#3486,#3488,#3490,.T.);
#3486 = VERTEX_POINT('',#3487);
#3487 = CARTESIAN_POINT('',(-37.63115010418,42.569070665336,23.5));
#3488 = VERTEX_POINT('',#3489);
#3489 = CARTESIAN_POINT('',(-33.53664162225,45.438739686563,23.5));
#3490 = SURFACE_CURVE('',#3491,(#3495,#3502),.PCURVE_S1.);
#3491 = LINE('',#3492,#3493);
#3492 = CARTESIAN_POINT('',(-37.63115010418,42.569070665336,23.5));
#3493 = VECTOR('',#3494,1.);
#3494 = DIRECTION('',(0.818901696386,0.573933804245,0.));
#3495 = PCURVE('',#1342,#3496);
#3496 = DEFINITIONAL_REPRESENTATION('',(#3497),#3501);
#3497 = LINE('',#3498,#3499);
#3498 = CARTESIAN_POINT('',(-72.16375649348,-8.078076255681));
#3499 = VECTOR('',#3500,1.);
#3500 = DIRECTION('',(0.818901696386,0.573933804245));
#3501 = ( GEOMETRIC_REPRESENTATION_CONTEXT(2) 
PARAMETRIC_REPRESENTATION_CONTEXT() REPRESENTATION_CONTEXT('2D SPACE',''
  ) );
#3502 = PCURVE('',#3503,#3508);
#3503 = PLANE('',#3504);
#3504 = AXIS2_PLACEMENT_3D('',#3505,#3506,#3507);
#3505 = CARTESIAN_POINT('',(-37.63115010418,42.569070665336,1.5));
#3506 = DIRECTION('',(-0.573933804245,0.818901696386,0.));
#3507 = DIRECTION('',(0.818901696386,0.573933804245,0.));
#3508 = DEFINITIONAL_REPRESENTATION('',(#3509),#3513);
#3509 = LINE('',#3510,#3511);
#3510 = CARTESIAN_POINT('',(0.,-22.));
#3511 = VECTOR('',#3512,1.);
#3512 = DIRECTION('',(1.,0.));
#3513 = ( GEOMETRIC_REPRESENTATION_CONTEXT(2) 
PARAMETRIC_REPRESENTATION_CONTEXT() REPRESENTATION_CONTEXT('2D SPACE',''
  ) );
#3514 = ORIENTED_EDGE('',*,*,#3515,.T.);
#3515 = EDGE_CURVE('',#3488,#1326,#3516,.T.);
#3516 = SURFACE_CURVE('',#3517,(#3521,#3528),.PCURVE_S1.);
#3517 = LINE('',#3518,#3519);
#3518 = CARTESIAN_POINT('',(-33.53664162225,45.438739686563,23.5));
#3519 = VECTOR('',#3520,1.);
#3520 = DIRECTION('',(-0.573933804245,0.818901696386,0.));
#3521 = PCURVE('',#1342,#3522);
#3522 = DEFINITIONAL_REPRESENTATION('',(#3523),#3527);
#3523 = LINE('',#3524,#3525);
#3524 = CARTESIAN_POINT('',(-68.06924801154,-5.208407234453));
#3525 = VECTOR('',#3526,1.);
#3526 = DIRECTION('',(-0.573933804245,0.818901696386));
#3527 = ( GEOMETRIC_REPRESENTATION_CONTEXT(2) 
PARAMETRIC_REPRESENTATION_CONTEXT() REPRESENTATION_CONTEXT('2D SPACE',''
  ) );
#3528 = PCURVE('',#1373,#3529);
#3529 = DEFINITIONAL_REPRESENTATION('',(#3530),#3534);
#3530 = LINE('',#3531,#3532);
#3531 = CARTESIAN_POINT('',(0.,-22.));
#3532 = VECTOR('',#3533,1.);
#3533 = DIRECTION('',(1.,0.));
#3534 = ( GEOMETRIC_REPRESENTATION_CONTEXT(2) 
PARAMETRIC_REPRESENTATION_CONTEXT() REPRESENTATION_CONTEXT('2D SPACE',''
  ) );
#3535 = ORIENTED_EDGE('',*,*,#1323,.F.);
#3536 = ORIENTED_EDGE('',*,*,#3537,.T.);
#3537 = EDGE_CURVE('',#1324,#3486,#3538,.T.);
#3538 = SURFACE_CURVE('',#3539,(#3543,#3550),.PCURVE_S1.);
#3539 = LINE('',#3540,#3541);
#3540 = CARTESIAN_POINT('',(-43.37048814663,50.758087629199,23.5));
#3541 = VECTOR('',#3542,1.);
#3542 = DIRECTION('',(0.573933804245,-0.818901696386,0.));
#3543 = PCURVE('',#1342,#3544);
#3544 = DEFINITIONAL_REPRESENTATION('',(#3545),#3549);
#3545 = LINE('',#3546,#3547);
#3546 = CARTESIAN_POINT('',(-77.90309453593,0.110940708182));
#3547 = VECTOR('',#3548,1.);
#3548 = DIRECTION('',(0.573933804245,-0.818901696386));
#3549 = ( GEOMETRIC_REPRESENTATION_CONTEXT(2) 
PARAMETRIC_REPRESENTATION_CONTEXT() REPRESENTATION_CONTEXT('2D SPACE',''
  ) );
#3550 = PCURVE('',#1430,#3551);
#3551 = DEFINITIONAL_REPRESENTATION('',(#3552),#3556);
#3552 = LINE('',#3553,#3554);
#3553 = CARTESIAN_POINT('',(0.,-22.));
#3554 = VECTOR('',#3555,1.);
#3555 = DIRECTION('',(1.,0.));
#3556 = ( GEOMETRIC_REPRESENTATION_CONTEXT(2) 
PARAMETRIC_REPRESENTATION_CONTEXT() REPRESENTATION_CONTEXT('2D SPACE',''
  ) );
#3557 = FACE_BOUND('',#3558,.F.);
#3558 = EDGE_LOOP('',(#3559));
#3559 = ORIENTED_EDGE('',*,*,#3560,.T.);
#3560 = EDGE_CURVE('',#3561,#3561,#3563,.T.);
#3561 = VERTEX_POINT('',#3562);
#3562 = CARTESIAN_POINT('',(-35.41873037383,46.051159416915,23.5));
#3563 = SURFACE_CURVE('',#3564,(#3569,#3580),.PCURVE_S1.);
#3564 = CIRCLE('',#3565,1.6);
#3565 = AXIS2_PLACEMENT_3D('',#3566,#3567,#3568);
#3566 = CARTESIAN_POINT('',(-37.01873037383,46.051159416915,23.5));
#3567 = DIRECTION('',(0.,0.,-1.));
#3568 = DIRECTION('',(1.,0.,0.));
#3569 = PCURVE('',#1342,#3570);
#3570 = DEFINITIONAL_REPRESENTATION('',(#3571),#3579);
#3571 = ( BOUNDED_CURVE() B_SPLINE_CURVE(2,(#3572,#3573,#3574,#3575,
#3576,#3577,#3578),.UNSPECIFIED.,.T.,.F.) B_SPLINE_CURVE_WITH_KNOTS((1,2
    ,2,2,2,1),(-2.094395102393,0.,2.094395102393,4.188790204786,
6.28318530718,8.377580409573),.UNSPECIFIED.) CURVE() 
GEOMETRIC_REPRESENTATION_ITEM() RATIONAL_B_SPLINE_CURVE((1.,0.5,1.,0.5,
1.,0.5,1.)) REPRESENTATION_ITEM('') );
#3572 = CARTESIAN_POINT('',(-69.95133676312,-4.595987504101));
#3573 = CARTESIAN_POINT('',(-69.95133676312,-7.367268796211));
#3574 = CARTESIAN_POINT('',(-72.35133676312,-5.981628150156));
#3575 = CARTESIAN_POINT('',(-74.75133676312,-4.595987504101));
#3576 = CARTESIAN_POINT('',(-72.35133676312,-3.210346858046));
#3577 = CARTESIAN_POINT('',(-69.95133676312,-1.824706211991));
#3578 = CARTESIAN_POINT('',(-69.95133676312,-4.595987504101));
#3579 = ( GEOMETRIC_REPRESENTATION_CONTEXT(2) 
PARAMETRIC_REPRESENTATION_CONTEXT() REPRESENTATION_CONTEXT('2D SPACE',''
  ) );
#3580 = PCURVE('',#1845,#3581);
#3581 = DEFINITIONAL_REPRESENTATION('',(#3582),#3586);
#3582 = LINE('',#3583,#3584);
#3583 = CARTESIAN_POINT('',(-6.28318530718,-23.5));
#3584 = VECTOR('',#3585,1.);
#3585 = DIRECTION('',(1.,-0.));
#3586 = ( GEOMETRIC_REPRESENTATION_CONTEXT(2) 
PARAMETRIC_REPRESENTATION_CONTEXT() REPRESENTATION_CONTEXT('2D SPACE',''
  ) );
#3587 = ADVANCED_FACE('',(#3588),#1430,.T.);
#3588 = FACE_BOUND('',#3589,.T.);
#3589 = EDGE_LOOP('',(#3590,#3613,#3614,#3615));
#3590 = ORIENTED_EDGE('',*,*,#3591,.F.);
#3591 = EDGE_CURVE('',#1385,#3592,#3594,.T.);
#3592 = VERTEX_POINT('',#3593);
#3593 = CARTESIAN_POINT('',(-37.63115010418,42.569070665336,1.5));
#3594 = SURFACE_CURVE('',#3595,(#3599,#3606),.PCURVE_S1.);
#3595 = LINE('',#3596,#3597);
#3596 = CARTESIAN_POINT('',(-43.37048814663,50.758087629199,1.5));
#3597 = VECTOR('',#3598,1.);
#3598 = DIRECTION('',(0.573933804245,-0.818901696386,0.));
#3599 = PCURVE('',#1430,#3600);
#3600 = DEFINITIONAL_REPRESENTATION('',(#3601),#3605);
#3601 = LINE('',#3602,#3603);
#3602 = CARTESIAN_POINT('',(0.,0.));
#3603 = VECTOR('',#3604,1.);
#3604 = DIRECTION('',(1.,0.));
#3605 = ( GEOMETRIC_REPRESENTATION_CONTEXT(2) 
PARAMETRIC_REPRESENTATION_CONTEXT() REPRESENTATION_CONTEXT('2D SPACE',''
  ) );
#3606 = PCURVE('',#1401,#3607);
#3607 = DEFINITIONAL_REPRESENTATION('',(#3608),#3612);
#3608 = LINE('',#3609,#3610);
#3609 = CARTESIAN_POINT('',(-77.90309453593,0.110940708182));
#3610 = VECTOR('',#3611,1.);
#3611 = DIRECTION('',(0.573933804245,-0.818901696386));
#3612 = ( GEOMETRIC_REPRESENTATION_CONTEXT(2) 
PARAMETRIC_REPRESENTATION_CONTEXT() REPRESENTATION_CONTEXT('2D SPACE',''
  ) );
#3613 = ORIENTED_EDGE('',*,*,#1417,.F.);
#3614 = ORIENTED_EDGE('',*,*,#3537,.T.);
#3615 = ORIENTED_EDGE('',*,*,#3616,.F.);
#3616 = EDGE_CURVE('',#3592,#3486,#3617,.T.);
#3617 = SURFACE_CURVE('',#3618,(#3622,#3629),.PCURVE_S1.);
#3618 = LINE('',#3619,#3620);
#3619 = CARTESIAN_POINT('',(-37.63115010418,42.569070665336,1.5));
#3620 = VECTOR('',#3621,1.);
#3621 = DIRECTION('',(0.,0.,1.));
#3622 = PCURVE('',#1430,#3623);
#3623 = DEFINITIONAL_REPRESENTATION('',(#3624),#3628);
#3624 = LINE('',#3625,#3626);
#3625 = CARTESIAN_POINT('',(10.,0.));
#3626 = VECTOR('',#3627,1.);
#3627 = DIRECTION('',(0.,-1.));
#3628 = ( GEOMETRIC_REPRESENTATION_CONTEXT(2) 
PARAMETRIC_REPRESENTATION_CONTEXT() REPRESENTATION_CONTEXT('2D SPACE',''
  ) );
#3629 = PCURVE('',#3503,#3630);
#3630 = DEFINITIONAL_REPRESENTATION('',(#3631),#3635);
#3631 = LINE('',#3632,#3633);
#3632 = CARTESIAN_POINT('',(0.,0.));
#3633 = VECTOR('',#3634,1.);
#3634 = DIRECTION('',(0.,-1.));
#3635 = ( GEOMETRIC_REPRESENTATION_CONTEXT(2) 
PARAMETRIC_REPRESENTATION_CONTEXT() REPRESENTATION_CONTEXT('2D SPACE',''
  ) );
#3636 = ADVANCED_FACE('',(#3637),#1373,.T.);
#3637 = FACE_BOUND('',#3638,.T.);
#3638 = EDGE_LOOP('',(#3639,#3662,#3683,#3684));
#3639 = ORIENTED_EDGE('',*,*,#3640,.F.);
#3640 = EDGE_CURVE('',#3641,#1359,#3643,.T.);
#3641 = VERTEX_POINT('',#3642);
#3642 = CARTESIAN_POINT('',(-33.53664162225,45.438739686563,1.5));
#3643 = SURFACE_CURVE('',#3644,(#3648,#3655),.PCURVE_S1.);
#3644 = LINE('',#3645,#3646);
#3645 = CARTESIAN_POINT('',(-33.53664162225,45.438739686563,1.5));
#3646 = VECTOR('',#3647,1.);
#3647 = DIRECTION('',(-0.573933804245,0.818901696386,0.));
#3648 = PCURVE('',#1373,#3649);
#3649 = DEFINITIONAL_REPRESENTATION('',(#3650),#3654);
#3650 = LINE('',#3651,#3652);
#3651 = CARTESIAN_POINT('',(0.,0.));
#3652 = VECTOR('',#3653,1.);
#3653 = DIRECTION('',(1.,0.));
#3654 = ( GEOMETRIC_REPRESENTATION_CONTEXT(2) 
PARAMETRIC_REPRESENTATION_CONTEXT() REPRESENTATION_CONTEXT('2D SPACE',''
  ) );
#3655 = PCURVE('',#1401,#3656);
#3656 = DEFINITIONAL_REPRESENTATION('',(#3657),#3661);
#3657 = LINE('',#3658,#3659);
#3658 = CARTESIAN_POINT('',(-68.06924801154,-5.208407234453));
#3659 = VECTOR('',#3660,1.);
#3660 = DIRECTION('',(-0.573933804245,0.818901696386));
#3661 = ( GEOMETRIC_REPRESENTATION_CONTEXT(2) 
PARAMETRIC_REPRESENTATION_CONTEXT() REPRESENTATION_CONTEXT('2D SPACE',''
  ) );
#3662 = ORIENTED_EDGE('',*,*,#3663,.T.);
#3663 = EDGE_CURVE('',#3641,#3488,#3664,.T.);
#3664 = SURFACE_CURVE('',#3665,(#3669,#3676),.PCURVE_S1.);
#3665 = LINE('',#3666,#3667);
#3666 = CARTESIAN_POINT('',(-33.53664162225,45.438739686563,1.5));
#3667 = VECTOR('',#3668,1.);
#3668 = DIRECTION('',(0.,0.,1.));
#3669 = PCURVE('',#1373,#3670);
#3670 = DEFINITIONAL_REPRESENTATION('',(#3671),#3675);
#3671 = LINE('',#3672,#3673);
#3672 = CARTESIAN_POINT('',(0.,0.));
#3673 = VECTOR('',#3674,1.);
#3674 = DIRECTION('',(0.,-1.));
#3675 = ( GEOMETRIC_REPRESENTATION_CONTEXT(2) 
PARAMETRIC_REPRESENTATION_CONTEXT() REPRESENTATION_CONTEXT('2D SPACE',''
  ) );
#3676 = PCURVE('',#3503,#3677);
#3677 = DEFINITIONAL_REPRESENTATION('',(#3678),#3682);
#3678 = LINE('',#3679,#3680);
#3679 = CARTESIAN_POINT('',(5.,0.));
#3680 = VECTOR('',#3681,1.);
#3681 = DIRECTION('',(0.,-1.));
#3682 = ( GEOMETRIC_REPRESENTATION_CONTEXT(2) 
PARAMETRIC_REPRESENTATION_CONTEXT() REPRESENTATION_CONTEXT('2D SPACE',''
  ) );
#3683 = ORIENTED_EDGE('',*,*,#3515,.T.);
#3684 = ORIENTED_EDGE('',*,*,#1358,.T.);
#3685 = ADVANCED_FACE('',(#3686,#3712),#1401,.T.);
#3686 = FACE_BOUND('',#3687,.T.);
#3687 = EDGE_LOOP('',(#3688,#3709,#3710,#3711));
#3688 = ORIENTED_EDGE('',*,*,#3689,.T.);
#3689 = EDGE_CURVE('',#3592,#3641,#3690,.T.);
#3690 = SURFACE_CURVE('',#3691,(#3695,#3702),.PCURVE_S1.);
#3691 = LINE('',#3692,#3693);
#3692 = CARTESIAN_POINT('',(-37.63115010418,42.569070665336,1.5));
#3693 = VECTOR('',#3694,1.);
#3694 = DIRECTION('',(0.818901696386,0.573933804245,0.));
#3695 = PCURVE('',#1401,#3696);
#3696 = DEFINITIONAL_REPRESENTATION('',(#3697),#3701);
#3697 = LINE('',#3698,#3699);
#3698 = CARTESIAN_POINT('',(-72.16375649348,-8.078076255681));
#3699 = VECTOR('',#3700,1.);
#3700 = DIRECTION('',(0.818901696386,0.573933804245));
#3701 = ( GEOMETRIC_REPRESENTATION_CONTEXT(2) 
PARAMETRIC_REPRESENTATION_CONTEXT() REPRESENTATION_CONTEXT('2D SPACE',''
  ) );
#3702 = PCURVE('',#3503,#3703);
#3703 = DEFINITIONAL_REPRESENTATION('',(#3704),#3708);
#3704 = LINE('',#3705,#3706);
#3705 = CARTESIAN_POINT('',(0.,0.));
#3706 = VECTOR('',#3707,1.);
#3707 = DIRECTION('',(1.,0.));
#3708 = ( GEOMETRIC_REPRESENTATION_CONTEXT(2) 
PARAMETRIC_REPRESENTATION_CONTEXT() REPRESENTATION_CONTEXT('2D SPACE',''
  ) );
#3709 = ORIENTED_EDGE('',*,*,#3640,.T.);
#3710 = ORIENTED_EDGE('',*,*,#1384,.F.);
#3711 = ORIENTED_EDGE('',*,*,#3591,.T.);
#3712 = FACE_BOUND('',#3713,.T.);
#3713 = EDGE_LOOP('',(#3714));
#3714 = ORIENTED_EDGE('',*,*,#3715,.T.);
#3715 = EDGE_CURVE('',#3716,#3716,#3718,.T.);
#3716 = VERTEX_POINT('',#3717);
#3717 = CARTESIAN_POINT('',(-35.41873037383,46.051159416915,1.5));
#3718 = SURFACE_CURVE('',#3719,(#3724,#3735),.PCURVE_S1.);
#3719 = CIRCLE('',#3720,1.6);
#3720 = AXIS2_PLACEMENT_3D('',#3721,#3722,#3723);
#3721 = CARTESIAN_POINT('',(-37.01873037383,46.051159416915,1.5));
#3722 = DIRECTION('',(0.,0.,-1.));
#3723 = DIRECTION('',(1.,0.,0.));
#3724 = PCURVE('',#1401,#3725);
#3725 = DEFINITIONAL_REPRESENTATION('',(#3726),#3734);
#3726 = ( BOUNDED_CURVE() B_SPLINE_CURVE(2,(#3727,#3728,#3729,#3730,
#3731,#3732,#3733),.UNSPECIFIED.,.T.,.F.) B_SPLINE_CURVE_WITH_KNOTS((1,2
    ,2,2,2,1),(-2.094395102393,0.,2.094395102393,4.188790204786,
6.28318530718,8.377580409573),.UNSPECIFIED.) CURVE() 
GEOMETRIC_REPRESENTATION_ITEM() RATIONAL_B_SPLINE_CURVE((1.,0.5,1.,0.5,
1.,0.5,1.)) REPRESENTATION_ITEM('') );
#3727 = CARTESIAN_POINT('',(-69.95133676312,-4.595987504101));
#3728 = CARTESIAN_POINT('',(-69.95133676312,-7.367268796211));
#3729 = CARTESIAN_POINT('',(-72.35133676312,-5.981628150156));
#3730 = CARTESIAN_POINT('',(-74.75133676312,-4.595987504101));
#3731 = CARTESIAN_POINT('',(-72.35133676312,-3.210346858046));
#3732 = CARTESIAN_POINT('',(-69.95133676312,-1.824706211991));
#3733 = CARTESIAN_POINT('',(-69.95133676312,-4.595987504101));
#3734 = ( GEOMETRIC_REPRESENTATION_CONTEXT(2) 
PARAMETRIC_REPRESENTATION_CONTEXT() REPRESENTATION_CONTEXT('2D SPACE',''
  ) );
#3735 = PCURVE('',#1537,#3736);
#3736 = DEFINITIONAL_REPRESENTATION('',(#3737),#3741);
#3737 = LINE('',#3738,#3739);
#3738 = CARTESIAN_POINT('',(-6.28318530718,-1.5));
#3739 = VECTOR('',#3740,1.);
#3740 = DIRECTION('',(1.,-0.));
#3741 = ( GEOMETRIC_REPRESENTATION_CONTEXT(2) 
PARAMETRIC_REPRESENTATION_CONTEXT() REPRESENTATION_CONTEXT('2D SPACE',''
  ) );
#3742 = ADVANCED_FACE('',(#3743,#3749,#3902,#4055),#1506,.F.);
#3743 = FACE_BOUND('',#3744,.T.);
#3744 = EDGE_LOOP('',(#3745,#3746,#3747,#3748));
#3745 = ORIENTED_EDGE('',*,*,#1491,.F.);
#3746 = ORIENTED_EDGE('',*,*,#1708,.F.);
#3747 = ORIENTED_EDGE('',*,*,#1804,.T.);
#3748 = ORIENTED_EDGE('',*,*,#1779,.T.);
#3749 = FACE_BOUND('',#3750,.T.);
#3750 = EDGE_LOOP('',(#3751));
#3751 = ORIENTED_EDGE('',*,*,#3752,.F.);
#3752 = EDGE_CURVE('',#3753,#3753,#3755,.T.);
#3753 = VERTEX_POINT('',#3754);
#3754 = CARTESIAN_POINT('',(-3.79209354312,53.112046981947,12.5));
#3755 = SURFACE_CURVE('',#3756,(#3801,#3849),.PCURVE_S1.);
#3756 = B_SPLINE_CURVE_WITH_KNOTS('',7,(#3757,#3758,#3759,#3760,#3761,
    #3762,#3763,#3764,#3765,#3766,#3767,#3768,#3769,#3770,#3771,#3772,
    #3773,#3774,#3775,#3776,#3777,#3778,#3779,#3780,#3781,#3782,#3783,
    #3784,#3785,#3786,#3787,#3788,#3789,#3790,#3791,#3792,#3793,#3794,
    #3795,#3796,#3797,#3798,#3799,#3800),.UNSPECIFIED.,.T.,.F.,(8,6,6,6,
    6,6,6,8),(0.,0.152727253533,0.285697368453,0.421890404419,
    0.588710542594,0.71448299612,0.837882922343,1.),.UNSPECIFIED.);
#3757 = CARTESIAN_POINT('',(-3.79209354312,53.112046981947,12.5));
#3758 = CARTESIAN_POINT('',(-3.79209354312,53.112046981947,
    12.296869908293));
#3759 = CARTESIAN_POINT('',(-3.763823100336,53.113837255314,
    12.093834794307));
#3760 = CARTESIAN_POINT('',(-3.707320972303,53.117415648902,
    11.893344705661));
#3761 = CARTESIAN_POINT('',(-3.621741454512,53.122750257534,
    11.698193290131));
#3762 = CARTESIAN_POINT('',(-3.505710782304,53.129762237494,
    11.512061702316));
#3763 = CARTESIAN_POINT('',(-3.357654550143,53.138252034569,
    11.3401038912));
#3764 = CARTESIAN_POINT('',(-3.018946387005,53.15620949617,
    11.059552365925));
#3765 = CARTESIAN_POINT('',(-2.830785486696,53.165699761684,
    10.941086527936));
#3766 = CARTESIAN_POINT('',(-2.615853370244,53.175788047602,
    10.848243250629));
#3767 = CARTESIAN_POINT('',(-2.381894507886,53.18569002686,
    10.790348332561));
#3768 = CARTESIAN_POINT('',(-2.13929610037,53.194666472378,
    10.772423787213));
#3769 = CARTESIAN_POINT('',(-1.89914922971,53.202368858571,
    10.794911968984));
#3770 = CARTESIAN_POINT('',(-1.4381357675,53.215216162231,10.91332312137
    ));
#3771 = CARTESIAN_POINT('',(-1.225984994069,53.22006897601,
    11.008928723075));
#3772 = CARTESIAN_POINT('',(-1.03870922922,53.223515194817,
    11.132130746464));
#3773 = CARTESIAN_POINT('',(-0.877993269761,53.225907771236,
    11.276129373721));
#3774 = CARTESIAN_POINT('',(-0.744367037601,53.227549179208,
    11.43492497362));
#3775 = CARTESIAN_POINT('',(-0.637442038393,53.228669065617,
    11.60317830646));
#3776 = CARTESIAN_POINT('',(-0.456271322296,53.230348024417,
    11.988075660214));
#3777 = CARTESIAN_POINT('',(-0.393413857344,53.230737086149,
    12.21000020146));
#3778 = CARTESIAN_POINT('',(-0.365553926428,53.230865851519,
    12.43696809902));
#3779 = CARTESIAN_POINT('',(-0.372112375119,53.230832711765,
    12.665503307275));
#3780 = CARTESIAN_POINT('',(-0.413456016341,53.230627066019,
    12.891879252704));
#3781 = CARTESIAN_POINT('',(-0.490543957757,53.230102939158,
    13.111730415951));
#3782 = CARTESIAN_POINT('',(-0.690434341667,53.228088906614,
    13.475236034347));
#3783 = CARTESIAN_POINT('',(-0.798465321093,53.226856826652,
    13.626410055719));
#3784 = CARTESIAN_POINT('',(-0.929439489777,53.225117102039,
    13.768361835645));
#3785 = CARTESIAN_POINT('',(-1.083442896998,53.222675723022,
    13.896558190698));
#3786 = CARTESIAN_POINT('',(-1.259774094383,53.219290106793,
    14.006065932903));
#3787 = CARTESIAN_POINT('',(-1.456800315093,53.214696027506,
    14.091470861389));
#3788 = CARTESIAN_POINT('',(-1.881956610233,53.202847974304,
    14.200672112498));
#3789 = CARTESIAN_POINT('',(-2.103946911666,53.195798374745,
    14.224191070164));
#3790 = CARTESIAN_POINT('',(-2.329160802906,53.187628402078,
    14.213096580833));
#3791 = CARTESIAN_POINT('',(-2.548376236074,53.178606925645,
    14.167264685541));
#3792 = CARTESIAN_POINT('',(-2.752773136688,53.169302264247,
    14.09031958687));
#3793 = CARTESIAN_POINT('',(-2.935418607228,53.160357199975,
    13.989449834285));
#3794 = CARTESIAN_POINT('',(-3.298416472113,53.141623964775,
    13.725402107801));
#3795 = CARTESIAN_POINT('',(-3.46706025649,53.132091302935,
    13.54751855258));
#3796 = CARTESIAN_POINT('',(-3.598973051167,53.124167837195,
    13.351971713404));
#3797 = CARTESIAN_POINT('',(-3.696085597859,53.118127387102,
    13.145306432349));
#3798 = CARTESIAN_POINT('',(-3.760075742915,53.114074512115,
    12.932257600134));
#3799 = CARTESIAN_POINT('',(-3.79209354312,53.112046981947,
    12.716167704034));
#3800 = CARTESIAN_POINT('',(-3.79209354312,53.112046981947,12.5));
#3801 = PCURVE('',#1506,#3802);
#3802 = DEFINITIONAL_REPRESENTATION('',(#3803),#3848);
#3803 = B_SPLINE_CURVE_WITH_KNOTS('',7,(#3804,#3805,#3806,#3807,#3808,
    #3809,#3810,#3811,#3812,#3813,#3814,#3815,#3816,#3817,#3818,#3819,
    #3820,#3821,#3822,#3823,#3824,#3825,#3826,#3827,#3828,#3829,#3830,
    #3831,#3832,#3833,#3834,#3835,#3836,#3837,#3838,#3839,#3840,#3841,
    #3842,#3843,#3844,#3845,#3846,#3847),.UNSPECIFIED.,.T.,.F.,(8,6,6,6,
    6,6,6,8),(0.,0.152727253533,0.285697368453,0.421890404419,
    0.588710542594,0.71448299612,0.837882922343,1.),.UNSPECIFIED.);
#3804 = CARTESIAN_POINT('',(-1.634040037433,-12.5));
#3805 = CARTESIAN_POINT('',(-1.634040037433,-12.29686990829));
#3806 = CARTESIAN_POINT('',(-1.633567919558,-12.0938347943));
#3807 = CARTESIAN_POINT('',(-1.632624330781,-11.89334470566));
#3808 = CARTESIAN_POINT('',(-1.631195237766,-11.69819329013));
#3809 = CARTESIAN_POINT('',(-1.629257872938,-11.51206170231));
#3810 = CARTESIAN_POINT('',(-1.626786238553,-11.3401038912));
#3811 = CARTESIAN_POINT('',(-1.621133174236,-11.05955236592));
#3812 = CARTESIAN_POINT('',(-1.617993183771,-10.94108652793));
#3813 = CARTESIAN_POINT('',(-1.614407071798,-10.84824325062));
#3814 = CARTESIAN_POINT('',(-1.610504355,-10.79034833256));
#3815 = CARTESIAN_POINT('',(-1.606458362734,-10.77242378721));
#3816 = CARTESIAN_POINT('',(-1.602453891611,-10.79491196898));
#3817 = CARTESIAN_POINT('',(-1.594767350966,-10.91332312137));
#3818 = CARTESIAN_POINT('',(-1.591230623945,-11.00892872307));
#3819 = CARTESIAN_POINT('',(-1.588108875865,-11.13213074646));
#3820 = CARTESIAN_POINT('',(-1.585429996865,-11.27612937372));
#3821 = CARTESIAN_POINT('',(-1.583202731544,-11.43492497362));
#3822 = CARTESIAN_POINT('',(-1.581420551682,-11.60317830646));
#3823 = CARTESIAN_POINT('',(-1.578400910089,-11.98807566021));
#3824 = CARTESIAN_POINT('',(-1.5773532705,-12.21000020145));
#3825 = CARTESIAN_POINT('',(-1.576888931243,-12.43696809902));
#3826 = CARTESIAN_POINT('',(-1.576998240432,-12.66550330727));
#3827 = CARTESIAN_POINT('',(-1.577687311596,-12.8918792527));
#3828 = CARTESIAN_POINT('',(-1.578972133473,-13.11173041595));
#3829 = CARTESIAN_POINT('',(-1.582303808974,-13.47523603434));
#3830 = CARTESIAN_POINT('',(-1.58410444085,-13.62641005571));
#3831 = CARTESIAN_POINT('',(-1.586287529536,-13.76836183564));
#3832 = CARTESIAN_POINT('',(-1.588854558898,-13.89655819069));
#3833 = CARTESIAN_POINT('',(-1.591793918638,-14.0060659329));
#3834 = CARTESIAN_POINT('',(-1.595078547526,-14.09147086138));
#3835 = CARTESIAN_POINT('',(-1.60216723671,-14.20067211249));
#3836 = CARTESIAN_POINT('',(-1.6058689125,-14.22419107016));
#3837 = CARTESIAN_POINT('',(-1.609624883158,-14.21309658083));
#3838 = CARTESIAN_POINT('',(-1.613281494275,-14.16726468554));
#3839 = CARTESIAN_POINT('',(-1.616691605126,-14.09031958687));
#3840 = CARTESIAN_POINT('',(-1.619739334067,-13.98944983428));
#3841 = CARTESIAN_POINT('',(-1.62579734951,-13.7254021078));
#3842 = CARTESIAN_POINT('',(-1.628612532085,-13.54751855258));
#3843 = CARTESIAN_POINT('',(-1.630815029648,-13.3519717134));
#3844 = CARTESIAN_POINT('',(-1.632436699285,-13.14530643234));
#3845 = CARTESIAN_POINT('',(-1.633505338521,-12.93225760013));
#3846 = CARTESIAN_POINT('',(-1.634040037433,-12.71616770403));
#3847 = CARTESIAN_POINT('',(-1.634040037433,-12.5));
#3848 = ( GEOMETRIC_REPRESENTATION_CONTEXT(2) 
PARAMETRIC_REPRESENTATION_CONTEXT() REPRESENTATION_CONTEXT('2D SPACE',''
  ) );
#3849 = PCURVE('',#3850,#3855);
#3850 = CYLINDRICAL_SURFACE('',#3851,1.7);
#3851 = AXIS2_PLACEMENT_3D('',#3852,#3853,#3854);
#3852 = CARTESIAN_POINT('',(-2.37316577577,61.190576237299,12.5));
#3853 = DIRECTION('',(3.48994967025E-02,-0.999390827019,0.));
#3854 = DIRECTION('',(-0.999390827019,-3.48994967025E-02,0.));
#3855 = DEFINITIONAL_REPRESENTATION('',(#3856),#3901);
#3856 = B_SPLINE_CURVE_WITH_KNOTS('',7,(#3857,#3858,#3859,#3860,#3861,
    #3862,#3863,#3864,#3865,#3866,#3867,#3868,#3869,#3870,#3871,#3872,
    #3873,#3874,#3875,#3876,#3877,#3878,#3879,#3880,#3881,#3882,#3883,
    #3884,#3885,#3886,#3887,#3888,#3889,#3890,#3891,#3892,#3893,#3894,
    #3895,#3896,#3897,#3898,#3899,#3900),.UNSPECIFIED.,.F.,.F.,(8,6,6,6,
    6,6,6,8),(0.,0.152727253533,0.285697368453,0.421890404419,
    0.588710542594,0.71448299612,0.837882922343,1.),.UNSPECIFIED.);
#3857 = CARTESIAN_POINT('',(0.,8.024088168666));
#3858 = CARTESIAN_POINT('',(0.119488289239,8.024088168666));
#3859 = CARTESIAN_POINT('',(0.238919938736,8.02328561011));
#3860 = CARTESIAN_POINT('',(0.359645268056,8.021681292213));
#3861 = CARTESIAN_POINT('',(0.48278095803,8.01933661538));
#3862 = CARTESIAN_POINT('',(0.609566901674,8.01637831899));
#3863 = CARTESIAN_POINT('',(0.741242909092,8.013060781657));
#3864 = CARTESIAN_POINT('',(1.000144851347,8.006935003679));
#3865 = CARTESIAN_POINT('',(1.129946399159,8.004017240098));
#3866 = CARTESIAN_POINT('',(1.265124944151,8.001436122381));
#3867 = CARTESIAN_POINT('',(1.40355108348,7.999705221686));
#3868 = CARTESIAN_POINT('',(1.54357596825,7.999200806699));
#3869 = CARTESIAN_POINT('',(1.683759454613,7.999884117513));
#3870 = CARTESIAN_POINT('',(1.96384168813,8.003133777887));
#3871 = CARTESIAN_POINT('',(2.098725223374,8.005687875529));
#3872 = CARTESIAN_POINT('',(2.228097093225,8.008779586004));
#3873 = CARTESIAN_POINT('',(2.35266876189,8.011997373174));
#3874 = CARTESIAN_POINT('',(2.472977010089,8.015020453353));
#3875 = CARTESIAN_POINT('',(2.589303016963,8.017632877805));
#3876 = CARTESIAN_POINT('',(2.839527861007,8.02227770859));
#3877 = CARTESIAN_POINT('',(2.973385049827,8.024082577755));
#3878 = CARTESIAN_POINT('',(3.105429850979,8.024926188393));
#3879 = CARTESIAN_POINT('',(3.237161664762,8.0247304214));
#3880 = CARTESIAN_POINT('',(3.369962016278,8.023493069602));
#3881 = CARTESIAN_POINT('',(3.505126944531,8.021326546822));
#3882 = CARTESIAN_POINT('',(3.749136078799,8.016363278678));
#3883 = CARTESIAN_POINT('',(3.857669867887,8.01382438128));
#3884 = CARTESIAN_POINT('',(3.969839843185,8.010992113531));
#3885 = CARTESIAN_POINT('',(4.085800540697,8.008057363923));
#3886 = CARTESIAN_POINT('',(4.205909258089,8.005287047685));
#3887 = CARTESIAN_POINT('',(4.330683001966,8.003002212443));
#3888 = CARTESIAN_POINT('',(4.588980718839,8.000005307411));
#3889 = CARTESIAN_POINT('',(4.718963911532,7.999303262751));
#3890 = CARTESIAN_POINT('',(4.849163322068,7.999608407038));
#3891 = CARTESIAN_POINT('',(4.978208045964,8.000973879543));
#3892 = CARTESIAN_POINT('',(5.10460685847,8.003139523834));
#3893 = CARTESIAN_POINT('',(5.226499189768,8.005704904017));
#3894 = CARTESIAN_POINT('',(5.490749086212,8.011758284648));
#3895 = CARTESIAN_POINT('',(5.632620640251,8.015399556252));
#3896 = CARTESIAN_POINT('',(5.768609678317,8.018714505088));
#3897 = CARTESIAN_POINT('',(5.900231843049,8.021362096498));
#3898 = CARTESIAN_POINT('',(6.028917000551,8.023179278728));
#3899 = CARTESIAN_POINT('',(6.156027834218,8.024088168666));
#3900 = CARTESIAN_POINT('',(6.28318530718,8.024088168666));
#3901 = ( GEOMETRIC_REPRESENTATION_CONTEXT(2) 
PARAMETRIC_REPRESENTATION_CONTEXT() REPRESENTATION_CONTEXT('2D SPACE',''
  ) );
#3902 = FACE_BOUND('',#3903,.T.);
#3903 = EDGE_LOOP('',(#3904));
#3904 = ORIENTED_EDGE('',*,*,#3905,.F.);
#3905 = EDGE_CURVE('',#3906,#3906,#3908,.T.);
#3906 = VERTEX_POINT('',#3907);
#3907 = CARTESIAN_POINT('',(38.140933023086,39.549051159681,12.5));
#3908 = SURFACE_CURVE('',#3909,(#3954,#4002),.PCURVE_S1.);
#3909 = B_SPLINE_CURVE_WITH_KNOTS('',7,(#3910,#3911,#3912,#3913,#3914,
    #3915,#3916,#3917,#3918,#3919,#3920,#3921,#3922,#3923,#3924,#3925,
    #3926,#3927,#3928,#3929,#3930,#3931,#3932,#3933,#3934,#3935,#3936,
    #3937,#3938,#3939,#3940,#3941,#3942,#3943,#3944,#3945,#3946,#3947,
    #3948,#3949,#3950,#3951,#3952,#3953),.UNSPECIFIED.,.T.,.F.,(8,6,6,6,
    6,6,6,8),(0.,0.152727253891,0.285697369123,0.421890405468,
    0.588710541302,0.714482995222,0.837882921834,1.),.UNSPECIFIED.);
#3910 = CARTESIAN_POINT('',(38.140933023086,39.549051159681,12.5));
#3911 = CARTESIAN_POINT('',(38.140933023086,39.549051159681,
    12.296869908293));
#3912 = CARTESIAN_POINT('',(38.162800103954,39.531044111388,
    12.093834794307));
#3913 = CARTESIAN_POINT('',(38.206504492691,39.495054921649,
    11.893344705662));
#3914 = CARTESIAN_POINT('',(38.272641951712,39.440482507108,
    11.698193290131));
#3915 = CARTESIAN_POINT('',(38.36216178116,39.3663307378,11.512061702316
    ));
#3916 = CARTESIAN_POINT('',(38.476077326061,39.271378259337,
    11.3401038912));
#3917 = CARTESIAN_POINT('',(38.735681213592,39.053085997033,
    11.059552365925));
#3918 = CARTESIAN_POINT('',(38.879565968281,38.931464588915,
    10.941086527936));
#3919 = CARTESIAN_POINT('',(39.043408474355,38.791989783308,
    10.848243250629));
#3920 = CARTESIAN_POINT('',(39.221017623965,38.639379860813,
    10.790348332561));
#3921 = CARTESIAN_POINT('',(39.404303316637,38.480191548539,
    10.772423787213));
#3922 = CARTESIAN_POINT('',(39.584928382863,38.321747767683,
    10.794911968984));
#3923 = CARTESIAN_POINT('',(39.930352187012,38.016164945569,
    10.913323121396));
#3924 = CARTESIAN_POINT('',(40.088586795104,37.874767246751,
    11.008928723113));
#3925 = CARTESIAN_POINT('',(40.227695904191,37.749337010121,
    11.132130746431));
#3926 = CARTESIAN_POINT('',(40.346690359883,37.641283025614,
    11.276129373642));
#3927 = CARTESIAN_POINT('',(40.445389846653,37.551188211808,
    11.434924973605));
#3928 = CARTESIAN_POINT('',(40.524234949918,37.478954844885,
    11.603178306561));
#3929 = CARTESIAN_POINT('',(40.657678567396,37.356405068948,
    11.988075656527));
#3930 = CARTESIAN_POINT('',(40.703844875805,37.313744960056,
    12.210000215915));
#3931 = CARTESIAN_POINT('',(40.724277042385,37.294805091331,
    12.436968072988));
#3932 = CARTESIAN_POINT('',(40.71946521461,37.299261623894,
    12.665503333145));
#3933 = CARTESIAN_POINT('',(40.689134295942,37.32735741927,
    12.891879238527));
#3934 = CARTESIAN_POINT('',(40.632484168792,37.379641159463,
    13.11173041951));
#3935 = CARTESIAN_POINT('',(40.485141938976,37.514735528098,
    13.475236034347));
#3936 = CARTESIAN_POINT('',(40.405412563572,37.587642573262,
    13.626410055719));
#3937 = CARTESIAN_POINT('',(40.308582527102,37.675853703746,
    13.768361835644));
#3938 = CARTESIAN_POINT('',(40.19445644624,37.779286036382,
    13.896558190698));
#3939 = CARTESIAN_POINT('',(40.063380808111,37.897283200151,
    14.006065932903));
#3940 = CARTESIAN_POINT('',(39.916367391351,38.028536742977,
    14.091470861389));
#3941 = CARTESIAN_POINT('',(39.597810306076,38.310351638053,
    14.200672112499));
#3942 = CARTESIAN_POINT('',(39.430889721426,38.456867538899,
    14.224191070162));
#3943 = CARTESIAN_POINT('',(39.26084973138,38.604767664138,
    14.213096580835));
#3944 = CARTESIAN_POINT('',(39.09460825681,38.747947848913,
    14.167264685541));
#3945 = CARTESIAN_POINT('',(38.938994268809,38.88079722393,
    14.090319586866));
#3946 = CARTESIAN_POINT('',(38.799509535798,38.999048614359,
    13.989449834288));
#3947 = CARTESIAN_POINT('',(38.521638535775,39.233369102923,
    13.725402107802));
#3948 = CARTESIAN_POINT('',(38.391976827754,39.341625461277,
    13.54751855258));
#3949 = CARTESIAN_POINT('',(38.290236646069,39.425962298657,
    13.351971713405));
#3950 = CARTESIAN_POINT('',(38.215195175872,39.487898649156,
    13.145306432347));
#3951 = CARTESIAN_POINT('',(38.165698636001,39.528657169745,
    12.932257600135));
#3952 = CARTESIAN_POINT('',(38.140933023086,39.549051159681,
    12.716167704034));
#3953 = CARTESIAN_POINT('',(38.140933023086,39.549051159681,12.5));
#3954 = PCURVE('',#1506,#3955);
#3955 = DEFINITIONAL_REPRESENTATION('',(#3956),#4001);
#3956 = B_SPLINE_CURVE_WITH_KNOTS('',7,(#3957,#3958,#3959,#3960,#3961,
    #3962,#3963,#3964,#3965,#3966,#3967,#3968,#3969,#3970,#3971,#3972,
    #3973,#3974,#3975,#3976,#3977,#3978,#3979,#3980,#3981,#3982,#3983,
    #3984,#3985,#3986,#3987,#3988,#3989,#3990,#3991,#3992,#3993,#3994,
    #3995,#3996,#3997,#3998,#3999,#4000),.UNSPECIFIED.,.T.,.F.,(8,6,6,6,
    6,6,6,8),(0.,0.152727253891,0.285697369123,0.421890405468,
    0.588710541302,0.714482995222,0.837882921834,1.),.UNSPECIFIED.);
#3957 = CARTESIAN_POINT('',(-0.881904370883,-12.5));
#3958 = CARTESIAN_POINT('',(-0.881904370883,-12.29686990829));
#3959 = CARTESIAN_POINT('',(-0.881432253007,-12.0938347943));
#3960 = CARTESIAN_POINT('',(-0.880488664231,-11.89334470566));
#3961 = CARTESIAN_POINT('',(-0.879059571216,-11.69819329013));
#3962 = CARTESIAN_POINT('',(-0.877122206388,-11.51206170231));
#3963 = CARTESIAN_POINT('',(-0.874650572003,-11.3401038912));
#3964 = CARTESIAN_POINT('',(-0.868997507686,-11.05955236592));
#3965 = CARTESIAN_POINT('',(-0.865857517221,-10.94108652793));
#3966 = CARTESIAN_POINT('',(-0.862271405248,-10.84824325062));
#3967 = CARTESIAN_POINT('',(-0.85836868845,-10.79034833256));
#3968 = CARTESIAN_POINT('',(-0.854322696184,-10.77242378721));
#3969 = CARTESIAN_POINT('',(-0.850318225061,-10.79491196898));
#3970 = CARTESIAN_POINT('',(-0.842631684414,-10.91332312139));
#3971 = CARTESIAN_POINT('',(-0.839094957394,-11.00892872311));
#3972 = CARTESIAN_POINT('',(-0.835973209317,-11.13213074643));
#3973 = CARTESIAN_POINT('',(-0.833294330316,-11.27612937364));
#3974 = CARTESIAN_POINT('',(-0.831067064994,-11.4349249736));
#3975 = CARTESIAN_POINT('',(-0.829284885131,-11.60317830656));
#3976 = CARTESIAN_POINT('',(-0.826265243567,-11.98807565652));
#3977 = CARTESIAN_POINT('',(-0.825217603892,-12.21000021591));
#3978 = CARTESIAN_POINT('',(-0.824753264716,-12.43696807298));
#3979 = CARTESIAN_POINT('',(-0.824862573933,-12.66550333314));
#3980 = CARTESIAN_POINT('',(-0.825551644973,-12.89187923852));
#3981 = CARTESIAN_POINT('',(-0.826836466955,-13.11173041951));
#3982 = CARTESIAN_POINT('',(-0.830168142423,-13.47523603434));
#3983 = CARTESIAN_POINT('',(-0.8319687743,-13.62641005571));
#3984 = CARTESIAN_POINT('',(-0.834151862986,-13.76836183564));
#3985 = CARTESIAN_POINT('',(-0.836718892348,-13.89655819069));
#3986 = CARTESIAN_POINT('',(-0.839658252088,-14.0060659329));
#3987 = CARTESIAN_POINT('',(-0.842942880976,-14.09147086138));
#3988 = CARTESIAN_POINT('',(-0.85003157016,-14.20067211249));
#3989 = CARTESIAN_POINT('',(-0.85373324595,-14.22419107016));
#3990 = CARTESIAN_POINT('',(-0.857489216608,-14.21309658083));
#3991 = CARTESIAN_POINT('',(-0.861145827725,-14.16726468554));
#3992 = CARTESIAN_POINT('',(-0.864555938576,-14.09031958686));
#3993 = CARTESIAN_POINT('',(-0.867603667517,-13.98944983428));
#3994 = CARTESIAN_POINT('',(-0.87366168296,-13.7254021078));
#3995 = CARTESIAN_POINT('',(-0.876476865534,-13.54751855258));
#3996 = CARTESIAN_POINT('',(-0.878679363098,-13.3519717134));
#3997 = CARTESIAN_POINT('',(-0.880301032735,-13.14530643234));
#3998 = CARTESIAN_POINT('',(-0.881369671971,-12.93225760013));
#3999 = CARTESIAN_POINT('',(-0.881904370883,-12.71616770403));
#4000 = CARTESIAN_POINT('',(-0.881904370883,-12.5));
#4001 = ( GEOMETRIC_REPRESENTATION_CONTEXT(2) 
PARAMETRIC_REPRESENTATION_CONTEXT() REPRESENTATION_CONTEXT('2D SPACE',''
  ) );
#4002 = PCURVE('',#4003,#4008);
#4003 = CYLINDRICAL_SURFACE('',#4004,1.7);
#4004 = AXIS2_PLACEMENT_3D('',#4005,#4006,#4007);
#4005 = CARTESIAN_POINT('',(44.696328659101,44.4788360428,12.5));
#4006 = DIRECTION('',(-0.657298950869,-0.753629941806,0.));
#4007 = DIRECTION('',(-0.753629941806,0.657298950869,0.));
#4008 = DEFINITIONAL_REPRESENTATION('',(#4009),#4054);
#4009 = B_SPLINE_CURVE_WITH_KNOTS('',7,(#4010,#4011,#4012,#4013,#4014,
    #4015,#4016,#4017,#4018,#4019,#4020,#4021,#4022,#4023,#4024,#4025,
    #4026,#4027,#4028,#4029,#4030,#4031,#4032,#4033,#4034,#4035,#4036,
    #4037,#4038,#4039,#4040,#4041,#4042,#4043,#4044,#4045,#4046,#4047,
    #4048,#4049,#4050,#4051,#4052,#4053),.UNSPECIFIED.,.F.,.F.,(8,6,6,6,
    6,6,6,8),(0.,0.152727253891,0.285697369123,0.421890405468,
    0.588710541302,0.714482995222,0.837882921834,1.),.UNSPECIFIED.);
#4010 = CARTESIAN_POINT('',(0.,8.024088168665));
#4011 = CARTESIAN_POINT('',(0.119488289239,8.024088168665));
#4012 = CARTESIAN_POINT('',(0.238919938736,8.023285610109));
#4013 = CARTESIAN_POINT('',(0.359645268055,8.021681292213));
#4014 = CARTESIAN_POINT('',(0.48278095803,8.01933661538));
#4015 = CARTESIAN_POINT('',(0.609566901674,8.01637831899));
#4016 = CARTESIAN_POINT('',(0.741242909092,8.013060781657));
#4017 = CARTESIAN_POINT('',(1.000144851347,8.006935003678));
#4018 = CARTESIAN_POINT('',(1.129946399159,8.004017240098));
#4019 = CARTESIAN_POINT('',(1.265124944152,8.00143612238));
#4020 = CARTESIAN_POINT('',(1.40355108348,7.999705221686));
#4021 = CARTESIAN_POINT('',(1.54357596825,7.999200806699));
#4022 = CARTESIAN_POINT('',(1.683759454613,7.999884117513));
#4023 = CARTESIAN_POINT('',(1.963841688192,8.003133777888));
#4024 = CARTESIAN_POINT('',(2.098725223385,8.00568787553));
#4025 = CARTESIAN_POINT('',(2.228097093181,8.008779586002));
#4026 = CARTESIAN_POINT('',(2.352668761837,8.011997373173));
#4027 = CARTESIAN_POINT('',(2.472977010087,8.015020453353));
#4028 = CARTESIAN_POINT('',(2.589303017028,8.017632877806));
#4029 = CARTESIAN_POINT('',(2.83952785861,8.022277708545));
#4030 = CARTESIAN_POINT('',(2.973385059133,8.024082577845));
#4031 = CARTESIAN_POINT('',(3.10542983425,8.024926188353));
#4032 = CARTESIAN_POINT('',(3.237161681477,8.024730421325));
#4033 = CARTESIAN_POINT('',(3.369962006993,8.02349306971));
#4034 = CARTESIAN_POINT('',(3.50512694692,8.021326546774));
#4035 = CARTESIAN_POINT('',(3.749136078799,8.016363278677));
#4036 = CARTESIAN_POINT('',(3.857669867887,8.013824381279));
#4037 = CARTESIAN_POINT('',(3.969839843185,8.010992113531));
#4038 = CARTESIAN_POINT('',(4.085800540697,8.008057363923));
#4039 = CARTESIAN_POINT('',(4.205909258088,8.005287047685));
#4040 = CARTESIAN_POINT('',(4.330683001966,8.003002212443));
#4041 = CARTESIAN_POINT('',(4.588980718841,8.00000530741));
#4042 = CARTESIAN_POINT('',(4.718963911529,7.999303262751));
#4043 = CARTESIAN_POINT('',(4.849163322067,7.999608407037));
#4044 = CARTESIAN_POINT('',(4.978208045965,8.000973879543));
#4045 = CARTESIAN_POINT('',(5.104606858473,8.003139523834));
#4046 = CARTESIAN_POINT('',(5.226499189766,8.005704904017));
#4047 = CARTESIAN_POINT('',(5.490749086212,8.011758284648));
#4048 = CARTESIAN_POINT('',(5.632620640251,8.015399556252));
#4049 = CARTESIAN_POINT('',(5.768609678316,8.018714505087));
#4050 = CARTESIAN_POINT('',(5.900231843049,8.021362096498));
#4051 = CARTESIAN_POINT('',(6.028917000551,8.023179278728));
#4052 = CARTESIAN_POINT('',(6.156027834218,8.024088168665));
#4053 = CARTESIAN_POINT('',(6.28318530718,8.024088168665));
#4054 = ( GEOMETRIC_REPRESENTATION_CONTEXT(2) 
PARAMETRIC_REPRESENTATION_CONTEXT() REPRESENTATION_CONTEXT('2D SPACE',''
  ) );
#4055 = FACE_BOUND('',#4056,.T.);
#4056 = EDGE_LOOP('',(#4057));
#4057 = ORIENTED_EDGE('',*,*,#4058,.F.);
#4058 = EDGE_CURVE('',#4059,#4059,#4061,.T.);
#4059 = VERTEX_POINT('',#4060);
#4060 = CARTESIAN_POINT('',(-42.21692729545,35.866857214848,12.5));
#4061 = SURFACE_CURVE('',#4062,(#4107,#4155),.PCURVE_S1.);
#4062 = B_SPLINE_CURVE_WITH_KNOTS('',7,(#4063,#4064,#4065,#4066,#4067,
    #4068,#4069,#4070,#4071,#4072,#4073,#4074,#4075,#4076,#4077,#4078,
    #4079,#4080,#4081,#4082,#4083,#4084,#4085,#4086,#4087,#4088,#4089,
    #4090,#4091,#4092,#4093,#4094,#4095,#4096,#4097,#4098,#4099,#4100,
    #4101,#4102,#4103,#4104,#4105,#4106),.UNSPECIFIED.,.T.,.F.,(8,6,6,6,
    6,6,6,8),(0.,0.152727253532,0.285697368452,0.421890404418,
    0.588710542592,0.714482996118,0.837882922343,1.),.UNSPECIFIED.);
#4063 = CARTESIAN_POINT('',(-42.21692729545,35.866857214848,12.5));
#4064 = CARTESIAN_POINT('',(-42.21692729545,35.866857214848,
    12.296869908293));
#4065 = CARTESIAN_POINT('',(-42.1967985881,35.886788550843,
    12.093834794307));
#4066 = CARTESIAN_POINT('',(-42.15656896699,35.926624124873,
    11.893344705662));
#4067 = CARTESIAN_POINT('',(-42.09558011264,35.986895772926,
    11.698193290131));
#4068 = CARTESIAN_POINT('',(-42.01274489097,36.068447050086,
    11.512061702316));
#4069 = CARTESIAN_POINT('',(-41.90674561605,36.17216242143,11.3401038912
    ));
#4070 = CARTESIAN_POINT('',(-41.66328842344,36.408328222453,
    11.059552365925));
#4071 = CARTESIAN_POINT('',(-41.52772267666,36.539158333067,
    10.941086527936));
#4072 = CARTESIAN_POINT('',(-41.372374418,36.68803582205,10.848243250628
    ));
#4073 = CARTESIAN_POINT('',(-41.20256457475,36.849279164876,
    10.790348332561));
#4074 = CARTESIAN_POINT('',(-41.02563535923,37.015503761732,
    10.772423787213));
#4075 = CARTESIAN_POINT('',(-40.84971625744,37.179156796729,
    10.794911968984));
#4076 = CARTESIAN_POINT('',(-40.51072722796,37.491862574486,
    10.91332312137));
#4077 = CARTESIAN_POINT('',(-40.35403380233,37.634966281054,
    11.008928723074));
#4078 = CARTESIAN_POINT('',(-40.21516237457,37.760659618492,
    11.132130746464));
#4079 = CARTESIAN_POINT('',(-40.09561465336,37.868101167259,
    11.276129373721));
#4080 = CARTESIAN_POINT('',(-39.99598881954,37.957170563662,
    11.43492497362));
#4081 = CARTESIAN_POINT('',(-39.91614303877,38.028296233391,
    11.60317830646));
#4082 = CARTESIAN_POINT('',(-39.7807109404,38.148644868633,
    11.988075660212));
#4083 = CARTESIAN_POINT('',(-39.73359540261,38.190254222971,
    12.210000201458));
#4084 = CARTESIAN_POINT('',(-39.71268396184,38.208663567772,
    12.43696809902));
#4085 = CARTESIAN_POINT('',(-39.71760482242,38.204327731217,
    12.665503307275));
#4086 = CARTESIAN_POINT('',(-39.74862745761,38.176997618425,
    12.891879252706));
#4087 = CARTESIAN_POINT('',(-39.80637873038,38.125932797711,
    13.111730415953));
#4088 = CARTESIAN_POINT('',(-39.9556982873,37.99302722285,
    13.475236034347));
#4089 = CARTESIAN_POINT('',(-40.03630382317,37.921090041062,
    13.626410055719));
#4090 = CARTESIAN_POINT('',(-40.13386635913,37.833689748836,
    13.768361835644));
#4091 = CARTESIAN_POINT('',(-40.24832322208,37.730623574513,
    13.896558190698));
#4092 = CARTESIAN_POINT('',(-40.37898633011,37.612169761705,
    14.006065932903));
#4093 = CARTESIAN_POINT('',(-40.52445150586,37.479202397832,
    14.091470861389));
#4094 = CARTESIAN_POINT('',(-40.83707430689,37.190818563435,
    14.200672112498));
#4095 = CARTESIAN_POINT('',(-40.99973915044,37.039591781897,
    14.224191070163));
#4096 = CARTESIAN_POINT('',(-41.16409696773,36.885401791439,
    14.213096580834));
#4097 = CARTESIAN_POINT('',(-41.32337447488,36.734512862441,
    14.167264685541));
#4098 = CARTESIAN_POINT('',(-41.47129815502,36.593150722679,
    14.090319586868));
#4099 = CARTESIAN_POINT('',(-41.60306566899,36.466356778248,
    13.989449834287));
#4100 = CARTESIAN_POINT('',(-41.86431839294,36.213640735536,
    13.725402107801));
#4101 = CARTESIAN_POINT('',(-41.98514758972,36.095607253606,
    13.54751855258));
#4102 = CARTESIAN_POINT('',(-42.07935293577,36.002929751034,
    13.351971713404));
#4103 = CARTESIAN_POINT('',(-42.14856947718,35.934545511926,
    13.145306432348));
#4104 = CARTESIAN_POINT('',(-42.19413041599,35.889430488774,
    12.932257600135));
#4105 = CARTESIAN_POINT('',(-42.21692729545,35.866857214848,
    12.716167704034));
#4106 = CARTESIAN_POINT('',(-42.21692729545,35.866857214848,12.5));
#4107 = PCURVE('',#1506,#4108);
#4108 = DEFINITIONAL_REPRESENTATION('',(#4109),#4154);
#4109 = B_SPLINE_CURVE_WITH_KNOTS('',7,(#4110,#4111,#4112,#4113,#4114,
    #4115,#4116,#4117,#4118,#4119,#4120,#4121,#4122,#4123,#4124,#4125,
    #4126,#4127,#4128,#4129,#4130,#4131,#4132,#4133,#4134,#4135,#4136,
    #4137,#4138,#4139,#4140,#4141,#4142,#4143,#4144,#4145,#4146,#4147,
    #4148,#4149,#4150,#4151,#4152,#4153),.UNSPECIFIED.,.T.,.F.,(8,6,6,6,
    6,6,6,8),(0.,0.152727253532,0.285697368452,0.421890404418,
    0.588710542592,0.714482996118,0.837882922343,1.),.UNSPECIFIED.);
#4110 = CARTESIAN_POINT('',(-2.351269118944,-12.5));
#4111 = CARTESIAN_POINT('',(-2.351269118944,-12.29686990829));
#4112 = CARTESIAN_POINT('',(-2.350797001068,-12.0938347943));
#4113 = CARTESIAN_POINT('',(-2.349853412291,-11.89334470566));
#4114 = CARTESIAN_POINT('',(-2.348424319277,-11.69819329013));
#4115 = CARTESIAN_POINT('',(-2.346486954448,-11.51206170231));
#4116 = CARTESIAN_POINT('',(-2.344015320063,-11.3401038912));
#4117 = CARTESIAN_POINT('',(-2.338362255746,-11.05955236592));
#4118 = CARTESIAN_POINT('',(-2.335222265281,-10.94108652793));
#4119 = CARTESIAN_POINT('',(-2.331636153308,-10.84824325062));
#4120 = CARTESIAN_POINT('',(-2.327733436511,-10.79034833256));
#4121 = CARTESIAN_POINT('',(-2.323687444245,-10.77242378721));
#4122 = CARTESIAN_POINT('',(-2.319682973122,-10.79491196898));
#4123 = CARTESIAN_POINT('',(-2.311996432476,-10.91332312137));
#4124 = CARTESIAN_POINT('',(-2.308459705455,-11.00892872307));
#4125 = CARTESIAN_POINT('',(-2.305337957376,-11.13213074646));
#4126 = CARTESIAN_POINT('',(-2.302659078375,-11.27612937372));
#4127 = CARTESIAN_POINT('',(-2.300431813055,-11.43492497362));
#4128 = CARTESIAN_POINT('',(-2.298649633192,-11.60317830646));
#4129 = CARTESIAN_POINT('',(-2.295629991599,-11.98807566021));
#4130 = CARTESIAN_POINT('',(-2.29458235201,-12.21000020145));
#4131 = CARTESIAN_POINT('',(-2.294118012753,-12.43696809902));
#4132 = CARTESIAN_POINT('',(-2.294227321942,-12.66550330727));
#4133 = CARTESIAN_POINT('',(-2.294916393107,-12.8918792527));
#4134 = CARTESIAN_POINT('',(-2.296201214983,-13.11173041595));
#4135 = CARTESIAN_POINT('',(-2.299532890484,-13.47523603434));
#4136 = CARTESIAN_POINT('',(-2.30133352236,-13.62641005571));
#4137 = CARTESIAN_POINT('',(-2.303516611046,-13.76836183564));
#4138 = CARTESIAN_POINT('',(-2.306083640409,-13.89655819069));
#4139 = CARTESIAN_POINT('',(-2.309023000148,-14.0060659329));
#4140 = CARTESIAN_POINT('',(-2.312307629036,-14.09147086138));
#4141 = CARTESIAN_POINT('',(-2.319396318221,-14.20067211249));
#4142 = CARTESIAN_POINT('',(-2.323097994011,-14.22419107016));
#4143 = CARTESIAN_POINT('',(-2.326853964668,-14.21309658083));
#4144 = CARTESIAN_POINT('',(-2.330510575785,-14.16726468554));
#4145 = CARTESIAN_POINT('',(-2.333920686637,-14.09031958686));
#4146 = CARTESIAN_POINT('',(-2.336968415577,-13.98944983428));
#4147 = CARTESIAN_POINT('',(-2.343026431021,-13.7254021078));
#4148 = CARTESIAN_POINT('',(-2.345841613595,-13.54751855258));
#4149 = CARTESIAN_POINT('',(-2.348044111158,-13.3519717134));
#4150 = CARTESIAN_POINT('',(-2.349665780795,-13.14530643234));
#4151 = CARTESIAN_POINT('',(-2.350734420031,-12.93225760013));
#4152 = CARTESIAN_POINT('',(-2.351269118944,-12.71616770403));
#4153 = CARTESIAN_POINT('',(-2.351269118944,-12.5));
#4154 = ( GEOMETRIC_REPRESENTATION_CONTEXT(2) 
PARAMETRIC_REPRESENTATION_CONTEXT() REPRESENTATION_CONTEXT('2D SPACE',''
  ) );
#4155 = PCURVE('',#4156,#4161);
#4156 = CYLINDRICAL_SURFACE('',#4157,1.7);
#4157 = AXIS2_PLACEMENT_3D('',#4158,#4159,#4160);
#4158 = CARTESIAN_POINT('',(-46.45758964882,42.887738480273,12.5));
#4159 = DIRECTION('',(0.683199847777,-0.730231448239,0.));
#4160 = DIRECTION('',(-0.730231448239,-0.683199847777,0.));
#4161 = DEFINITIONAL_REPRESENTATION('',(#4162),#4207);
#4162 = B_SPLINE_CURVE_WITH_KNOTS('',7,(#4163,#4164,#4165,#4166,#4167,
    #4168,#4169,#4170,#4171,#4172,#4173,#4174,#4175,#4176,#4177,#4178,
    #4179,#4180,#4181,#4182,#4183,#4184,#4185,#4186,#4187,#4188,#4189,
    #4190,#4191,#4192,#4193,#4194,#4195,#4196,#4197,#4198,#4199,#4200,
    #4201,#4202,#4203,#4204,#4205,#4206),.UNSPECIFIED.,.F.,.F.,(8,6,6,6,
    6,6,6,8),(0.,0.152727253532,0.285697368452,0.421890404418,
    0.588710542592,0.714482996118,0.837882922343,1.),.UNSPECIFIED.);
#4163 = CARTESIAN_POINT('',(0.,8.024088168666));
#4164 = CARTESIAN_POINT('',(0.119488289239,8.024088168666));
#4165 = CARTESIAN_POINT('',(0.238919938736,8.02328561011));
#4166 = CARTESIAN_POINT('',(0.359645268056,8.021681292213));
#4167 = CARTESIAN_POINT('',(0.48278095803,8.01933661538));
#4168 = CARTESIAN_POINT('',(0.609566901674,8.016378318991));
#4169 = CARTESIAN_POINT('',(0.741242909092,8.013060781658));
#4170 = CARTESIAN_POINT('',(1.000144851347,8.006935003679));
#4171 = CARTESIAN_POINT('',(1.129946399159,8.004017240098));
#4172 = CARTESIAN_POINT('',(1.265124944152,8.001436122381));
#4173 = CARTESIAN_POINT('',(1.40355108348,7.999705221686));
#4174 = CARTESIAN_POINT('',(1.54357596825,7.999200806699));
#4175 = CARTESIAN_POINT('',(1.683759454613,7.999884117513));
#4176 = CARTESIAN_POINT('',(1.96384168813,8.003133777887));
#4177 = CARTESIAN_POINT('',(2.098725223374,8.005687875529));
#4178 = CARTESIAN_POINT('',(2.228097093225,8.008779586004));
#4179 = CARTESIAN_POINT('',(2.352668761889,8.011997373175));
#4180 = CARTESIAN_POINT('',(2.472977010089,8.015020453353));
#4181 = CARTESIAN_POINT('',(2.589303016963,8.017632877806));
#4182 = CARTESIAN_POINT('',(2.839527861006,8.02227770859));
#4183 = CARTESIAN_POINT('',(2.973385049826,8.024082577756));
#4184 = CARTESIAN_POINT('',(3.105429850979,8.024926188393));
#4185 = CARTESIAN_POINT('',(3.237161664762,8.024730421401));
#4186 = CARTESIAN_POINT('',(3.36996201628,8.023493069602));
#4187 = CARTESIAN_POINT('',(3.505126944532,8.021326546823));
#4188 = CARTESIAN_POINT('',(3.749136078799,8.016363278678));
#4189 = CARTESIAN_POINT('',(3.857669867887,8.01382438128));
#4190 = CARTESIAN_POINT('',(3.969839843185,8.010992113532));
#4191 = CARTESIAN_POINT('',(4.085800540697,8.008057363923));
#4192 = CARTESIAN_POINT('',(4.205909258088,8.005287047685));
#4193 = CARTESIAN_POINT('',(4.330683001966,8.003002212444));
#4194 = CARTESIAN_POINT('',(4.58898071884,8.000005307411));
#4195 = CARTESIAN_POINT('',(4.71896391153,7.999303262752));
#4196 = CARTESIAN_POINT('',(4.849163322068,7.999608407038));
#4197 = CARTESIAN_POINT('',(4.978208045964,8.000973879543));
#4198 = CARTESIAN_POINT('',(5.104606858472,8.003139523834));
#4199 = CARTESIAN_POINT('',(5.226499189767,8.005704904018));
#4200 = CARTESIAN_POINT('',(5.490749086212,8.011758284649));
#4201 = CARTESIAN_POINT('',(5.632620640251,8.015399556252));
#4202 = CARTESIAN_POINT('',(5.768609678317,8.018714505088));
#4203 = CARTESIAN_POINT('',(5.900231843049,8.021362096499));
#4204 = CARTESIAN_POINT('',(6.028917000551,8.023179278728));
#4205 = CARTESIAN_POINT('',(6.156027834218,8.024088168666));
#4206 = CARTESIAN_POINT('',(6.28318530718,8.024088168666));
#4207 = ( GEOMETRIC_REPRESENTATION_CONTEXT(2) 
PARAMETRIC_REPRESENTATION_CONTEXT() REPRESENTATION_CONTEXT('2D SPACE',''
  ) );
#4208 = ADVANCED_FACE('',(#4209),#1537,.F.);
#4209 = FACE_BOUND('',#4210,.T.);
#4210 = EDGE_LOOP('',(#4211,#4212,#4233,#4234));
#4211 = ORIENTED_EDGE('',*,*,#1520,.F.);
#4212 = ORIENTED_EDGE('',*,*,#4213,.T.);
#4213 = EDGE_CURVE('',#1521,#3716,#4214,.T.);
#4214 = SEAM_CURVE('',#4215,(#4219,#4226),.PCURVE_S1.);
#4215 = LINE('',#4216,#4217);
#4216 = CARTESIAN_POINT('',(-35.41873037383,46.051159416915,0.));
#4217 = VECTOR('',#4218,1.);
#4218 = DIRECTION('',(0.,0.,1.));
#4219 = PCURVE('',#1537,#4220);
#4220 = DEFINITIONAL_REPRESENTATION('',(#4221),#4225);
#4221 = LINE('',#4222,#4223);
#4222 = CARTESIAN_POINT('',(-6.28318530718,0.));
#4223 = VECTOR('',#4224,1.);
#4224 = DIRECTION('',(-0.,-1.));
#4225 = ( GEOMETRIC_REPRESENTATION_CONTEXT(2) 
PARAMETRIC_REPRESENTATION_CONTEXT() REPRESENTATION_CONTEXT('2D SPACE',''
  ) );
#4226 = PCURVE('',#1537,#4227);
#4227 = DEFINITIONAL_REPRESENTATION('',(#4228),#4232);
#4228 = LINE('',#4229,#4230);
#4229 = CARTESIAN_POINT('',(-0.,0.));
#4230 = VECTOR('',#4231,1.);
#4231 = DIRECTION('',(-0.,-1.));
#4232 = ( GEOMETRIC_REPRESENTATION_CONTEXT(2) 
PARAMETRIC_REPRESENTATION_CONTEXT() REPRESENTATION_CONTEXT('2D SPACE',''
  ) );
#4233 = ORIENTED_EDGE('',*,*,#3715,.F.);
#4234 = ORIENTED_EDGE('',*,*,#4213,.F.);
#4235 = ADVANCED_FACE('',(#4236),#1568,.F.);
#4236 = FACE_BOUND('',#4237,.T.);
#4237 = EDGE_LOOP('',(#4238,#4239,#4260,#4261));
#4238 = ORIENTED_EDGE('',*,*,#1551,.F.);
#4239 = ORIENTED_EDGE('',*,*,#4240,.T.);
#4240 = EDGE_CURVE('',#1552,#2411,#4241,.T.);
#4241 = SEAM_CURVE('',#4242,(#4246,#4253),.PCURVE_S1.);
#4242 = LINE('',#4243,#4244);
#4243 = CARTESIAN_POINT('',(34.844076300143,48.504790692621,0.));
#4244 = VECTOR('',#4245,1.);
#4245 = DIRECTION('',(0.,0.,1.));
#4246 = PCURVE('',#1568,#4247);
#4247 = DEFINITIONAL_REPRESENTATION('',(#4248),#4252);
#4248 = LINE('',#4249,#4250);
#4249 = CARTESIAN_POINT('',(-6.28318530718,0.));
#4250 = VECTOR('',#4251,1.);
#4251 = DIRECTION('',(-0.,-1.));
#4252 = ( GEOMETRIC_REPRESENTATION_CONTEXT(2) 
PARAMETRIC_REPRESENTATION_CONTEXT() REPRESENTATION_CONTEXT('2D SPACE',''
  ) );
#4253 = PCURVE('',#1568,#4254);
#4254 = DEFINITIONAL_REPRESENTATION('',(#4255),#4259);
#4255 = LINE('',#4256,#4257);
#4256 = CARTESIAN_POINT('',(-0.,0.));
#4257 = VECTOR('',#4258,1.);
#4258 = DIRECTION('',(-0.,-1.));
#4259 = ( GEOMETRIC_REPRESENTATION_CONTEXT(2) 
PARAMETRIC_REPRESENTATION_CONTEXT() REPRESENTATION_CONTEXT('2D SPACE',''
  ) );
#4260 = ORIENTED_EDGE('',*,*,#2410,.F.);
#4261 = ORIENTED_EDGE('',*,*,#4240,.F.);
#4262 = ADVANCED_FACE('',(#4263),#1599,.F.);
#4263 = FACE_BOUND('',#4264,.T.);
#4264 = EDGE_LOOP('',(#4265,#4266,#4287,#4288));
#4265 = ORIENTED_EDGE('',*,*,#1582,.F.);
#4266 = ORIENTED_EDGE('',*,*,#4267,.T.);
#4267 = EDGE_CURVE('',#1583,#3455,#4268,.T.);
#4268 = SEAM_CURVE('',#4269,(#4273,#4280),.PCURVE_S1.);
#4269 = LINE('',#4270,#4271);
#4270 = CARTESIAN_POINT('',(-22.3689030398,53.11306284184,0.));
#4271 = VECTOR('',#4272,1.);
#4272 = DIRECTION('',(0.,0.,1.));
#4273 = PCURVE('',#1599,#4274);
#4274 = DEFINITIONAL_REPRESENTATION('',(#4275),#4279);
#4275 = LINE('',#4276,#4277);
#4276 = CARTESIAN_POINT('',(-6.28318530718,0.));
#4277 = VECTOR('',#4278,1.);
#4278 = DIRECTION('',(-0.,-1.));
#4279 = ( GEOMETRIC_REPRESENTATION_CONTEXT(2) 
PARAMETRIC_REPRESENTATION_CONTEXT() REPRESENTATION_CONTEXT('2D SPACE',''
  ) );
#4280 = PCURVE('',#1599,#4281);
#4281 = DEFINITIONAL_REPRESENTATION('',(#4282),#4286);
#4282 = LINE('',#4283,#4284);
#4283 = CARTESIAN_POINT('',(-0.,0.));
#4284 = VECTOR('',#4285,1.);
#4285 = DIRECTION('',(-0.,-1.));
#4286 = ( GEOMETRIC_REPRESENTATION_CONTEXT(2) 
PARAMETRIC_REPRESENTATION_CONTEXT() REPRESENTATION_CONTEXT('2D SPACE',''
  ) );
#4287 = ORIENTED_EDGE('',*,*,#3454,.F.);
#4288 = ORIENTED_EDGE('',*,*,#4267,.F.);
#4289 = ADVANCED_FACE('',(#4290),#1630,.F.);
#4290 = FACE_BOUND('',#4291,.T.);
#4291 = EDGE_LOOP('',(#4292,#4293,#4314,#4315));
#4292 = ORIENTED_EDGE('',*,*,#1613,.F.);
#4293 = ORIENTED_EDGE('',*,*,#4294,.T.);
#4294 = EDGE_CURVE('',#1614,#3194,#4295,.T.);
#4295 = SEAM_CURVE('',#4296,(#4300,#4307),.PCURVE_S1.);
#4296 = LINE('',#4297,#4298);
#4297 = CARTESIAN_POINT('',(-8.050595015414,57.005944647077,0.));
#4298 = VECTOR('',#4299,1.);
#4299 = DIRECTION('',(0.,0.,1.));
#4300 = PCURVE('',#1630,#4301);
#4301 = DEFINITIONAL_REPRESENTATION('',(#4302),#4306);
#4302 = LINE('',#4303,#4304);
#4303 = CARTESIAN_POINT('',(-6.28318530718,0.));
#4304 = VECTOR('',#4305,1.);
#4305 = DIRECTION('',(-0.,-1.));
#4306 = ( GEOMETRIC_REPRESENTATION_CONTEXT(2) 
PARAMETRIC_REPRESENTATION_CONTEXT() REPRESENTATION_CONTEXT('2D SPACE',''
  ) );
#4307 = PCURVE('',#1630,#4308);
#4308 = DEFINITIONAL_REPRESENTATION('',(#4309),#4313);
#4309 = LINE('',#4310,#4311);
#4310 = CARTESIAN_POINT('',(-0.,0.));
#4311 = VECTOR('',#4312,1.);
#4312 = DIRECTION('',(-0.,-1.));
#4313 = ( GEOMETRIC_REPRESENTATION_CONTEXT(2) 
PARAMETRIC_REPRESENTATION_CONTEXT() REPRESENTATION_CONTEXT('2D SPACE',''
  ) );
#4314 = ORIENTED_EDGE('',*,*,#3193,.F.);
#4315 = ORIENTED_EDGE('',*,*,#4294,.F.);
#4316 = ADVANCED_FACE('',(#4317),#1661,.F.);
#4317 = FACE_BOUND('',#4318,.T.);
#4318 = EDGE_LOOP('',(#4319,#4320,#4341,#4342));
#4319 = ORIENTED_EDGE('',*,*,#1644,.F.);
#4320 = ORIENTED_EDGE('',*,*,#4321,.T.);
#4321 = EDGE_CURVE('',#1645,#2672,#4322,.T.);
#4322 = SEAM_CURVE('',#4323,(#4327,#4334),.PCURVE_S1.);
#4323 = LINE('',#4324,#4325);
#4324 = CARTESIAN_POINT('',(21.333424208776,54.639181737941,0.));
#4325 = VECTOR('',#4326,1.);
#4326 = DIRECTION('',(0.,0.,1.));
#4327 = PCURVE('',#1661,#4328);
#4328 = DEFINITIONAL_REPRESENTATION('',(#4329),#4333);
#4329 = LINE('',#4330,#4331);
#4330 = CARTESIAN_POINT('',(-6.28318530718,0.));
#4331 = VECTOR('',#4332,1.);
#4332 = DIRECTION('',(-0.,-1.));
#4333 = ( GEOMETRIC_REPRESENTATION_CONTEXT(2) 
PARAMETRIC_REPRESENTATION_CONTEXT() REPRESENTATION_CONTEXT('2D SPACE',''
  ) );
#4334 = PCURVE('',#1661,#4335);
#4335 = DEFINITIONAL_REPRESENTATION('',(#4336),#4340);
#4336 = LINE('',#4337,#4338);
#4337 = CARTESIAN_POINT('',(-0.,0.));
#4338 = VECTOR('',#4339,1.);
#4339 = DIRECTION('',(-0.,-1.));
#4340 = ( GEOMETRIC_REPRESENTATION_CONTEXT(2) 
PARAMETRIC_REPRESENTATION_CONTEXT() REPRESENTATION_CONTEXT('2D SPACE',''
  ) );
#4341 = ORIENTED_EDGE('',*,*,#2671,.F.);
#4342 = ORIENTED_EDGE('',*,*,#4321,.F.);
#4343 = ADVANCED_FACE('',(#4344),#1692,.F.);
#4344 = FACE_BOUND('',#4345,.T.);
#4345 = EDGE_LOOP('',(#4346,#4347,#4368,#4369));
#4346 = ORIENTED_EDGE('',*,*,#1675,.F.);
#4347 = ORIENTED_EDGE('',*,*,#4348,.T.);
#4348 = EDGE_CURVE('',#1676,#2933,#4349,.T.);
#4349 = SEAM_CURVE('',#4350,(#4354,#4361),.PCURVE_S1.);
#4350 = LINE('',#4351,#4352);
#4351 = CARTESIAN_POINT('',(6.778441155661,57.523786000992,0.));
#4352 = VECTOR('',#4353,1.);
#4353 = DIRECTION('',(0.,0.,1.));
#4354 = PCURVE('',#1692,#4355);
#4355 = DEFINITIONAL_REPRESENTATION('',(#4356),#4360);
#4356 = LINE('',#4357,#4358);
#4357 = CARTESIAN_POINT('',(-6.28318530718,0.));
#4358 = VECTOR('',#4359,1.);
#4359 = DIRECTION('',(-0.,-1.));
#4360 = ( GEOMETRIC_REPRESENTATION_CONTEXT(2) 
PARAMETRIC_REPRESENTATION_CONTEXT() REPRESENTATION_CONTEXT('2D SPACE',''
  ) );
#4361 = PCURVE('',#1692,#4362);
#4362 = DEFINITIONAL_REPRESENTATION('',(#4363),#4367);
#4363 = LINE('',#4364,#4365);
#4364 = CARTESIAN_POINT('',(-0.,0.));
#4365 = VECTOR('',#4366,1.);
#4366 = DIRECTION('',(-0.,-1.));
#4367 = ( GEOMETRIC_REPRESENTATION_CONTEXT(2) 
PARAMETRIC_REPRESENTATION_CONTEXT() REPRESENTATION_CONTEXT('2D SPACE',''
  ) );
#4368 = ORIENTED_EDGE('',*,*,#2932,.F.);
#4369 = ORIENTED_EDGE('',*,*,#4348,.F.);
#4370 = ADVANCED_FACE('',(#4371),#1845,.F.);
#4371 = FACE_BOUND('',#4372,.T.);
#4372 = EDGE_LOOP('',(#4373,#4374,#4395,#4396));
#4373 = ORIENTED_EDGE('',*,*,#3560,.T.);
#4374 = ORIENTED_EDGE('',*,*,#4375,.T.);
#4375 = EDGE_CURVE('',#3561,#1829,#4376,.T.);
#4376 = SEAM_CURVE('',#4377,(#4381,#4388),.PCURVE_S1.);
#4377 = LINE('',#4378,#4379);
#4378 = CARTESIAN_POINT('',(-35.41873037383,46.051159416915,0.));
#4379 = VECTOR('',#4380,1.);
#4380 = DIRECTION('',(0.,0.,1.));
#4381 = PCURVE('',#1845,#4382);
#4382 = DEFINITIONAL_REPRESENTATION('',(#4383),#4387);
#4383 = LINE('',#4384,#4385);
#4384 = CARTESIAN_POINT('',(-6.28318530718,0.));
#4385 = VECTOR('',#4386,1.);
#4386 = DIRECTION('',(-0.,-1.));
#4387 = ( GEOMETRIC_REPRESENTATION_CONTEXT(2) 
PARAMETRIC_REPRESENTATION_CONTEXT() REPRESENTATION_CONTEXT('2D SPACE',''
  ) );
#4388 = PCURVE('',#1845,#4389);
#4389 = DEFINITIONAL_REPRESENTATION('',(#4390),#4394);
#4390 = LINE('',#4391,#4392);
#4391 = CARTESIAN_POINT('',(-0.,0.));
#4392 = VECTOR('',#4393,1.);
#4393 = DIRECTION('',(-0.,-1.));
#4394 = ( GEOMETRIC_REPRESENTATION_CONTEXT(2) 
PARAMETRIC_REPRESENTATION_CONTEXT() REPRESENTATION_CONTEXT('2D SPACE',''
  ) );
#4395 = ORIENTED_EDGE('',*,*,#1828,.T.);
#4396 = ORIENTED_EDGE('',*,*,#4375,.F.);
#4397 = ADVANCED_FACE('',(#4398),#1876,.F.);
#4398 = FACE_BOUND('',#4399,.T.);
#4399 = EDGE_LOOP('',(#4400,#4401,#4422,#4423));
#4400 = ORIENTED_EDGE('',*,*,#2255,.T.);
#4401 = ORIENTED_EDGE('',*,*,#4402,.T.);
#4402 = EDGE_CURVE('',#2256,#1860,#4403,.T.);
#4403 = SEAM_CURVE('',#4404,(#4408,#4415),.PCURVE_S1.);
#4404 = LINE('',#4405,#4406);
#4405 = CARTESIAN_POINT('',(34.844076300143,48.504790692621,0.));
#4406 = VECTOR('',#4407,1.);
#4407 = DIRECTION('',(0.,0.,1.));
#4408 = PCURVE('',#1876,#4409);
#4409 = DEFINITIONAL_REPRESENTATION('',(#4410),#4414);
#4410 = LINE('',#4411,#4412);
#4411 = CARTESIAN_POINT('',(-6.28318530718,0.));
#4412 = VECTOR('',#4413,1.);
#4413 = DIRECTION('',(-0.,-1.));
#4414 = ( GEOMETRIC_REPRESENTATION_CONTEXT(2) 
PARAMETRIC_REPRESENTATION_CONTEXT() REPRESENTATION_CONTEXT('2D SPACE',''
  ) );
#4415 = PCURVE('',#1876,#4416);
#4416 = DEFINITIONAL_REPRESENTATION('',(#4417),#4421);
#4417 = LINE('',#4418,#4419);
#4418 = CARTESIAN_POINT('',(-0.,0.));
#4419 = VECTOR('',#4420,1.);
#4420 = DIRECTION('',(-0.,-1.));
#4421 = ( GEOMETRIC_REPRESENTATION_CONTEXT(2) 
PARAMETRIC_REPRESENTATION_CONTEXT() REPRESENTATION_CONTEXT('2D SPACE',''
  ) );
#4422 = ORIENTED_EDGE('',*,*,#1859,.T.);
#4423 = ORIENTED_EDGE('',*,*,#4402,.F.);
#4424 = ADVANCED_FACE('',(#4425),#1907,.F.);
#4425 = FACE_BOUND('',#4426,.T.);
#4426 = EDGE_LOOP('',(#4427,#4428,#4449,#4450));
#4427 = ORIENTED_EDGE('',*,*,#3299,.T.);
#4428 = ORIENTED_EDGE('',*,*,#4429,.T.);
#4429 = EDGE_CURVE('',#3300,#1891,#4430,.T.);
#4430 = SEAM_CURVE('',#4431,(#4435,#4442),.PCURVE_S1.);
#4431 = LINE('',#4432,#4433);
#4432 = CARTESIAN_POINT('',(-22.3689030398,53.11306284184,0.));
#4433 = VECTOR('',#4434,1.);
#4434 = DIRECTION('',(0.,0.,1.));
#4435 = PCURVE('',#1907,#4436);
#4436 = DEFINITIONAL_REPRESENTATION('',(#4437),#4441);
#4437 = LINE('',#4438,#4439);
#4438 = CARTESIAN_POINT('',(-6.28318530718,0.));
#4439 = VECTOR('',#4440,1.);
#4440 = DIRECTION('',(-0.,-1.));
#4441 = ( GEOMETRIC_REPRESENTATION_CONTEXT(2) 
PARAMETRIC_REPRESENTATION_CONTEXT() REPRESENTATION_CONTEXT('2D SPACE',''
  ) );
#4442 = PCURVE('',#1907,#4443);
#4443 = DEFINITIONAL_REPRESENTATION('',(#4444),#4448);
#4444 = LINE('',#4445,#4446);
#4445 = CARTESIAN_POINT('',(-0.,0.));
#4446 = VECTOR('',#4447,1.);
#4447 = DIRECTION('',(-0.,-1.));
#4448 = ( GEOMETRIC_REPRESENTATION_CONTEXT(2) 
PARAMETRIC_REPRESENTATION_CONTEXT() REPRESENTATION_CONTEXT('2D SPACE',''
  ) );
#4449 = ORIENTED_EDGE('',*,*,#1890,.T.);
#4450 = ORIENTED_EDGE('',*,*,#4429,.F.);
#4451 = ADVANCED_FACE('',(#4452),#1938,.F.);
#4452 = FACE_BOUND('',#4453,.T.);
#4453 = EDGE_LOOP('',(#4454,#4455,#4476,#4477));
#4454 = ORIENTED_EDGE('',*,*,#3038,.T.);
#4455 = ORIENTED_EDGE('',*,*,#4456,.T.);
#4456 = EDGE_CURVE('',#3039,#1922,#4457,.T.);
#4457 = SEAM_CURVE('',#4458,(#4462,#4469),.PCURVE_S1.);
#4458 = LINE('',#4459,#4460);
#4459 = CARTESIAN_POINT('',(-8.050595015414,57.005944647077,0.));
#4460 = VECTOR('',#4461,1.);
#4461 = DIRECTION('',(0.,0.,1.));
#4462 = PCURVE('',#1938,#4463);
#4463 = DEFINITIONAL_REPRESENTATION('',(#4464),#4468);
#4464 = LINE('',#4465,#4466);
#4465 = CARTESIAN_POINT('',(-6.28318530718,0.));
#4466 = VECTOR('',#4467,1.);
#4467 = DIRECTION('',(-0.,-1.));
#4468 = ( GEOMETRIC_REPRESENTATION_CONTEXT(2) 
PARAMETRIC_REPRESENTATION_CONTEXT() REPRESENTATION_CONTEXT('2D SPACE',''
  ) );
#4469 = PCURVE('',#1938,#4470);
#4470 = DEFINITIONAL_REPRESENTATION('',(#4471),#4475);
#4471 = LINE('',#4472,#4473);
#4472 = CARTESIAN_POINT('',(-0.,0.));
#4473 = VECTOR('',#4474,1.);
#4474 = DIRECTION('',(-0.,-1.));
#4475 = ( GEOMETRIC_REPRESENTATION_CONTEXT(2) 
PARAMETRIC_REPRESENTATION_CONTEXT() REPRESENTATION_CONTEXT('2D SPACE',''
  ) );
#4476 = ORIENTED_EDGE('',*,*,#1921,.T.);
#4477 = ORIENTED_EDGE('',*,*,#4456,.F.);
#4478 = ADVANCED_FACE('',(#4479),#1969,.F.);
#4479 = FACE_BOUND('',#4480,.T.);
#4480 = EDGE_LOOP('',(#4481,#4482,#4503,#4504));
#4481 = ORIENTED_EDGE('',*,*,#2516,.T.);
#4482 = ORIENTED_EDGE('',*,*,#4483,.T.);
#4483 = EDGE_CURVE('',#2517,#1953,#4484,.T.);
#4484 = SEAM_CURVE('',#4485,(#4489,#4496),.PCURVE_S1.);
#4485 = LINE('',#4486,#4487);
#4486 = CARTESIAN_POINT('',(21.333424208776,54.639181737941,0.));
#4487 = VECTOR('',#4488,1.);
#4488 = DIRECTION('',(0.,0.,1.));
#4489 = PCURVE('',#1969,#4490);
#4490 = DEFINITIONAL_REPRESENTATION('',(#4491),#4495);
#4491 = LINE('',#4492,#4493);
#4492 = CARTESIAN_POINT('',(-6.28318530718,0.));
#4493 = VECTOR('',#4494,1.);
#4494 = DIRECTION('',(-0.,-1.));
#4495 = ( GEOMETRIC_REPRESENTATION_CONTEXT(2) 
PARAMETRIC_REPRESENTATION_CONTEXT() REPRESENTATION_CONTEXT('2D SPACE',''
  ) );
#4496 = PCURVE('',#1969,#4497);
#4497 = DEFINITIONAL_REPRESENTATION('',(#4498),#4502);
#4498 = LINE('',#4499,#4500);
#4499 = CARTESIAN_POINT('',(-0.,0.));
#4500 = VECTOR('',#4501,1.);
#4501 = DIRECTION('',(-0.,-1.));
#4502 = ( GEOMETRIC_REPRESENTATION_CONTEXT(2) 
PARAMETRIC_REPRESENTATION_CONTEXT() REPRESENTATION_CONTEXT('2D SPACE',''
  ) );
#4503 = ORIENTED_EDGE('',*,*,#1952,.T.);
#4504 = ORIENTED_EDGE('',*,*,#4483,.F.);
#4505 = ADVANCED_FACE('',(#4506),#2000,.F.);
#4506 = FACE_BOUND('',#4507,.T.);
#4507 = EDGE_LOOP('',(#4508,#4509,#4530,#4531));
#4508 = ORIENTED_EDGE('',*,*,#2777,.T.);
#4509 = ORIENTED_EDGE('',*,*,#4510,.T.);
#4510 = EDGE_CURVE('',#2778,#1984,#4511,.T.);
#4511 = SEAM_CURVE('',#4512,(#4516,#4523),.PCURVE_S1.);
#4512 = LINE('',#4513,#4514);
#4513 = CARTESIAN_POINT('',(6.778441155661,57.523786000992,0.));
#4514 = VECTOR('',#4515,1.);
#4515 = DIRECTION('',(0.,0.,1.));
#4516 = PCURVE('',#2000,#4517);
#4517 = DEFINITIONAL_REPRESENTATION('',(#4518),#4522);
#4518 = LINE('',#4519,#4520);
#4519 = CARTESIAN_POINT('',(-6.28318530718,0.));
#4520 = VECTOR('',#4521,1.);
#4521 = DIRECTION('',(-0.,-1.));
#4522 = ( GEOMETRIC_REPRESENTATION_CONTEXT(2) 
PARAMETRIC_REPRESENTATION_CONTEXT() REPRESENTATION_CONTEXT('2D SPACE',''
  ) );
#4523 = PCURVE('',#2000,#4524);
#4524 = DEFINITIONAL_REPRESENTATION('',(#4525),#4529);
#4525 = LINE('',#4526,#4527);
#4526 = CARTESIAN_POINT('',(-0.,0.));
#4527 = VECTOR('',#4528,1.);
#4528 = DIRECTION('',(-0.,-1.));
#4529 = ( GEOMETRIC_REPRESENTATION_CONTEXT(2) 
PARAMETRIC_REPRESENTATION_CONTEXT() REPRESENTATION_CONTEXT('2D SPACE',''
  ) );
#4530 = ORIENTED_EDGE('',*,*,#1983,.T.);
#4531 = ORIENTED_EDGE('',*,*,#4510,.F.);
#4532 = ADVANCED_FACE('',(#4533,#4536),#2053,.F.);
#4533 = FACE_BOUND('',#4534,.F.);
#4534 = EDGE_LOOP('',(#4535));
#4535 = ORIENTED_EDGE('',*,*,#2038,.T.);
#4536 = FACE_BOUND('',#4537,.F.);
#4537 = EDGE_LOOP('',(#4538));
#4538 = ORIENTED_EDGE('',*,*,#4539,.F.);
#4539 = EDGE_CURVE('',#4540,#4540,#4542,.T.);
#4540 = VERTEX_POINT('',#4541);
#4541 = CARTESIAN_POINT('',(40.45731247912,42.204909521151,12.5));
#4542 = SURFACE_CURVE('',#4543,(#4548,#4555),.PCURVE_S1.);
#4543 = CIRCLE('',#4544,1.7);
#4544 = AXIS2_PLACEMENT_3D('',#4545,#4546,#4547);
#4545 = CARTESIAN_POINT('',(41.73848338019,41.087501304673,12.5));
#4546 = DIRECTION('',(-0.657298950869,-0.753629941806,0.));
#4547 = DIRECTION('',(-0.753629941806,0.657298950869,0.));
#4548 = PCURVE('',#2053,#4549);
#4549 = DEFINITIONAL_REPRESENTATION('',(#4550),#4554);
#4550 = CIRCLE('',#4551,1.7);
#4551 = AXIS2_PLACEMENT_2D('',#4552,#4553);
#4552 = CARTESIAN_POINT('',(4.670389947628E-15,0.));
#4553 = DIRECTION('',(1.,0.));
#4554 = ( GEOMETRIC_REPRESENTATION_CONTEXT(2) 
PARAMETRIC_REPRESENTATION_CONTEXT() REPRESENTATION_CONTEXT('2D SPACE',''
  ) );
#4555 = PCURVE('',#4003,#4556);
#4556 = DEFINITIONAL_REPRESENTATION('',(#4557),#4561);
#4557 = LINE('',#4558,#4559);
#4558 = CARTESIAN_POINT('',(1.61116629743E-17,4.5));
#4559 = VECTOR('',#4560,1.);
#4560 = DIRECTION('',(1.,0.));
#4561 = ( GEOMETRIC_REPRESENTATION_CONTEXT(2) 
PARAMETRIC_REPRESENTATION_CONTEXT() REPRESENTATION_CONTEXT('2D SPACE',''
  ) );
#4562 = ADVANCED_FACE('',(#4563,#4566),#2108,.F.);
#4563 = FACE_BOUND('',#4564,.F.);
#4564 = EDGE_LOOP('',(#4565));
#4565 = ORIENTED_EDGE('',*,*,#2093,.T.);
#4566 = FACE_BOUND('',#4567,.F.);
#4567 = EDGE_LOOP('',(#4568));
#4568 = ORIENTED_EDGE('',*,*,#4569,.F.);
#4569 = EDGE_CURVE('',#4570,#4570,#4572,.T.);
#4570 = VERTEX_POINT('',#4571);
#4571 = CARTESIAN_POINT('',(-3.915082446541,56.633988371318,12.5));
#4572 = SURFACE_CURVE('',#4573,(#4578,#4585),.PCURVE_S1.);
#4573 = CIRCLE('',#4574,1.7);
#4574 = AXIS2_PLACEMENT_3D('',#4575,#4576,#4577);
#4575 = CARTESIAN_POINT('',(-2.216118040609,56.693317515713,12.5));
#4576 = DIRECTION('',(3.48994967025E-02,-0.999390827019,0.));
#4577 = DIRECTION('',(-0.999390827019,-3.48994967025E-02,0.));
#4578 = PCURVE('',#2108,#4579);
#4579 = DEFINITIONAL_REPRESENTATION('',(#4580),#4584);
#4580 = CIRCLE('',#4581,1.7);
#4581 = AXIS2_PLACEMENT_2D('',#4582,#4583);
#4582 = CARTESIAN_POINT('',(0.,0.));
#4583 = DIRECTION('',(1.,0.));
#4584 = ( GEOMETRIC_REPRESENTATION_CONTEXT(2) 
PARAMETRIC_REPRESENTATION_CONTEXT() REPRESENTATION_CONTEXT('2D SPACE',''
  ) );
#4585 = PCURVE('',#3850,#4586);
#4586 = DEFINITIONAL_REPRESENTATION('',(#4587),#4591);
#4587 = LINE('',#4588,#4589);
#4588 = CARTESIAN_POINT('',(2.154786656274E-18,4.5));
#4589 = VECTOR('',#4590,1.);
#4590 = DIRECTION('',(1.,0.));
#4591 = ( GEOMETRIC_REPRESENTATION_CONTEXT(2) 
PARAMETRIC_REPRESENTATION_CONTEXT() REPRESENTATION_CONTEXT('2D SPACE',''
  ) );
#4592 = ADVANCED_FACE('',(#4593,#4596),#2163,.F.);
#4593 = FACE_BOUND('',#4594,.F.);
#4594 = EDGE_LOOP('',(#4595));
#4595 = ORIENTED_EDGE('',*,*,#2148,.T.);
#4596 = FACE_BOUND('',#4597,.F.);
#4597 = EDGE_LOOP('',(#4598));
#4598 = ORIENTED_EDGE('',*,*,#4599,.F.);
#4599 = EDGE_CURVE('',#4600,#4600,#4602,.T.);
#4600 = VERTEX_POINT('',#4601);
#4601 = CARTESIAN_POINT('',(-44.62458379583,38.440257221976,12.5));
#4602 = SURFACE_CURVE('',#4603,(#4608,#4615),.PCURVE_S1.);
#4603 = CIRCLE('',#4604,1.7);
#4604 = AXIS2_PLACEMENT_3D('',#4605,#4606,#4607);
#4605 = CARTESIAN_POINT('',(-43.38319033383,39.601696963197,12.5));
#4606 = DIRECTION('',(0.683199847777,-0.730231448239,0.));
#4607 = DIRECTION('',(-0.730231448239,-0.683199847777,0.));
#4608 = PCURVE('',#2163,#4609);
#4609 = DEFINITIONAL_REPRESENTATION('',(#4610),#4614);
#4610 = CIRCLE('',#4611,1.7);
#4611 = AXIS2_PLACEMENT_2D('',#4612,#4613);
#4612 = CARTESIAN_POINT('',(0.,0.));
#4613 = DIRECTION('',(1.,0.));
#4614 = ( GEOMETRIC_REPRESENTATION_CONTEXT(2) 
PARAMETRIC_REPRESENTATION_CONTEXT() REPRESENTATION_CONTEXT('2D SPACE',''
  ) );
#4615 = PCURVE('',#4156,#4616);
#4616 = DEFINITIONAL_REPRESENTATION('',(#4617),#4621);
#4617 = LINE('',#4618,#4619);
#4618 = CARTESIAN_POINT('',(2.28333321889E-17,4.5));
#4619 = VECTOR('',#4620,1.);
#4620 = DIRECTION('',(1.,0.));
#4621 = ( GEOMETRIC_REPRESENTATION_CONTEXT(2) 
PARAMETRIC_REPRESENTATION_CONTEXT() REPRESENTATION_CONTEXT('2D SPACE',''
  ) );
#4622 = ADVANCED_FACE('',(#4623),#2198,.T.);
#4623 = FACE_BOUND('',#4624,.T.);
#4624 = EDGE_LOOP('',(#4625,#4626,#4627,#4628));
#4625 = ORIENTED_EDGE('',*,*,#2311,.T.);
#4626 = ORIENTED_EDGE('',*,*,#2180,.T.);
#4627 = ORIENTED_EDGE('',*,*,#2358,.F.);
#4628 = ORIENTED_EDGE('',*,*,#2384,.F.);
#4629 = ADVANCED_FACE('',(#4630),#2459,.T.);
#4630 = FACE_BOUND('',#4631,.T.);
#4631 = EDGE_LOOP('',(#4632,#4633,#4634,#4635));
#4632 = ORIENTED_EDGE('',*,*,#2572,.T.);
#4633 = ORIENTED_EDGE('',*,*,#2441,.T.);
#4634 = ORIENTED_EDGE('',*,*,#2619,.F.);
#4635 = ORIENTED_EDGE('',*,*,#2645,.F.);
#4636 = ADVANCED_FACE('',(#4637),#2720,.T.);
#4637 = FACE_BOUND('',#4638,.T.);
#4638 = EDGE_LOOP('',(#4639,#4640,#4641,#4642));
#4639 = ORIENTED_EDGE('',*,*,#2833,.T.);
#4640 = ORIENTED_EDGE('',*,*,#2702,.T.);
#4641 = ORIENTED_EDGE('',*,*,#2880,.F.);
#4642 = ORIENTED_EDGE('',*,*,#2906,.F.);
#4643 = ADVANCED_FACE('',(#4644),#2981,.T.);
#4644 = FACE_BOUND('',#4645,.T.);
#4645 = EDGE_LOOP('',(#4646,#4647,#4648,#4649));
#4646 = ORIENTED_EDGE('',*,*,#3094,.T.);
#4647 = ORIENTED_EDGE('',*,*,#2963,.T.);
#4648 = ORIENTED_EDGE('',*,*,#3141,.F.);
#4649 = ORIENTED_EDGE('',*,*,#3167,.F.);
#4650 = ADVANCED_FACE('',(#4651),#3242,.T.);
#4651 = FACE_BOUND('',#4652,.T.);
#4652 = EDGE_LOOP('',(#4653,#4654,#4655,#4656));
#4653 = ORIENTED_EDGE('',*,*,#3355,.T.);
#4654 = ORIENTED_EDGE('',*,*,#3224,.T.);
#4655 = ORIENTED_EDGE('',*,*,#3402,.F.);
#4656 = ORIENTED_EDGE('',*,*,#3428,.F.);
#4657 = ADVANCED_FACE('',(#4658),#3503,.T.);
#4658 = FACE_BOUND('',#4659,.T.);
#4659 = EDGE_LOOP('',(#4660,#4661,#4662,#4663));
#4660 = ORIENTED_EDGE('',*,*,#3616,.T.);
#4661 = ORIENTED_EDGE('',*,*,#3485,.T.);
#4662 = ORIENTED_EDGE('',*,*,#3663,.F.);
#4663 = ORIENTED_EDGE('',*,*,#3689,.F.);
#4664 = ADVANCED_FACE('',(#4665),#3850,.F.);
#4665 = FACE_BOUND('',#4666,.F.);
#4666 = EDGE_LOOP('',(#4667,#4668,#4689,#4690));
#4667 = ORIENTED_EDGE('',*,*,#3752,.F.);
#4668 = ORIENTED_EDGE('',*,*,#4669,.F.);
#4669 = EDGE_CURVE('',#4570,#3753,#4670,.T.);
#4670 = SEAM_CURVE('',#4671,(#4675,#4682),.PCURVE_S1.);
#4671 = LINE('',#4672,#4673);
#4672 = CARTESIAN_POINT('',(-4.072130181703,61.131247092904,12.5));
#4673 = VECTOR('',#4674,1.);
#4674 = DIRECTION('',(3.48994967025E-02,-0.999390827019,
    7.061190711983E-34));
#4675 = PCURVE('',#3850,#4676);
#4676 = DEFINITIONAL_REPRESENTATION('',(#4677),#4681);
#4677 = LINE('',#4678,#4679);
#4678 = CARTESIAN_POINT('',(6.28318530718,-0.));
#4679 = VECTOR('',#4680,1.);
#4680 = DIRECTION('',(0.,1.));
#4681 = ( GEOMETRIC_REPRESENTATION_CONTEXT(2) 
PARAMETRIC_REPRESENTATION_CONTEXT() REPRESENTATION_CONTEXT('2D SPACE',''
  ) );
#4682 = PCURVE('',#3850,#4683);
#4683 = DEFINITIONAL_REPRESENTATION('',(#4684),#4688);
#4684 = LINE('',#4685,#4686);
#4685 = CARTESIAN_POINT('',(0.,-0.));
#4686 = VECTOR('',#4687,1.);
#4687 = DIRECTION('',(0.,1.));
#4688 = ( GEOMETRIC_REPRESENTATION_CONTEXT(2) 
PARAMETRIC_REPRESENTATION_CONTEXT() REPRESENTATION_CONTEXT('2D SPACE',''
  ) );
#4689 = ORIENTED_EDGE('',*,*,#4569,.T.);
#4690 = ORIENTED_EDGE('',*,*,#4669,.T.);
#4691 = ADVANCED_FACE('',(#4692),#4003,.F.);
#4692 = FACE_BOUND('',#4693,.F.);
#4693 = EDGE_LOOP('',(#4694,#4695,#4716,#4717));
#4694 = ORIENTED_EDGE('',*,*,#3905,.F.);
#4695 = ORIENTED_EDGE('',*,*,#4696,.F.);
#4696 = EDGE_CURVE('',#4540,#3906,#4697,.T.);
#4697 = SEAM_CURVE('',#4698,(#4702,#4709),.PCURVE_S1.);
#4698 = LINE('',#4699,#4700);
#4699 = CARTESIAN_POINT('',(43.415157758031,45.596244259277,12.5));
#4700 = VECTOR('',#4701,1.);
#4701 = DIRECTION('',(-0.657298950869,-0.753629941806,
    -1.072694344277E-32));
#4702 = PCURVE('',#4003,#4703);
#4703 = DEFINITIONAL_REPRESENTATION('',(#4704),#4708);
#4704 = LINE('',#4705,#4706);
#4705 = CARTESIAN_POINT('',(6.28318530718,-0.));
#4706 = VECTOR('',#4707,1.);
#4707 = DIRECTION('',(0.,1.));
#4708 = ( GEOMETRIC_REPRESENTATION_CONTEXT(2) 
PARAMETRIC_REPRESENTATION_CONTEXT() REPRESENTATION_CONTEXT('2D SPACE',''
  ) );
#4709 = PCURVE('',#4003,#4710);
#4710 = DEFINITIONAL_REPRESENTATION('',(#4711),#4715);
#4711 = LINE('',#4712,#4713);
#4712 = CARTESIAN_POINT('',(0.,-0.));
#4713 = VECTOR('',#4714,1.);
#4714 = DIRECTION('',(0.,1.));
#4715 = ( GEOMETRIC_REPRESENTATION_CONTEXT(2) 
PARAMETRIC_REPRESENTATION_CONTEXT() REPRESENTATION_CONTEXT('2D SPACE',''
  ) );
#4716 = ORIENTED_EDGE('',*,*,#4539,.T.);
#4717 = ORIENTED_EDGE('',*,*,#4696,.T.);
#4718 = ADVANCED_FACE('',(#4719),#4156,.F.);
#4719 = FACE_BOUND('',#4720,.F.);
#4720 = EDGE_LOOP('',(#4721,#4722,#4743,#4744));
#4721 = ORIENTED_EDGE('',*,*,#4058,.F.);
#4722 = ORIENTED_EDGE('',*,*,#4723,.F.);
#4723 = EDGE_CURVE('',#4600,#4059,#4724,.T.);
#4724 = SEAM_CURVE('',#4725,(#4729,#4736),.PCURVE_S1.);
#4725 = LINE('',#4726,#4727);
#4726 = CARTESIAN_POINT('',(-47.69898311083,41.726298739053,12.5));
#4727 = VECTOR('',#4728,1.);
#4728 = DIRECTION('',(0.683199847777,-0.730231448239,2.401648174041E-33)
  );
#4729 = PCURVE('',#4156,#4730);
#4730 = DEFINITIONAL_REPRESENTATION('',(#4731),#4735);
#4731 = LINE('',#4732,#4733);
#4732 = CARTESIAN_POINT('',(6.28318530718,-0.));
#4733 = VECTOR('',#4734,1.);
#4734 = DIRECTION('',(0.,1.));
#4735 = ( GEOMETRIC_REPRESENTATION_CONTEXT(2) 
PARAMETRIC_REPRESENTATION_CONTEXT() REPRESENTATION_CONTEXT('2D SPACE',''
  ) );
#4736 = PCURVE('',#4156,#4737);
#4737 = DEFINITIONAL_REPRESENTATION('',(#4738),#4742);
#4738 = LINE('',#4739,#4740);
#4739 = CARTESIAN_POINT('',(0.,-0.));
#4740 = VECTOR('',#4741,1.);
#4741 = DIRECTION('',(0.,1.));
#4742 = ( GEOMETRIC_REPRESENTATION_CONTEXT(2) 
PARAMETRIC_REPRESENTATION_CONTEXT() REPRESENTATION_CONTEXT('2D SPACE',''
  ) );
#4743 = ORIENTED_EDGE('',*,*,#4599,.T.);
#4744 = ORIENTED_EDGE('',*,*,#4723,.T.);
#4745 = ( GEOMETRIC_REPRESENTATION_CONTEXT(3) 
GLOBAL_UNCERTAINTY_ASSIGNED_CONTEXT((#4749)) 
GLOBAL_UNIT_ASSIGNED_CONTEXT((#4746,#4747,#4748)) REPRESENTATION_CONTEXT
('Context #1','3D Context with UNIT and UNCERTAINTY') );
#4746 = ( LENGTH_UNIT() NAMED_UNIT(*) SI_UNIT(.MILLI.,.METRE.) );
#4747 = ( NAMED_UNIT(*) PLANE_ANGLE_UNIT() SI_UNIT($,.RADIAN.) );
#4748 = ( NAMED_UNIT(*) SI_UNIT($,.STERADIAN.) SOLID_ANGLE_UNIT() );
#4749 = UNCERTAINTY_MEASURE_WITH_UNIT(LENGTH_MEASURE(1.E-07),#4746,
  'distance_accuracy_value','confusion accuracy');
#4750 = PRODUCT_RELATED_PRODUCT_CATEGORY('part',$,(#7));
ENDSEC;
END-ISO-10303-21;
